CÓDIGO SNIES DEL PROGRAMA;PROGRAMA ACADÉMICO ;PROGRAMA ACADÉMICO SIA;AÑO;SEMESTRE;EGRESADOS
4750;TECNOLOGIA EN ANALISIS DE COSTOS Y PRESUPUESTOS;ANALISIS DE COSTOS Y PRESUPUESTOS;2014;1;166
4750;TECNOLOGIA EN ANALISIS DE COSTOS Y PRESUPUESTOS;ANALISIS DE COSTOS Y PRESUPUESTOS - A DISTANCIA;2014;1;26
53800;TECNOLOGIA EN CALIDAD;CALIDAD;2014;1;60
4277;TECNOLOGIA EN CONSTRUCCION DE ACABADOS ARQUITECTONICOS;CONSTRUCCION DE ACABADOS ARQUITECTONICOS;2014;1;38
1518;TECNOLOGIA EN DISEÑO INDUSTRIAL;DISEÑO INDUSTRIAL;2014;1;77
2114;TECNOLOGIA EN ELECTROMECANICA;ELECTROMECANICA;2014;1;73
11085;TECNOLOGIA EN ELECTRONICA;ELECTRONICA;2014;1;41
55018;ESPECIALIZACION EN FINANZAS;ESPECIALIZACION EN FINANZAS;2014;1;10
55019;ESPECIALIZACION EN FORMULACION Y EVALUACION DE PROYECTOS;ESPECIALIZACION EN FORMULACION Y EVALUACION DE PROYECTOS;2014;1;38
15600;TECNOLOGIA EN GESTION ADMINISTRATIVA;GESTION ADMINISTRATIVA;2014;1;169
17720;TECNOLOGIA EN INFORMATICA MUSICAL;INFORMATICA MUSICAL;2014;1;33
53340;INGENIERIA BIOMEDICA;INGENIERIA BIOMEDICA;2014;1;45
52131;INGENIERIA DE PRODUCCION;INGENIERIA DE PRODUCCION;2014;1;77
52205;INGENIERIA DE SISTEMAS;INGENIERIA DE SISTEMAS;2014;1;85
52299;INGENIERIA DE TELECOMUNICACIONES;INGENIERIA DE TELECOMUNICACIONES;2014;1;94
52130;INGENIERIA ELECTROMECANICA;INGENIERIA ELECTROMECANICA;2014;1;60
52129;INGENIERIA ELECTRONICA;INGENIERIA ELECTRONICA;2014;1;40
52272;INGENIERIA EN DISEÑO INDUSTRIAL;INGENIERIA EN DISEÑO INDUSTRIAL CICLO COMPLEMENTARIO;2014;1;36
52204;INGENIERIA FINANCIERA Y DE NEGOCIOS;INGENIERIA FINANCIERA Y DE NEGOCIOS;2014;1;117
53892;MAESTRIA EN AUTOMATIZACION Y CONTROL INDUSTRIAL;MAESTRIA EN AUTOMATIZACION Y CONTROL INDUSTRIAL;2014;1;10
53798;MAESTRIA EN GESTION ENERGETICA INDUSTRIAL;MAESTRIA EN GESTION ENERGETICA INDUSTRIAL;2014;1;5
9466;TECNOLOGIA EN MANTENIMIENTO DE EQUIPO BIOMEDICO;MANTENIMIENTO DE EQUIPO BIOMEDICO;2014;1;40
6536;TECNOLOGIA EN PRODUCCION;PRODUCCION;2014;1;126
8485;TECNOLOGIA EN SISTEMAS DE INFORMACION;SISTEMAS DE INFORMACION;2014;1;108
6537;TECNOLOGIA EN TELECOMUNICACIONES;TELECOMUNICACIONES;2014;1;73
55072;ADMINISTRACION TECNOLOGICA;ADMINISTRACION TECNOLOGICA;2014;2;4
4750;TECNOLOGIA EN ANALISIS DE COSTOS Y PRESUPUESTOS;ANALISIS DE COSTOS Y PRESUPUESTOS;2014;2;168
4750;ANALISIS DE COSTOS Y PRESUPUESTOS;ANALISIS DE COSTOS Y PRESUPUESTOS - A DISTANCIA;2014;2;8
53800;TECNOLOGIA EN CALIDAD;CALIDAD;2014;2;47
4277;TECNOLOGIA EN CONSTRUCCION DE ACABADOS ARQUITECTONICOS;CONSTRUCCION DE ACABADOS ARQUITECTONICOS;2014;2;26
1518;TECNOLOGIA EN DISEÑO INDUSTRIAL;DISEÑO INDUSTRIAL;2014;2;64
2114;TECNOLOGIA EN ELECTROMECANICA;ELECTROMECANICA;2014;2;63
11085;TECNOLOGIA EN ELECTRONICA;ELECTRONICA;2014;2;30
55018;ESPECIALIZACION EN FINANZAS;ESPECIALIZACION EN FINANZAS;2014;2;2
55019;ESPECIALIZACION EN FORMULACION Y EVALUACION DE PROYECTOS;ESPECIALIZACION EN FORMULACION Y EVALUACION DE PROYECTOS;2014;2;37
107695;ESPECIALIZACION EN GESTION ENERGETICA INDUSTRIAL;ESPECIALIZACION EN GESTION ENERGETICA INDUSTRIAL;2014;2;7
15600;TECNOLOGIA EN GESTION ADMINISTRATIVA;GESTION ADMINISTRATIVA;2014;2;253
17720;TECNOLOGIA EN INFORMATICA MUSICAL;INFORMATICA MUSICAL;2014;2;28
53340;INGENIERIA BIOMEDICA;INGENIERIA BIOMEDICA;2014;2;30
52131;INGENIERIA DE PRODUCCION;INGENIERIA DE PRODUCCION;2014;2;88
52205;INGENIERIA DE SISTEMAS;INGENIERIA DE SISTEMAS;2014;2;44
52299;INGENIERIA DE TELECOMUNICACIONES;INGENIERIA DE TELECOMUNICACIONES;2014;2;51
52130;INGENIERIA ELECTROMECANICA;INGENIERIA ELECTROMECANICA;2014;2;46
52129;INGENIERIA ELECTRONICA;INGENIERIA ELECTRONICA;2014;2;20
52272;INGENIERIA EN DISEÑO INDUSTRIAL;INGENIERIA EN DISEÑO INDUSTRIAL CICLO COMPLEMENTARIO;2014;2;32
52204;INGENIERIA FINANCIERA Y DE NEGOCIOS;INGENIERIA FINANCIERA Y DE NEGOCIOS;2014;2;128
53892;MAESTRIA EN AUTOMATIZACION Y CONTROL INDUSTRIAL;MAESTRIA EN AUTOMATIZACION Y CONTROL INDUSTRIAL;2014;2;2
53798;MAESTRIA EN GESTION ENERGETICA INDUSTRIAL;MAESTRIA EN GESTION ENERGETICA INDUSTRIAL;2014;2;1
9466;TECNOLOGIA EN MANTENIMIENTO DE EQUIPO BIOMEDICO;MANTENIMIENTO DE EQUIPO BIOMEDICO;2014;2;29
6536;TECNOLOGIA EN PRODUCCION;PRODUCCION;2014;2;117
8485;TECNOLOGIA EN SISTEMAS DE INFORMACION;SISTEMAS DE INFORMACION;2014;2;76
6537;TECNOLOGIA EN TELECOMUNICACIONES;TELECOMUNICACIONES;2014;2;87
55072;ADMINISTRACION TECNOLOGICA;ADMINISTRACION TECNOLOGICA;2015;1;7
4750;TECNOLOGIA EN ANALISIS DE COSTOS Y PRESUPUESTOS;ANALISIS DE COSTOS Y PRESUPUESTOS;2015;1;128
4750;ANALISIS DE COSTOS Y PRESUPUESTOS;ANALISIS DE COSTOS Y PRESUPUESTOS - A DISTANCIA;2015;1;5
53800;TECNOLOGIA EN CALIDAD;CALIDAD;2015;1;48
4277;TECNOLOGIA EN CONSTRUCCION DE ACABADOS ARQUITECTONICOS;CONSTRUCCION DE ACABADOS ARQUITECTONICOS;2015;1;31
1518;TECNOLOGIA EN DISEÑO INDUSTRIAL;DISEÑO INDUSTRIAL;2015;1;39
2114;TECNOLOGIA EN ELECTROMECANICA;ELECTROMECANICA;2015;1;70
11085;TECNOLOGIA EN ELECTRONICA;ELECTRONICA;2015;1;33
55018;ESPECIALIZACION EN FINANZAS;ESPECIALIZACION EN FINANZAS;2015;1;13
55019;ESPECIALIZACION EN FORMULACION Y EVALUACION DE PROYECTOS;ESPECIALIZACION EN FORMULACION Y EVALUACION DE PROYECTOS;2015;1;45
107695;ESPECIALIZACION EN GESTION ENERGETICA INDUSTRIAL;ESPECIALIZACION EN GESTION ENERGETICA INDUSTRIAL;2015;1;1
15600;TECNOLOGIA EN GESTION ADMINISTRATIVA;GESTION ADMINISTRATIVA;2015;1;188
17720;TECNOLOGIA EN INFORMATICA MUSICAL;INFORMATICA MUSICAL;2015;1;8
53340;INGENIERIA BIOMEDICA;INGENIERIA BIOMEDICA;2015;1;17
52131;INGENIERIA DE PRODUCCION;INGENIERIA DE PRODUCCION;2015;1;142
52205;INGENIERIA DE SISTEMAS;INGENIERIA DE SISTEMAS;2015;1;29
52299;INGENIERIA DE TELECOMUNICACIONES;INGENIERIA DE TELECOMUNICACIONES;2015;1;32
52130;INGENIERIA ELECTROMECANICA;INGENIERIA ELECTROMECANICA;2015;1;39
52129;INGENIERIA ELECTRONICA;INGENIERIA ELECTRONICA;2015;1;18
52272;INGENIERIA EN DISEÑO INDUSTRIAL;INGENIERIA EN DISEÑO INDUSTRIAL CICLO COMPLEMENTARIO;2015;1;36
52204;INGENIERIA FINANCIERA Y DE NEGOCIOS;INGENIERIA FINANCIERA Y DE NEGOCIOS;2015;1;113
53892;MAESTRIA EN AUTOMATIZACION Y CONTROL INDUSTRIAL;MAESTRIA EN AUTOMATIZACION Y CONTROL INDUSTRIAL;2015;1;3
101804;MAESTRIA EN ESTUDIOS DE CIENCIA, TECNOLOGIA, SOCIEDAD E INNOVACION;MAESTRIA EN ESTUDIOS DE CTS E INNOVACION - PRESENCIAL;2015;1;1
53798;MAESTRIA EN GESTION ENERGETICA INDUSTRIAL;MAESTRIA EN GESTION ENERGETICA INDUSTRIAL;2015;1;4
9466;TECNOLOGIA EN MANTENIMIENTO DE EQUIPO BIOMEDICO;MANTENIMIENTO DE EQUIPO BIOMEDICO;2015;1;29
6536;TECNOLOGIA EN PRODUCCION;PRODUCCION;2015;1;105
8485;TECNOLOGIA EN SISTEMAS DE INFORMACION;SISTEMAS DE INFORMACION;2015;1;98
6537;TECNOLOGIA EN TELECOMUNICACIONES;TELECOMUNICACIONES;2015;1;87
55072;ADMINISTRACION TECNOLOGICA;ADMINISTRACION TECNOLOGICA;2015;2;30
4750;TECNOLOGIA EN ANALISIS DE COSTOS Y PRESUPUESTOS;ANALISIS DE COSTOS Y PRESUPUESTOS;2015;2;166
4750;ANALISIS DE COSTOS Y PRESUPUESTOS;ANALISIS DE COSTOS Y PRESUPUESTOS - A DISTANCIA;2015;2;4
90355;ARTES VISUALES;ARTES VISUALES;2015;2;7
53800;TECNOLOGIA EN CALIDAD;CALIDAD;2015;2;32
4277;TECNOLOGIA EN CONSTRUCCION DE ACABADOS ARQUITECTONICOS;CONSTRUCCION DE ACABADOS ARQUITECTONICOS;2015;2;35
1518;TECNOLOGIA EN DISEÑO INDUSTRIAL;DISEÑO INDUSTRIAL;2015;2;33
2114;TECNOLOGIA EN ELECTROMECANICA;ELECTROMECANICA;2015;2;49
11085;TECNOLOGIA EN ELECTRONICA;ELECTRONICA;2015;2;19
55018;ESPECIALIZACION EN FINANZAS;ESPECIALIZACION EN FINANZAS;2015;2;15
55019;ESPECIALIZACION EN FORMULACION Y EVALUACION DE PROYECTOS;ESPECIALIZACION EN FORMULACION Y EVALUACION DE PROYECTOS;2015;2;62
15600;TECNOLOGIA EN GESTION ADMINISTRATIVA;GESTION ADMINISTRATIVA;2015;2;154
17720;TECNOLOGIA EN INFORMATICA MUSICAL;INFORMATICA MUSICAL;2015;2;12
53340;INGENIERIA BIOMEDICA;INGENIERIA BIOMEDICA;2015;2;58
52131;INGENIERIA DE PRODUCCION;INGENIERIA DE PRODUCCION;2015;2;68
52205;INGENIERIA DE SISTEMAS;INGENIERIA DE SISTEMAS;2015;2;27
52299;INGENIERIA DE TELECOMUNICACIONES;INGENIERIA DE TELECOMUNICACIONES;2015;2;30
52130;INGENIERIA ELECTROMECANICA;INGENIERIA ELECTROMECANICA;2015;2;34
52129;INGENIERIA ELECTRONICA;INGENIERIA ELECTRONICA;2015;2;17
52272;INGENIERIA EN DISEÑO INDUSTRIAL;INGENIERIA EN DISEÑO INDUSTRIAL CICLO COMPLEMENTARIO;2015;2;36
52204;INGENIERIA FINANCIERA Y DE NEGOCIOS;INGENIERIA FINANCIERA Y DE NEGOCIOS;2015;2;89
90442;INGENIERIA MECATRONICA;INGENIERIA MECATRONICA;2015;2;5
53892;MAESTRIA EN AUTOMATIZACION Y CONTROL INDUSTRIAL;MAESTRIA EN AUTOMATIZACION Y CONTROL INDUSTRIAL;2015;2;5
101804;MAESTRIA EN ESTUDIOS DE CIENCIA, TECNOLOGIA, SOCIEDAD E INNOVACION;MAESTRIA EN ESTUDIOS DE CTS E INNOVACION - PRESENCIAL;2015;2;1
101977;MAESTRIA EN GESTION DE LA INNOVACION TECNOLOGICA, COOPERACION Y DESARROLLO REGIONAL;MAESTRIA EN GESTION DE LA INNOVACION TECNOLOGICA COOPERACION Y DESARROLLO REGIONAL;2015;2;3
53798;MAESTRIA EN GESTION ENERGETICA INDUSTRIAL;MAESTRIA EN GESTION ENERGETICA INDUSTRIAL;2015;2;2
9466;TECNOLOGIA EN MANTENIMIENTO DE EQUIPO BIOMEDICO;MANTENIMIENTO DE EQUIPO BIOMEDICO;2015;2;29
6536;TECNOLOGIA EN PRODUCCION;PRODUCCION;2015;2;108
8485;TECNOLOGIA EN SISTEMAS DE INFORMACION;SISTEMAS DE INFORMACION;2015;2;93
6537;TECNOLOGIA EN TELECOMUNICACIONES;TELECOMUNICACIONES;2015;2;60
55072;ADMINISTRACION TECNOLOGICA;ADMINISTRACION TECNOLOGICA;2016;1;37
4750;TECNOLOGIA EN ANALISIS DE COSTOS Y PRESUPUESTOS;ANALISIS DE COSTOS Y PRESUPUESTOS;2016;1;157
4750;ANALISIS DE COSTOS Y PRESUPUESTOS;ANALISIS DE COSTOS Y PRESUPUESTOS - A DISTANCIA;2016;1;8
90355;ARTES VISUALES;ARTES VISUALES;2016;1;3
53800;TECNOLOGIA EN CALIDAD;CALIDAD;2016;1;44
4277;TECNOLOGIA EN CONSTRUCCION DE ACABADOS ARQUITECTONICOS;CONSTRUCCION DE ACABADOS ARQUITECTONICOS;2016;1;23
1518;TECNOLOGIA EN DISEÑO INDUSTRIAL;DISEÑO INDUSTRIAL;2016;1;55
2114;TECNOLOGIA EN ELECTROMECANICA;ELECTROMECANICA;2016;1;35
11085;TECNOLOGIA EN ELECTRONICA;ELECTRONICA;2016;1;19
55018;ESPECIALIZACION EN FINANZAS;ESPECIALIZACION EN FINANZAS;2016;1;17
55019;ESPECIALIZACION EN FORMULACION Y EVALUACION DE PROYECTOS;ESPECIALIZACION EN FORMULACION Y EVALUACION DE PROYECTOS;2016;1;75
15600;TECNOLOGIA EN GESTION ADMINISTRATIVA;GESTION ADMINISTRATIVA;2016;1;188
17720;TECNOLOGIA EN INFORMATICA MUSICAL;INFORMATICA MUSICAL;2016;1;13
53340;INGENIERIA BIOMEDICA;INGENIERIA BIOMEDICA;2016;1;53
52131;INGENIERIA DE PRODUCCION;INGENIERIA DE PRODUCCION;2016;1;60
52205;INGENIERIA DE SISTEMAS;INGENIERIA DE SISTEMAS;2016;1;21
52299;INGENIERIA DE TELECOMUNICACIONES;INGENIERIA DE TELECOMUNICACIONES;2016;1;26
52130;INGENIERIA ELECTROMECANICA;INGENIERIA ELECTROMECANICA;2016;1;33
52129;INGENIERIA ELECTRONICA;INGENIERIA ELECTRONICA;2016;1;9
52272;INGENIERIA EN DISEÑO INDUSTRIAL ;INGENIERIA EN DISEÑO INDUSTRIAL CICLO COMPLEMENTARIO;2016;1;48
52204;INGENIERIA FINANCIERA Y DE NEGOCIOS;INGENIERIA FINANCIERA Y DE NEGOCIOS;2016;1;67
90442;INGENIERIA MECATRONICA;INGENIERIA MECATRONICA;2016;1;3
53892;MAESTRIA EN AUTOMATIZACION Y CONTROL INDUSTRIAL;MAESTRIA EN AUTOMATIZACION Y CONTROL INDUSTRIAL;2016;1;5
101804;MAESTRIA EN ESTUDIOS DE CIENCIA, TECNOLOGIA, SOCIEDAD E INNOVACION;MAESTRIA EN ESTUDIOS DE CTS E INNOVACION - PRESENCIAL;2016;1;3
101977;MAESTRIA EN GESTION DE LA INNOVACION TECNOLOGICA, COOPERACION Y DESARROLLO REGIONAL;MAESTRIA EN GESTION DE LA INNOVACION TECNOLOGICA COOPERACION Y DESARROLLO REGIONAL;2016;1;2
53798;MAESTRIA EN GESTION ENERGETICA INDUSTRIAL;MAESTRIA EN GESTION ENERGETICA INDUSTRIAL;2016;1;1
9466;TECNOLOGIA EN MANTENIMIENTO DE EQUIPO BIOMEDICO;MANTENIMIENTO DE EQUIPO BIOMEDICO;2016;1;15
6536;TECNOLOGIA EN PRODUCCION;PRODUCCION;2016;1;123
8485;TECNOLOGIA EN SISTEMAS DE INFORMACION;SISTEMAS DE INFORMACION;2016;1;66
6537;TECNOLOGIA EN TELECOMUNICACIONES;TELECOMUNICACIONES;2016;1;47
55072;ADMINISTRACION TECNOLOGICA;ADMINISTRACION TECNOLOGICA;2016;2;41
4750;TECNOLOGIA EN ANALISIS DE COSTOS Y PRESUPUESTOS;ANALISIS DE COSTOS Y PRESUPUESTOS;2016;2;164
4750;ANALISIS DE COSTOS Y PRESUPUESTOS;ANALISIS DE COSTOS Y PRESUPUESTOS - A DISTANCIA;2016;2;1
90355;ARTES VISUALES;ARTES VISUALES;2016;2;5
53800;TECNOLOGIA EN CALIDAD;CALIDAD;2016;2;32
4277;TECNOLOGIA EN CONSTRUCCION DE ACABADOS ARQUITECTONICOS;CONSTRUCCION DE ACABADOS ARQUITECTONICOS;2016;2;40
1518;TECNOLOGIA EN DISEÑO INDUSTRIAL;DISEÑO INDUSTRIAL;2016;2;45
2114;TECNOLOGIA EN ELECTROMECANICA;ELECTROMECANICA;2016;2;37
11085;TECNOLOGIA EN ELECTRONICA;ELECTRONICA;2016;2;31
55018;ESPECIALIZACION EN FINANZAS;ESPECIALIZACION EN FINANZAS;2016;2;28
55019;ESPECIALIZACION EN FORMULACION Y EVALUACION DE PROYECTOS;ESPECIALIZACION EN FORMULACION Y EVALUACION DE PROYECTOS;2016;2;59
15600;TECNOLOGIA EN GESTION ADMINISTRATIVA;GESTION ADMINISTRATIVA;2016;2;257
17720;TECNOLOGIA EN INFORMATICA MUSICAL;INFORMATICA MUSICAL;2016;2;12
53340;INGENIERIA BIOMEDICA;INGENIERIA BIOMEDICA;2016;2;34
52131;INGENIERIA DE PRODUCCION;INGENIERIA DE PRODUCCION;2016;2;53
52205;INGENIERIA DE SISTEMAS;INGENIERIA DE SISTEMAS;2016;2;49
52299;INGENIERIA DE TELECOMUNICACIONES;INGENIERIA DE TELECOMUNICACIONES;2016;2;15
52130;INGENIERIA ELECTROMECANICA;INGENIERIA ELECTROMECANICA;2016;2;37
52129;INGENIERIA ELECTRONICA;INGENIERIA ELECTRONICA;2016;2;24
52272;INGENIERIA EN DISEÑO INDUSTRIAL;INGENIERIA EN DISEÑO INDUSTRIAL CICLO COMPLEMENTARIO;2016;2;25
52204;INGENIERIA FINANCIERA Y DE NEGOCIOS;INGENIERIA FINANCIERA Y DE NEGOCIOS;2016;2;57
90442;INGENIERIA MECATRONICA;INGENIERIA MECATRONICA;2016;2;12
53892;MAESTRIA EN AUTOMATIZACION Y CONTROL INDUSTRIAL;MAESTRIA EN AUTOMATIZACION Y CONTROL INDUSTRIAL;2016;2;5
101804;MAESTRIA EN ESTUDIOS DE CIENCIA, TECNOLOGIA, SOCIEDAD E INNOVACION;MAESTRIA EN ESTUDIOS DE CTS E INNOVACION - PRESENCIAL;2016;2;1
101977;MAESTRIA EN GESTION DE LA INNOVACION TECNOLOGICA, COOPERACION Y DESARROLLO REGIONAL;MAESTRIA EN GESTION DE LA INNOVACION TECNOLOGICA COOPERACION Y DESARROLLO REGIONAL;2016;2;2
53798;MAESTRIA EN GESTION ENERGETICA INDUSTRIAL;MAESTRIA EN GESTION ENERGETICA INDUSTRIAL;2016;2;2
9466;TECNOLOGIA EN MANTENIMIENTO DE EQUIPO BIOMEDICO;MANTENIMIENTO DE EQUIPO BIOMEDICO;2016;2;24
6536;TECNOLOGIA EN PRODUCCION;PRODUCCION;2016;2;127
8485;TECNOLOGIA EN SISTEMAS DE INFORMACION;SISTEMAS DE INFORMACION;2016;2;72
6537;TECNOLOGIA EN TELECOMUNICACIONES;TELECOMUNICACIONES;2016;2;76
55072;ADMINISTRACION TECNOLOGICA;ADMINISTRACION TECNOLOGICA;2017;1;30
4750;TECNOLOGIA EN ANALISIS DE COSTOS Y PRESUPUESTOS;ANALISIS DE COSTOS Y PRESUPUESTOS;2017;1;183
90355;ARTES VISUALES;ARTES VISUALES;2017;1;5
53800;TECNOLOGIA EN CALIDAD;CALIDAD;2017;1;34
4277;TECNOLOGIA EN CONSTRUCCION DE ACABADOS ARQUITECTONICOS;CONSTRUCCION DE ACABADOS ARQUITECTONICOS;2017;1;32
1518;TECNOLOGIA EN DISEÑO INDUSTRIAL;DISEÑO INDUSTRIAL;2017;1;31
2114;TECNOLOGIA EN ELECTROMECANICA;ELECTROMECANICA;2017;1;63
11085;TECNOLOGIA EN ELECTRONICA;ELECTRONICA;2017;1;34
55018;ESPECIALIZACION EN FINANZAS;ESPECIALIZACION EN FINANZAS;2017;1;8
55019;ESPECIALIZACION EN FORMULACION Y EVALUACION DE PROYECTOS;ESPECIALIZACION EN FORMULACION Y EVALUACION DE PROYECTOS;2017;1;63
107695;ESPECIALIZACION EN GESTION ENERGETICA INDUSTRIAL;ESPECIALIZACION EN GESTION ENERGETICA INDUSTRIAL;2017;1;1
15600;TECNOLOGIA EN GESTION ADMINISTRATIVA;GESTION ADMINISTRATIVA;2017;1;232
17720;TECNOLOGIA EN INFORMATICA MUSICAL;INFORMATICA MUSICAL;2017;1;20
53340;INGENIERIA BIOMEDICA;INGENIERIA BIOMEDICA;2017;1;59
52131;INGENIERIA DE PRODUCCION;INGENIERIA DE PRODUCCION;2017;1;72
52205;INGENIERIA DE SISTEMAS;INGENIERIA DE SISTEMAS;2017;1;29
52299;INGENIERIA DE TELECOMUNICACIONES;INGENIERIA DE TELECOMUNICACIONES;2017;1;44
52130;INGENIERIA ELECTROMECANICA;INGENIERIA ELECTROMECANICA;2017;1;52
52129;INGENIERIA ELECTRONICA;INGENIERIA ELECTRONICA;2017;1;24
52272;INGENIERIA EN DISEÑO INDUSTRIAL;INGENIERIA EN DISEÑO INDUSTRIAL CICLO COMPLEMENTARIO;2017;1;27
52204;INGENIERIA FINANCIERA Y DE NEGOCIOS;INGENIERIA FINANCIERA Y DE NEGOCIOS;2017;1;68
90442;INGENIERIA MECATRONICA;INGENIERIA MECATRONICA;2017;1;20
101804;MAESTRIA EN ESTUDIOS DE CIENCIA, TECNOLOGIA, SOCIEDAD E INNOVACION;MAESTRIA EN ESTUDIOS DE CTS E INNOVACION - PRESENCIAL;2017;1;9
101977;MAESTRIA EN GESTION DE LA INNOVACION TECNOLOGICA, COOPERACION Y DESARROLLO REGIONAL;MAESTRIA EN GESTION DE LA INNOVACION TECNOLOGICA COOPERACION Y DESARROLLO REGIONAL;2017;1;5
53798;MAESTRIA EN GESTION ENERGETICA INDUSTRIAL;MAESTRIA EN GESTION ENERGETICA INDUSTRIAL;2017;1;3
9466;TECNOLOGIA EN MANTENIMIENTO DE EQUIPO BIOMEDICO;MANTENIMIENTO DE EQUIPO BIOMEDICO;2017;1;13
6536;TECNOLOGIA EN PRODUCCION;PRODUCCION;2017;1;103
8485;TECNOLOGIA EN SISTEMAS DE INFORMACION;SISTEMAS DE INFORMACION;2017;1;93
6537;TECNOLOGIA EN TELECOMUNICACIONES;TELECOMUNICACIONES;2017;1;61
55072;ADMINISTRACION TECNOLOGICA;ADMINISTRACION TECNOLOGICA;2017;2;46
4750;TECNOLOGIA EN ANALISIS DE COSTOS Y PRESUPUESTOS;ANALISIS DE COSTOS Y PRESUPUESTOS;2017;2;168
90355;ARTES VISUALES;ARTES VISUALES;2017;2;13
53800;TECNOLOGIA EN CALIDAD;CALIDAD;2017;2;18
4277;TECNOLOGIA EN CONSTRUCCION DE ACABADOS ARQUITECTONICOS;CONSTRUCCION DE ACABADOS ARQUITECTONICOS;2017;2;19
1518;TECNOLOGIA EN DISEÑO INDUSTRIAL;DISEÑO INDUSTRIAL;2017;2;47
2114;TECNOLOGIA EN ELECTROMECANICA;ELECTROMECANICA;2017;2;59
11085;TECNOLOGIA EN ELECTRONICA;ELECTRONICA;2017;2;35
55018;ESPECIALIZACION EN FINANZAS;ESPECIALIZACION EN FINANZAS;2017;2;18
55019;ESPECIALIZACION EN FORMULACION Y EVALUACION DE PROYECTOS;ESPECIALIZACION EN FORMULACION Y EVALUACION DE PROYECTOS;2017;2;73
55105;FISICA;FISICA;2017;2;2
15600;TECNOLOGIA EN GESTION ADMINISTRATIVA;GESTION ADMINISTRATIVA;2017;2;211
17720;TECNOLOGIA EN INFORMATICA MUSICAL;INFORMATICA MUSICAL;2017;2;24
53340;INGENIERIA BIOMEDICA;INGENIERIA BIOMEDICA;2017;2;45
52131;INGENIERIA DE PRODUCCION;INGENIERIA DE PRODUCCION;2017;2;62
52205;INGENIERIA DE SISTEMAS;INGENIERIA DE SISTEMAS;2017;2;35
52299;INGENIERIA DE TELECOMUNICACIONES;INGENIERIA DE TELECOMUNICACIONES;2017;2;18
52130;INGENIERIA ELECTROMECANICA;INGENIERIA ELECTROMECANICA;2017;2;50
52129;INGENIERIA ELECTRONICA;INGENIERIA ELECTRONICA;2017;2;17
52272;INGENIERIA EN DISEÑO INDUSTRIAL;INGENIERIA EN DISEÑO INDUSTRIAL;2017;2;3
52272;INGENIERIA EN DISEÑO INDUSTRIAL;INGENIERIA EN DISEÑO INDUSTRIAL CICLO COMPLEMENTARIO;2017;2;20
52204;INGENIERIA FINANCIERA Y DE NEGOCIOS;INGENIERIA FINANCIERA Y DE NEGOCIOS;2017;2;49
90442;INGENIERIA MECATRONICA;INGENIERIA MECATRONICA;2017;2;21
53892;MAESTRIA EN AUTOMATIZACION Y CONTROL INDUSTRIAL;MAESTRIA EN AUTOMATIZACION Y CONTROL INDUSTRIAL;2017;2;1
104905;MAESTRIA EN CIENCIAS: INNOVACION EN EDUCACION;MAESTRIA EN CIENCIAS: INNOVACION EN EDUCACION;2017;2;12
102977;MAESTRIA EN DESARROLLO SOSTENIBLE;MAESTRIA EN DESARROLLO SOSTENIBLE;2017;2;2
101804;MAESTRIA EN ESTUDIOS DE CIENCIA, TECNOLOGIA, SOCIEDAD E INNOVACION;MAESTRIA EN ESTUDIOS DE CTS E INNOVACION - PRESENCIAL;2017;2;1
101977;MAESTRIA EN GESTION DE LA INNOVACION TECNOLOGICA, COOPERACION Y DESARROLLO REGIONAL;MAESTRIA EN GESTION DE LA INNOVACION TECNOLOGICA COOPERACION Y DESARROLLO REGIONAL;2017;2;4
53798;MAESTRIA EN GESTION ENERGETICA INDUSTRIAL;MAESTRIA EN GESTION ENERGETICA INDUSTRIAL;2017;2;3
9466;TECNOLOGIA EN MANTENIMIENTO DE EQUIPO BIOMEDICO;MANTENIMIENTO DE EQUIPO BIOMEDICO;2017;2;19
6536;TECNOLOGIA EN PRODUCCION;PRODUCCION;2017;2;90
8485;TECNOLOGIA EN SISTEMAS DE INFORMACION;SISTEMAS DE INFORMACION;2017;2;108
6537;TECNOLOGIA EN TELECOMUNICACIONES;TELECOMUNICACIONES;2017;2;56
55072;ADMINISTRACION TECNOLOGICA;ADMINISTRACION TECNOLOGICA;2018;1;57
4750;TECNOLOGIA EN ANALISIS DE COSTOS Y PRESUPUESTOS;ANALISIS DE COSTOS Y PRESUPUESTOS;2018;1;175
90355;ARTES VISUALES;ARTES VISUALES;2018;1;14
53800;TECNOLOGIA EN CALIDAD;CALIDAD;2018;1;29
4277;TECNOLOGIA EN CONSTRUCCION DE ACABADOS ARQUITECTONICOS;CONSTRUCCION DE ACABADOS ARQUITECTONICOS;2018;1;45
1518;TECNOLOGIA EN DISEÑO INDUSTRIAL;DISEÑO INDUSTRIAL;2018;1;41
2114;TECNOLOGIA EN ELECTROMECANICA;ELECTROMECANICA;2018;1;35
11085;TECNOLOGIA EN ELECTRONICA;ELECTRONICA;2018;1;32
55018;ESPECIALIZACION EN FINANZAS;ESPECIALIZACION EN FINANZAS;2018;1;26
55019;ESPECIALIZACION EN FORMULACION Y EVALUACION DE PROYECTOS;ESPECIALIZACION EN FORMULACION Y EVALUACION DE PROYECTOS;2018;1;85
55105;FISICA;FISICA;2018;1;2
15600;TECNOLOGIA EN GESTION ADMINISTRATIVA;GESTION ADMINISTRATIVA;2018;1;256
17720;TECNOLOGIA EN INFORMATICA MUSICAL;INFORMATICA MUSICAL;2018;1;9
53340;INGENIERIA BIOMEDICA;INGENIERIA BIOMEDICA;2018;1;63
52131;INGENIERIA DE PRODUCCION;INGENIERIA DE PRODUCCION;2018;1;57
52205;INGENIERIA DE SISTEMAS;INGENIERIA DE SISTEMAS;2018;1;61
52299;INGENIERIA DE TELECOMUNICACIONES;INGENIERIA DE TELECOMUNICACIONES;2018;1;12
52130;INGENIERIA ELECTROMECANICA;INGENIERIA ELECTROMECANICA;2018;1;57
52129;INGENIERIA ELECTRONICA;INGENIERIA ELECTRONICA;2018;1;17
52272;INGENIERIA EN DISEÑO INDUSTRIAL;INGENIERIA EN DISEÑO INDUSTRIAL;2018;1;14
52272;INGENIERIA EN DISEÑO INDUSTRIAL;INGENIERIA EN DISEÑO INDUSTRIAL CICLO COMPLEMENTARIO;2018;1;9
52204;INGENIERIA FINANCIERA Y DE NEGOCIOS;INGENIERIA FINANCIERA Y DE NEGOCIOS;2018;1;74
90442;INGENIERIA MECATRONICA;INGENIERIA MECATRONICA;2018;1;20
53892;MAESTRIA EN AUTOMATIZACION Y CONTROL INDUSTRIAL;MAESTRIA EN AUTOMATIZACION Y CONTROL INDUSTRIAL;2018;1;8
104905;MAESTRIA EN CIENCIAS: INNOVACION EN EDUCACION;MAESTRIA EN CIENCIAS: INNOVACION EN EDUCACION;2018;1;5
102977;MAESTRIA EN DESARROLLO SOSTENIBLE;MAESTRIA EN DESARROLLO SOSTENIBLE;2018;1;1
101804;MAESTRIA EN ESTUDIOS DE CIENCIA, TECNOLOGIA, SOCIEDAD E INNOVACION;MAESTRIA EN ESTUDIOS DE CTS E INNOVACION - PRESENCIAL;2018;1;1
101977;MAESTRIA EN GESTION DE LA INNOVACION TECNOLOGICA, COOPERACION Y DESARROLLO REGIONAL;MAESTRIA EN GESTION DE LA INNOVACION TECNOLOGICA COOPERACION Y DESARROLLO REGIONAL;2018;1;6
53798;MAESTRIA EN GESTION ENERGETICA INDUSTRIAL;MAESTRIA EN GESTION ENERGETICA INDUSTRIAL;2018;1;2
104318;MAESTRIA EN INGENIERIA BIOMEDICA;MAESTRIA EN INGENIERIA BIOMEDICA;2018;1;2
9466;TECNOLOGIA EN MANTENIMIENTO DE EQUIPO BIOMEDICO;MANTENIMIENTO DE EQUIPO BIOMEDICO;2018;1;13
6536;TECNOLOGIA EN PRODUCCION;PRODUCCION;2018;1;79
8485;TECNOLOGIA EN SISTEMAS DE INFORMACION;SISTEMAS DE INFORMACION;2018;1;80
6537;TECNOLOGIA EN TELECOMUNICACIONES;TELECOMUNICACIONES;2018;1;40
55072;ADMINISTRACION TECNOLOGICA;ADMINISTRACION TECNOLOGICA;2018;2;58
4750;TECNOLOGIA EN ANALISIS DE COSTOS Y PRESUPUESTOS;ANALISIS DE COSTOS Y PRESUPUESTOS;2018;2;148
90355;ARTES VISUALES;ARTES VISUALES;2018;2;12
53800;TECNOLOGIA EN CALIDAD;CALIDAD;2018;2;44
4277;TECNOLOGIA EN CONSTRUCCION DE ACABADOS ARQUITECTONICOS;CONSTRUCCION DE ACABADOS ARQUITECTONICOS;2018;2;25
1518;TECNOLOGIA EN DISEÑO INDUSTRIAL;DISEÑO INDUSTRIAL;2018;2;29
2114;TECNOLOGIA EN ELECTROMECANICA;ELECTROMECANICA;2018;2;49
11085;TECNOLOGIA EN ELECTRONICA;ELECTRONICA;2018;2;30
55018;ESPECIALIZACION EN FINANZAS;ESPECIALIZACION EN FINANZAS;2018;2;26
55019;ESPECIALIZACION EN FORMULACION Y EVALUACION DE PROYECTOS;ESPECIALIZACION EN FORMULACION Y EVALUACION DE PROYECTOS;2018;2;74
55105;FISICA;FISICA;2018;2;2
15600;TECNOLOGIA EN GESTION ADMINISTRATIVA;GESTION ADMINISTRATIVA;2018;2;245
17720;TECNOLOGIA EN INFORMATICA MUSICAL;INFORMATICA MUSICAL;2018;2;19
53340;INGENIERIA BIOMEDICA;INGENIERIA BIOMEDICA;2018;2;73
52131;INGENIERIA DE PRODUCCION;INGENIERIA DE PRODUCCION;2018;2;73
52205;INGENIERIA DE SISTEMAS;INGENIERIA DE SISTEMAS;2018;2;58
52299;INGENIERIA DE TELECOMUNICACIONES;INGENIERIA DE TELECOMUNICACIONES;2018;2;43
52130;INGENIERIA ELECTROMECANICA;INGENIERIA ELECTROMECANICA;2018;2;59
52129;INGENIERIA ELECTRONICA;INGENIERIA ELECTRONICA;2018;2;28
52272;INGENIERIA EN DISEÑO INDUSTRIAL;INGENIERIA EN DISEÑO INDUSTRIAL;2018;2;17
52272;INGENIERIA EN DISEÑO INDUSTRIAL;INGENIERIA EN DISEÑO INDUSTRIAL CICLO COMPLEMENTARIO;2018;2;7
52204;INGENIERIA FINANCIERA Y DE NEGOCIOS;INGENIERIA FINANCIERA Y DE NEGOCIOS;2018;2;100
90442;INGENIERIA MECATRONICA;INGENIERIA MECATRONICA;2018;2;26
104740;MAESTRIA EN ARTES DIGITALES;MAESTRIA EN ARTES DIGITALES;2018;2;5
53892;MAESTRIA EN AUTOMATIZACION Y CONTROL INDUSTRIAL;MAESTRIA EN AUTOMATIZACION Y CONTROL INDUSTRIAL;2018;2;4
104905;MAESTRIA EN CIENCIAS: INNOVACION EN EDUCACION;MAESTRIA EN CIENCIAS: INNOVACION EN EDUCACION;2018;2;63
102977;MAESTRIA EN DESARROLLO SOSTENIBLE;MAESTRIA EN DESARROLLO SOSTENIBLE;2018;2;5
101804;MAESTRIA EN ESTUDIOS DE CIENCIA, TECNOLOGIA, SOCIEDAD E INNOVACION;MAESTRIA EN ESTUDIOS DE CTS E INNOVACION - PRESENCIAL;2018;2;7
101977;MAESTRIA EN GESTION DE LA INNOVACION TECNOLOGICA, COOPERACION Y DESARROLLO REGIONAL;MAESTRIA EN GESTION DE LA INNOVACION TECNOLOGICA COOPERACION Y DESARROLLO REGIONAL;2018;2;9
53798;MAESTRIA EN GESTION ENERGETICA INDUSTRIAL;MAESTRIA EN GESTION ENERGETICA INDUSTRIAL;2018;2;7
103841;MAESTRIA EN SEGURIDAD INFORMATICA;MAESTRIA EN SEGURIDAD INFORMATICA;2018;2;3
9466;TECNOLOGIA EN MANTENIMIENTO DE EQUIPO BIOMEDICO;MANTENIMIENTO DE EQUIPO BIOMEDICO;2018;2;15
6536;TECNOLOGIA EN PRODUCCION;PRODUCCION;2018;2;97
8485;TECNOLOGIA EN SISTEMAS DE INFORMACION;SISTEMAS DE INFORMACION;2018;2;86
6537;TECNOLOGIA EN TELECOMUNICACIONES;TELECOMUNICACIONES;2018;2;51
55072;ADMINISTRACION TECNOLOGICA;ADMINISTRACION TECNOLOGICA;2019;1;87
4750;TECNOLOGIA EN ANALISIS DE COSTOS Y PRESUPUESTOS;ANALISIS DE COSTOS Y PRESUPUESTOS;2019;1;22
90355;ARTES VISUALES;ARTES VISUALES;2019;1;9
53800;TECNOLOGIA EN CALIDAD;CALIDAD;2019;1;49
4277;TECNOLOGIA EN CONSTRUCCION DE ACABADOS ARQUITECTONICOS;CONSTRUCCION DE ACABADOS ARQUITECTONICOS;2019;1;31
1518;TECNOLOGIA EN DISEÑO INDUSTRIAL;DISEÑO INDUSTRIAL;2019;1;33
2114;TECNOLOGIA EN ELECTROMECANICA;ELECTROMECANICA;2019;1;21
11085;TECNOLOGIA EN ELECTRONICA;ELECTRONICA;2019;1;4
55018;ESPECIALIZACION EN FINANZAS;ESPECIALIZACION EN FINANZAS;2019;1;25
55019;ESPECIALIZACION EN FORMULACION Y EVALUACION DE PROYECTOS;ESPECIALIZACION EN FORMULACION Y EVALUACION DE PROYECTOS;2019;1;49
15600;TECNOLOGIA EN GESTION ADMINISTRATIVA;GESTION ADMINISTRATIVA;2019;1;231
17720;TECNOLOGIA EN INFORMATICA MUSICAL;INFORMATICA MUSICAL;2019;1;24
53340;INGENIERIA BIOMEDICA;INGENIERIA BIOMEDICA;2019;1;82
52131;INGENIERIA DE PRODUCCION;INGENIERIA DE PRODUCCION;2019;1;50
52205;INGENIERIA DE SISTEMAS;INGENIERIA DE SISTEMAS;2019;1;81
52299;INGENIERIA DE TELECOMUNICACIONES;INGENIERIA DE TELECOMUNICACIONES;2019;1;27
52130;INGENIERIA ELECTROMECANICA;INGENIERIA ELECTROMECANICA;2019;1;39
52129;INGENIERIA ELECTRONICA;INGENIERIA ELECTRONICA;2019;1;12
52272;INGENIERIA EN DISEÑO INDUSTRIAL;INGENIERIA EN DISEÑO INDUSTRIAL;2019;1;24
52272;INGENIERIA EN DISEÑO INDUSTRIAL;INGENIERIA EN DISEÑO INDUSTRIAL CICLO COMPLEMENTARIO;2019;1;3
52204;INGENIERIA FINANCIERA Y DE NEGOCIOS;INGENIERIA FINANCIERA Y DE NEGOCIOS;2019;1;72
90442;INGENIERIA MECATRONICA;INGENIERIA MECATRONICA;2019;1;27
104740;MAESTRIA EN ARTES DIGITALES;MAESTRIA EN ARTES DIGITALES;2019;1;2
53892;MAESTRIA EN AUTOMATIZACION Y CONTROL INDUSTRIAL;MAESTRIA EN AUTOMATIZACION Y CONTROL INDUSTRIAL;2019;1;3
104905;MAESTRIA EN CIENCIAS: INNOVACION EN EDUCACION;MAESTRIA EN CIENCIAS: INNOVACION EN EDUCACION;2019;1;23
102977;MAESTRIA EN DESARROLLO SOSTENIBLE;MAESTRIA EN DESARROLLO SOSTENIBLE;2019;1;4
101804;MAESTRIA EN ESTUDIOS DE CIENCIA, TECNOLOGIA, SOCIEDAD E INNOVACION;MAESTRIA EN ESTUDIOS DE CTS E INNOVACION - PRESENCIAL;2019;1;3
101977;MAESTRIA EN GESTION DE LA INNOVACION TECNOLOGICA, COOPERACION Y DESARROLLO REGIONAL;MAESTRIA EN GESTION DE LA INNOVACION TECNOLOGICA COOPERACION Y DESARROLLO REGIONAL;2019;1;2
53798;MAESTRIA EN GESTION ENERGETICA INDUSTRIAL;MAESTRIA EN GESTION ENERGETICA INDUSTRIAL;2019;1;5
104318;MAESTRIA EN INGENIERIA BIOMEDICA;MAESTRIA EN INGENIERIA BIOMEDICA;2019;1;2
103841;MAESTRIA EN SEGURIDAD INFORMATICA;MAESTRIA EN SEGURIDAD INFORMATICA;2019;1;1
9466;TECNOLOGIA EN MANTENIMIENTO DE EQUIPO BIOMEDICO;MANTENIMIENTO DE EQUIPO BIOMEDICO;2019;1;13
6536;TECNOLOGIA EN PRODUCCION;PRODUCCION;2019;1;22
8485;TECNOLOGIA EN SISTEMAS DE INFORMACION;SISTEMAS DE INFORMACION;2019;1;18
6537;TECNOLOGIA EN TELECOMUNICACIONES;TELECOMUNICACIONES;2019;1;10
55072;ADMINISTRACION TECNOLOGICA;ADMINISTRACION TECNOLOGICA;2019;2;115
4750;TECNOLOGIA EN ANALISIS DE COSTOS Y PRESUPUESTOS;ANALISIS DE COSTOS Y PRESUPUESTOS;2019;2;283
104682;ARTES DE LA GRABACION Y PRODUCCION MUSICAL;ARTES DE LA GRABACION Y PRODUCCION MUSICAL;2019;2;8
90355;ARTES VISUALES;ARTES VISUALES;2019;2;8
53800;TECNOLOGIA EN CALIDAD;CALIDAD;2019;2;48
4277;TECNOLOGIA EN CONSTRUCCION DE ACABADOS ARQUITECTONICOS;CONSTRUCCION DE ACABADOS ARQUITECTONICOS;2019;2;48
1518;TECNOLOGIA EN DISEÑO INDUSTRIAL;DISEÑO INDUSTRIAL;2019;2;59
2114;TECNOLOGIA EN ELECTROMECANICA;ELECTROMECANICA;2019;2;94
11085;TECNOLOGIA EN ELECTRONICA;ELECTRONICA;2019;2;57
55018;ESPECIALIZACION EN FINANZAS;ESPECIALIZACION EN FINANZAS;2019;2;30
55019;ESPECIALIZACION EN FORMULACION Y EVALUACION DE PROYECTOS;ESPECIALIZACION EN FORMULACION Y EVALUACION DE PROYECTOS;2019;2;93
15600;TECNOLOGIA EN GESTION ADMINISTRATIVA;GESTION ADMINISTRATIVA;2019;2;298
17720;TECNOLOGIA EN INFORMATICA MUSICAL;INFORMATICA MUSICAL;2019;2;18
53340;INGENIERIA BIOMEDICA;INGENIERIA BIOMEDICA;2019;2;110
52131;INGENIERIA DE PRODUCCION;INGENIERIA DE PRODUCCION;2019;2;103
52205;INGENIERIA DE SISTEMAS;INGENIERIA DE SISTEMAS;2019;2;101
52299;INGENIERIA DE TELECOMUNICACIONES;INGENIERIA DE TELECOMUNICACIONES;2019;2;50
52130;INGENIERIA ELECTROMECANICA;INGENIERIA ELECTROMECANICA;2019;2;63
52129;INGENIERIA ELECTRONICA;INGENIERIA ELECTRONICA;2019;2;26
52272;INGENIERIA EN DISEÑO INDUSTRIAL;INGENIERIA EN DISEÑO INDUSTRIAL;2019;2;45
52204;INGENIERIA FINANCIERA Y DE NEGOCIOS;INGENIERIA FINANCIERA Y DE NEGOCIOS;2019;2;120
90442;INGENIERIA MECATRONICA;INGENIERIA MECATRONICA;2019;2;49
104740;MAESTRIA EN ARTES DIGITALES;MAESTRIA EN ARTES DIGITALES;2019;2;6
53892;MAESTRIA EN AUTOMATIZACION Y CONTROL INDUSTRIAL;MAESTRIA EN AUTOMATIZACION Y CONTROL INDUSTRIAL;2019;2;12
104905;MAESTRIA EN CIENCIAS: INNOVACION EN EDUCACION;MAESTRIA EN CIENCIAS: INNOVACION EN EDUCACION;2019;2;11
102977;MAESTRIA EN DESARROLLO SOSTENIBLE;MAESTRIA EN DESARROLLO SOSTENIBLE;2019;2;8
101804;MAESTRIA EN ESTUDIOS DE CIENCIA, TECNOLOGIA, SOCIEDAD E INNOVACION;MAESTRIA EN ESTUDIOS DE CTS E INNOVACION - PRESENCIAL;2019;2;9
101977;MAESTRIA EN GESTION DE LA INNOVACION TECNOLOGICA, COOPERACION Y DESARROLLO REGIONAL;MAESTRIA EN GESTION DE LA INNOVACION TECNOLOGICA COOPERACION Y DESARROLLO REGIONAL;2019;2;13
53798;MAESTRIA EN GESTION ENERGETICA INDUSTRIAL;MAESTRIA EN GESTION ENERGETICA INDUSTRIAL;2019;2;3
104318;MAESTRIA EN INGENIERIA BIOMEDICA;MAESTRIA EN INGENIERIA BIOMEDICA;2019;2;5
103841;MAESTRIA EN SEGURIDAD INFORMATICA;MAESTRIA EN SEGURIDAD INFORMATICA;2019;2;16
9466;TECNOLOGIA EN MANTENIMIENTO DE EQUIPO BIOMEDICO;MANTENIMIENTO DE EQUIPO BIOMEDICO;2019;2;24
6536;TECNOLOGIA EN PRODUCCION;PRODUCCION;2019;2;156
8485;TECNOLOGIA EN SISTEMAS DE INFORMACION;SISTEMAS DE INFORMACION;2019;2;143
6537;TECNOLOGIA EN TELECOMUNICACIONES;TELECOMUNICACIONES;2019;2;79
55072;ADMINISTRACION TECNOLOGICA;ADMINISTRACION TECNOLOGICA;2020;1;70
4750;TECNOLOGIA EN ANALISIS DE COSTOS Y PRESUPUESTOS;ANALISIS DE COSTOS Y PRESUPUESTOS;2020;1;23
104682;ARTES DE LA GRABACION Y PRODUCCION MUSICAL;ARTES DE LA GRABACION Y PRODUCCION MUSICAL;2020;1;1
90355;ARTES VISUALES;ARTES VISUALES;2020;1;11
53800;TECNOLOGIA EN CALIDAD;CALIDAD;2020;1;17
4277;TECNOLOGIA EN CONSTRUCCION DE ACABADOS ARQUITECTONICOS;CONSTRUCCION DE ACABADOS ARQUITECTONICOS;2020;1;15
1518;TECNOLOGIA EN DISEÑO INDUSTRIAL;DISEÑO INDUSTRIAL;2020;1;19
2114;TECNOLOGIA EN ELECTROMECANICA;ELECTROMECANICA;2020;1;14
11085;TECNOLOGIA EN ELECTRONICA;ELECTRONICA;2020;1;8
55018;ESPECIALIZACION EN FINANZAS;ESPECIALIZACION EN FINANZAS;2020;1;4
55019;ESPECIALIZACION EN FORMULACION Y EVALUACION DE PROYECTOS;ESPECIALIZACION EN FORMULACION Y EVALUACION DE PROYECTOS;2020;1;27
15600;TECNOLOGIA EN GESTION ADMINISTRATIVA;GESTION ADMINISTRATIVA;2020;1;180
17720;TECNOLOGIA EN INFORMATICA MUSICAL;INFORMATICA MUSICAL;2020;1;9
53340;INGENIERIA BIOMEDICA;INGENIERIA BIOMEDICA;2020;1;59
52131;INGENIERIA DE PRODUCCION;INGENIERIA DE PRODUCCION;2020;1;32
52205;INGENIERIA DE SISTEMAS;INGENIERIA DE SISTEMAS;2020;1;31
52299;INGENIERIA DE TELECOMUNICACIONES;INGENIERIA DE TELECOMUNICACIONES;2020;1;35
52130;INGENIERIA ELECTROMECANICA;INGENIERIA ELECTROMECANICA;2020;1;21
52129;INGENIERIA ELECTRONICA;INGENIERIA ELECTRONICA;2020;1;8
52272;INGENIERIA EN DISEÑO INDUSTRIAL;INGENIERIA EN DISEÑO INDUSTRIAL;2020;1;4
52204;INGENIERIA FINANCIERA Y DE NEGOCIOS;INGENIERIA FINANCIERA Y DE NEGOCIOS;2020;1;35
90442;INGENIERIA MECATRONICA;INGENIERIA MECATRONICA;2020;1;19
104740;MAESTRIA EN ARTES DIGITALES;MAESTRIA EN ARTES DIGITALES;2020;1;1
53892;MAESTRIA EN AUTOMATIZACION Y CONTROL INDUSTRIAL;MAESTRIA EN AUTOMATIZACION Y CONTROL INDUSTRIAL;2020;1;2
104905;MAESTRIA EN CIENCIAS: INNOVACION EN EDUCACION;MAESTRIA EN CIENCIAS: INNOVACION EN EDUCACION;2020;1;7
102977;MAESTRIA EN DESARROLLO SOSTENIBLE;MAESTRIA EN DESARROLLO SOSTENIBLE;2020;1;2
101804;MAESTRIA EN ESTUDIOS DE CIENCIA, TECNOLOGIA, SOCIEDAD E INNOVACION;MAESTRIA EN ESTUDIOS DE CTS E INNOVACION - PRESENCIAL;2020;1;1
101977;MAESTRIA EN GESTION DE LA INNOVACION TECNOLOGICA, COOPERACION Y DESARROLLO REGIONAL;MAESTRIA EN GESTION DE LA INNOVACION TECNOLOGICA COOPERACION Y DESARROLLO REGIONAL;2020;1;2
53798;MAESTRIA EN GESTION ENERGETICA INDUSTRIAL;MAESTRIA EN GESTION ENERGETICA INDUSTRIAL;2020;1;3
103841;MAESTRIA EN SEGURIDAD INFORMATICA;MAESTRIA EN SEGURIDAD INFORMATICA;2020;1;4
9466;TECNOLOGIA EN MANTENIMIENTO DE EQUIPO BIOMEDICO;MANTENIMIENTO DE EQUIPO BIOMEDICO;2020;1;3
6536;TECNOLOGIA EN PRODUCCION;PRODUCCION;2020;1;11
8485;TECNOLOGIA EN SISTEMAS DE INFORMACION;SISTEMAS DE INFORMACION;2020;1;19
6537;TECNOLOGIA EN TELECOMUNICACIONES;TELECOMUNICACIONES;2020;1;6
55072;ADMINISTRACION TECNOLOGICA;ADMINISTRACION TECNOLOGICA;2020;2;109
4750;TECNOLOGIA EN ANALISIS DE COSTOS Y PRESUPUESTOS;ANALISIS DE COSTOS Y PRESUPUESTOS;2020;2;303
104682;ARTES DE LA GRABACION Y PRODUCCION MUSICAL;ARTES DE LA GRABACION Y PRODUCCION MUSICAL;2020;2;10
90355;ARTES VISUALES;ARTES VISUALES;2020;2;23
53800;TECNOLOGIA EN CALIDAD;CALIDAD;2020;2;43
4277;TECNOLOGIA EN CONSTRUCCION DE ACABADOS ARQUITECTONICOS;CONSTRUCCION DE ACABADOS ARQUITECTONICOS;2020;2;44
1518;TECNOLOGIA EN DISEÑO INDUSTRIAL;DISEÑO INDUSTRIAL;2020;2;69
2114;TECNOLOGIA EN ELECTROMECANICA;ELECTROMECANICA;2020;2;84
11085;TECNOLOGIA EN ELECTRONICA;ELECTRONICA;2020;2;38
55018;ESPECIALIZACION EN FINANZAS;ESPECIALIZACION EN FINANZAS;2020;2;48
55019;ESPECIALIZACION EN FORMULACION Y EVALUACION DE PROYECTOS;ESPECIALIZACION EN FORMULACION Y EVALUACION DE PROYECTOS;2020;2;123
107695;ESPECIALIZACION EN GESTION DE SISTEMAS ENERGETICOS INDUSTRIALES;ESPECIALIZACION EN GESTION DE SISTEMAS ENERGETICOS INDUSTRIALES;2020;2;8
55105;FISICA;FISICA;2020;2;1
15600;TECNOLOGIA EN GESTION ADMINISTRATIVA;GESTION ADMINISTRATIVA;2020;2;237
17720;TECNOLOGIA EN INFORMATICA MUSICAL;INFORMATICA MUSICAL;2020;2;12
53340;INGENIERIA BIOMEDICA;INGENIERIA BIOMEDICA;2020;2;127
52131;INGENIERIA DE PRODUCCION;INGENIERIA DE PRODUCCION;2020;2;123
52205;INGENIERIA DE SISTEMAS;INGENIERIA DE SISTEMAS;2020;2;135
52299;INGENIERIA DE TELECOMUNICACIONES;INGENIERIA DE TELECOMUNICACIONES;2020;2;50
52130;INGENIERIA ELECTROMECANICA;INGENIERIA ELECTROMECANICA;2020;2;64
52129;INGENIERIA ELECTRONICA;INGENIERIA ELECTRONICA;2020;2;26
52272;INGENIERIA EN DISEÑO INDUSTRIAL;INGENIERIA EN DISEÑO INDUSTRIAL;2020;2;52
107390;INGENIERIA FINANCIERA;INGENIERIA FINANCIERA;2020;2;7
52204;INGENIERIA FINANCIERA Y DE NEGOCIOS;INGENIERIA FINANCIERA Y DE NEGOCIOS;2020;2;183
90442;INGENIERIA MECATRONICA;INGENIERIA MECATRONICA;2020;2;66
104740;MAESTRIA EN ARTES DIGITALES;MAESTRIA EN ARTES DIGITALES;2020;2;4
53892;MAESTRIA EN AUTOMATIZACION Y CONTROL INDUSTRIAL;MAESTRIA EN AUTOMATIZACION Y CONTROL INDUSTRIAL;2020;2;5
104905;MAESTRIA EN CIENCIAS: INNOVACION EN EDUCACION;MAESTRIA EN CIENCIAS: INNOVACION EN EDUCACION;2020;2;12
102977;MAESTRIA EN DESARROLLO SOSTENIBLE;MAESTRIA EN DESARROLLO SOSTENIBLE;2020;2;10
101804;MAESTRIA EN ESTUDIOS DE CIENCIA, TECNOLOGIA, SOCIEDAD E INNOVACION;MAESTRIA EN ESTUDIOS DE CTS E INNOVACION - PRESENCIAL;2020;2;1
101977;MAESTRIA EN GESTION DE LA INNOVACION TECNOLOGICA, COOPERACION Y DESARROLLO REGIONAL;MAESTRIA EN GESTION DE LA INNOVACION TECNOLOGICA COOPERACION Y DESARROLLO REGIONAL;2020;2;7
106584;MAESTRIA EN GESTION DE ORGANIZACIONES;MAESTRIA EN GESTION DE ORGANIZACIONES;2020;2;4
53798;MAESTRIA EN GESTION ENERGETICA INDUSTRIAL;MAESTRIA EN GESTION ENERGETICA INDUSTRIAL;2020;2;3
103841;MAESTRIA EN SEGURIDAD INFORMATICA;MAESTRIA EN SEGURIDAD INFORMATICA;2020;2;6
9466;TECNOLOGIA EN MANTENIMIENTO DE EQUIPO BIOMEDICO;MANTENIMIENTO DE EQUIPO BIOMEDICO;2020;2;13
6536;TECNOLOGIA EN PRODUCCION;PRODUCCION;2020;2;132
104332;QUIMICA INDUSTRIAL;QUIMICA INDUSTRIAL;2020;2;2
8485;TECNOLOGIA EN SISTEMAS DE INFORMACION;SISTEMAS DE INFORMACION;2020;2;172
6537;TECNOLOGIA EN TELECOMUNICACIONES;TELECOMUNICACIONES;2020;2;44
55072;ADMINISTRACION TECNOLOGICA;ADMINISTRACION TECNOLOGICA;2021;1;21
4750;TECNOLOGIA EN ANALISIS DE COSTOS Y PRESUPUESTOS;ANALISIS DE COSTOS Y PRESUPUESTOS;2021;1;31
104682;ARTES DE LA GRABACION Y PRODUCCION MUSICAL;ARTES DE LA GRABACION Y PRODUCCION MUSICAL;2021;1;4
90355;ARTES VISUALES;ARTES VISUALES;2021;1;5
53800;TECNOLOGIA EN CALIDAD;CALIDAD;2021;1;9
4277;TECNOLOGIA EN CONSTRUCCION DE ACABADOS ARQUITECTONICOS;CONSTRUCCION DE ACABADOS ARQUITECTONICOS;2021;1;10
1518;TECNOLOGIA EN DISEÑO INDUSTRIAL;DISEÑO INDUSTRIAL;2021;1;6
2114;TECNOLOGIA EN ELECTROMECANICA;ELECTROMECANICA;2021;1;19
11085;TECNOLOGIA EN ELECTRONICA;ELECTRONICA;2021;1;3
55018;ESPECIALIZACION EN FINANZAS;ESPECIALIZACION EN FINANZAS;2021;1;1
107695;ESPECIALIZACION EN GESTION DE SISTEMAS ENERGETICOS INDUSTRIALES;ESPECIALIZACION EN GESTION DE SISTEMAS ENERGETICOS INDUSTRIALES;2021;1;9
15600;TECNOLOGIA EN GESTION ADMINISTRATIVA;GESTION ADMINISTRATIVA;2021;1;162
17720;TECNOLOGIA EN INFORMATICA MUSICAL;INFORMATICA MUSICAL;2021;1;3
53340;INGENIERIA BIOMEDICA;INGENIERIA BIOMEDICA;2021;1;20
106188;INGENIERIA DE LA CALIDAD;INGENIERIA DE LA CALIDAD;2021;1;3
52131;INGENIERIA DE PRODUCCION;INGENIERIA DE PRODUCCION;2021;1;16
52205;INGENIERIA DE SISTEMAS;INGENIERIA DE SISTEMAS;2021;1;20
52299;INGENIERIA DE TELECOMUNICACIONES;INGENIERIA DE TELECOMUNICACIONES;2021;1;13
52130;INGENIERIA ELECTROMECANICA;INGENIERIA ELECTROMECANICA;2021;1;5
52129;INGENIERIA ELECTRONICA;INGENIERIA ELECTRONICA;2021;1;2
52272;INGENIERIA EN DISEÑO INDUSTRIAL;INGENIERIA EN DISEÑO INDUSTRIAL;2021;1;4
107390;INGENIERIA FINANCIERA;INGENIERIA FINANCIERA;2021;1;3
52204;INGENIERIA FINANCIERA Y DE NEGOCIOS;INGENIERIA FINANCIERA Y DE NEGOCIOS;2021;1;33
90442;INGENIERIA MECATRONICA;INGENIERIA MECATRONICA;2021;1;9
104740;MAESTRIA EN ARTES DIGITALES;MAESTRIA EN ARTES DIGITALES;2021;1;2
53892;MAESTRIA EN AUTOMATIZACION Y CONTROL INDUSTRIAL;MAESTRIA EN AUTOMATIZACION Y CONTROL INDUSTRIAL;2021;1;3
104905;MAESTRIA EN CIENCIAS: INNOVACION EN EDUCACION;MAESTRIA EN CIENCIAS: INNOVACION EN EDUCACION;2021;1;7
102977;MAESTRIA EN DESARROLLO SOSTENIBLE;MAESTRIA EN DESARROLLO SOSTENIBLE;2021;1;1
101977;MAESTRIA EN GESTION DE LA INNOVACION TECNOLOGICA, COOPERACION Y DESARROLLO REGIONAL;MAESTRIA EN GESTION DE LA INNOVACION TECNOLOGICA COOPERACION Y DESARROLLO REGIONAL;2021;1;3
106584;MAESTRIA EN GESTION DE ORGANIZACIONES;MAESTRIA EN GESTION DE ORGANIZACIONES;2021;1;1
53798;MAESTRIA EN GESTION ENERGETICA INDUSTRIAL;MAESTRIA EN GESTION ENERGETICA INDUSTRIAL;2021;1;2
104318;MAESTRIA EN INGENIERIA BIOMEDICA;MAESTRIA EN INGENIERIA BIOMEDICA;2021;1;1
103841;MAESTRIA EN SEGURIDAD INFORMATICA;MAESTRIA EN SEGURIDAD INFORMATICA;2021;1;1
9466;TECNOLOGIA EN MANTENIMIENTO DE EQUIPO BIOMEDICO;MANTENIMIENTO DE EQUIPO BIOMEDICO;2021;1;7
6536;TECNOLOGIA EN PRODUCCION;PRODUCCION;2021;1;11
8485;TECNOLOGIA EN SISTEMAS DE INFORMACION;SISTEMAS DE INFORMACION;2021;1;16
6537;TECNOLOGIA EN TELECOMUNICACIONES;TELECOMUNICACIONES;2021;1;2
55072;ADMINISTRACION TECNOLOGICA;ADMINISTRACION TECNOLOGICA;2021;2;97
4750;TECNOLOGIA EN ANALISIS DE COSTOS Y PRESUPUESTOS;ANALISIS DE COSTOS Y PRESUPUESTOS;2021;2;142
104682;ARTES DE LA GRABACION Y PRODUCCION MUSICAL;ARTES DE LA GRABACION Y PRODUCCION MUSICAL;2021;2;3
90355;ARTES VISUALES;ARTES VISUALES;2021;2;8
53800;TECNOLOGIA EN CALIDAD;CALIDAD;2021;2;33
4277;TECNOLOGIA EN CONSTRUCCION DE ACABADOS ARQUITECTONICOS;CONSTRUCCION DE ACABADOS ARQUITECTONICOS;2021;2;17
1518;TECNOLOGIA EN DISEÑO INDUSTRIAL;DISEÑO INDUSTRIAL;2021;2;50
2114;TECNOLOGIA EN ELECTROMECANICA;ELECTROMECANICA;2021;2;34
11085;TECNOLOGIA EN ELECTRONICA;ELECTRONICA;2021;2;22
55018;ESPECIALIZACION EN FINANZAS;ESPECIALIZACION EN FINANZAS;2021;2;21
55019;ESPECIALIZACION EN FORMULACION Y EVALUACION DE PROYECTOS;ESPECIALIZACION EN FORMULACION Y EVALUACION DE PROYECTOS;2021;2;54
107695;ESPECIALIZACION EN GESTION DE SISTEMAS ENERGETICOS INDUSTRIALES;ESPECIALIZACION EN GESTION DE SISTEMAS ENERGETICOS INDUSTRIALES;2021;2;7
15600;TECNOLOGIA EN GESTION ADMINISTRATIVA;GESTION ADMINISTRATIVA;2021;2;263
17720;TECNOLOGIA EN INFORMATICA MUSICAL;INFORMATICA MUSICAL;2021;2;19
53340;INGENIERIA BIOMEDICA;INGENIERIA BIOMEDICA;2021;2;67
52131;INGENIERIA DE PRODUCCION;INGENIERIA DE PRODUCCION;2021;2;44
52205;INGENIERIA DE SISTEMAS;INGENIERIA DE SISTEMAS;2021;2;87
52299;INGENIERIA DE TELECOMUNICACIONES;INGENIERIA DE TELECOMUNICACIONES;2021;2;62
52130;INGENIERIA ELECTROMECANICA;INGENIERIA ELECTROMECANICA;2021;2;36
52129;INGENIERIA ELECTRONICA;INGENIERIA ELECTRONICA;2021;2;25
52272;INGENIERIA EN DISEÑO INDUSTRIAL;INGENIERIA EN DISEÑO INDUSTRIAL;2021;2;27
107390;INGENIERIA FINANCIERA;INGENIERIA FINANCIERA;2021;2;39
52204;INGENIERIA FINANCIERA Y DE NEGOCIOS;INGENIERIA FINANCIERA Y DE NEGOCIOS;2021;2;100
90442;INGENIERIA MECATRONICA;INGENIERIA MECATRONICA;2021;2;46
104740;MAESTRIA EN ARTES DIGITALES;MAESTRIA EN ARTES DIGITALES;2021;2;1
53892;MAESTRIA EN AUTOMATIZACION Y CONTROL INDUSTRIAL;MAESTRIA EN AUTOMATIZACION Y CONTROL INDUSTRIAL;2021;2;7
104905;MAESTRIA EN CIENCIAS: INNOVACION EN EDUCACION;MAESTRIA EN CIENCIAS: INNOVACION EN EDUCACION;2021;2;8
102977;MAESTRIA EN DESARROLLO SOSTENIBLE;MAESTRIA EN DESARROLLO SOSTENIBLE;2021;2;3
101804;MAESTRIA EN ESTUDIOS DE CIENCIA, TECNOLOGIA, SOCIEDAD E INNOVACION;MAESTRIA EN ESTUDIOS DE CTS E INNOVACION - PRESENCIAL;2021;2;4
101977;MAESTRIA EN GESTION DE LA INNOVACION TECNOLOGICA, COOPERACION Y DESARROLLO REGIONAL;MAESTRIA EN GESTION DE LA INNOVACION TECNOLOGICA COOPERACION Y DESARROLLO REGIONAL;2021;2;6
106584;MAESTRIA EN GESTION DE ORGANIZACIONES;MAESTRIA EN GESTION DE ORGANIZACIONES;2021;2;5
53798;MAESTRIA EN GESTION ENERGETICA INDUSTRIAL;MAESTRIA EN GESTION ENERGETICA INDUSTRIAL;2021;2;1
104318;MAESTRIA EN INGENIERIA BIOMEDICA;MAESTRIA EN INGENIERIA BIOMEDICA;2021;2;4
103841;MAESTRIA EN SEGURIDAD INFORMATICA;MAESTRIA EN SEGURIDAD INFORMATICA;2021;2;3
9466;TECNOLOGIA EN MANTENIMIENTO DE EQUIPO BIOMEDICO;MANTENIMIENTO DE EQUIPO BIOMEDICO;2021;2;11
6536;TECNOLOGIA EN PRODUCCION;PRODUCCION;2021;2;84
104332;QUIMICA INDUSTRIAL;QUIMICA INDUSTRIAL;2021;2;10
8485;TECNOLOGIA EN SISTEMAS DE INFORMACION;SISTEMAS DE INFORMACION;2021;2;118
106810;TECNOLOGIA EN SISTEMAS ELECTROMECANICOS;SISTEMAS ELECTROMECANICOS;2021;2;2
6537;TECNOLOGIA EN TELECOMUNICACIONES;TELECOMUNICACIONES;2021;2;20
55072;ADMINISTRACION TECNOLOGICA;ADMINISTRACION TECNOLOGICA;2022;1;89
4750;TECNOLOGIA EN ANALISIS DE COSTOS Y PRESUPUESTOS;ANALISIS DE COSTOS Y PRESUPUESTOS;2022;1;151
104682;ARTES DE LA GRABACION Y PRODUCCION MUSICAL;ARTES DE LA GRABACION Y PRODUCCION MUSICAL;2022;1;15
90355;ARTES VISUALES;ARTES VISUALES;2022;1;22
53800;TECNOLOGIA EN CALIDAD;CALIDAD;2022;1;40
106314;CINE;CINE;2022;1;9
4277;TECNOLOGIA EN CONSTRUCCION DE ACABADOS ARQUITECTONICOS;CONSTRUCCION DE ACABADOS ARQUITECTONICOS;2022;1;49
105852;CONTADURIA PUBLICA;CONTADURIA PUBLICA;2022;1;10
107535;TECNOLOGIA EN DESARROLLO DE SOFTWARE;DESARROLLO DE SOFTWARE;2022;1;1
1518;TECNOLOGIA EN DISEÑO INDUSTRIAL;DISEÑO INDUSTRIAL;2022;1;29
2114;TECNOLOGIA EN ELECTROMECANICA;ELECTROMECANICA;2022;1;17
11085;TECNOLOGIA EN ELECTRONICA;ELECTRONICA;2022;1;19
55018;ESPECIALIZACION EN FINANZAS;ESPECIALIZACION EN FINANZAS;2022;1;28
55019;ESPECIALIZACION EN FORMULACION Y EVALUACION DE PROYECTOS;ESPECIALIZACION EN FORMULACION Y EVALUACION DE PROYECTOS;2022;1;72
107695;ESPECIALIZACION EN GESTION DE SISTEMAS ENERGETICOS INDUSTRIALES;ESPECIALIZACION EN GESTION DE SISTEMAS ENERGETICOS INDUSTRIALES;2022;1;6
15600;TECNOLOGIA EN GESTION ADMINISTRATIVA;GESTION ADMINISTRATIVA;2022;1;337
107381;TECNOLOGIA EN GESTION DE REDES DE  TELECOMUNICACIONES;GESTION DE REDES DE TELECOMUNICACIONES;2022;1;1
17720;TECNOLOGIA EN INFORMATICA MUSICAL;INFORMATICA MUSICAL;2022;1;26
53340;INGENIERIA BIOMEDICA;INGENIERIA BIOMEDICA;2022;1;82
106188;INGENIERIA DE LA CALIDAD;INGENIERIA DE LA CALIDAD;2022;1;6
52131;INGENIERIA DE PRODUCCION;INGENIERIA DE PRODUCCION;2022;1;70
52205;INGENIERIA DE SISTEMAS;INGENIERIA DE SISTEMAS;2022;1;75
52299;INGENIERIA DE TELECOMUNICACIONES;INGENIERIA DE TELECOMUNICACIONES;2022;1;58
52130;INGENIERIA ELECTROMECANICA;INGENIERIA ELECTROMECANICA;2022;1;57
52129;INGENIERIA ELECTRONICA;INGENIERIA ELECTRONICA;2022;1;27
52272;INGENIERIA EN DISEÑO INDUSTRIAL;INGENIERIA EN DISEÑO INDUSTRIAL;2022;1;44
107390;INGENIERIA FINANCIERA;INGENIERIA FINANCIERA;2022;1;84
52204;INGENIERIA FINANCIERA Y DE NEGOCIOS;INGENIERIA FINANCIERA Y DE NEGOCIOS;2022;1;72
90442;INGENIERIA MECATRONICA;INGENIERIA MECATRONICA;2022;1;52
104740;MAESTRIA EN ARTES DIGITALES;MAESTRIA EN ARTES DIGITALES;2022;1;7
53892;MAESTRIA EN AUTOMATIZACION Y CONTROL INDUSTRIAL;MAESTRIA EN AUTOMATIZACION Y CONTROL INDUSTRIAL;2022;1;5
104905;MAESTRIA EN CIENCIAS: INNOVACION EN EDUCACION;MAESTRIA EN CIENCIAS: INNOVACION EN EDUCACION;2022;1;5
102977;MAESTRIA EN DESARROLLO SOSTENIBLE;MAESTRIA EN DESARROLLO SOSTENIBLE;2022;1;3
101804;MAESTRIA EN ESTUDIOS DE CIENCIA, TECNOLOGIA, SOCIEDAD E INNOVACION;MAESTRIA EN ESTUDIOS DE CTS E INNOVACION - PRESENCIAL;2022;1;4
101977;MAESTRIA EN GESTION DE LA INNOVACION TECNOLOGICA, COOPERACION Y DESARROLLO REGIONAL;MAESTRIA EN GESTION DE LA INNOVACION TECNOLOGICA COOPERACION Y DESARROLLO REGIONAL;2022;1;5
106584;MAESTRIA EN GESTION DE ORGANIZACIONES;MAESTRIA EN GESTION DE ORGANIZACIONES;2022;1;7
53798;MAESTRIA EN GESTION ENERGETICA INDUSTRIAL;MAESTRIA EN GESTION ENERGETICA INDUSTRIAL;2022;1;2
103841;MAESTRIA EN SEGURIDAD INFORMATICA;MAESTRIA EN SEGURIDAD INFORMATICA;2022;1;10
9466;TECNOLOGIA EN MANTENIMIENTO DE EQUIPO BIOMEDICO;MANTENIMIENTO DE EQUIPO BIOMEDICO;2022;1;20
6536;TECNOLOGIA EN PRODUCCION;PRODUCCION;2022;1;67
104332;QUIMICA INDUSTRIAL;QUIMICA INDUSTRIAL;2022;1;15
8485;TECNOLOGIA EN SISTEMAS DE INFORMACION;SISTEMAS DE INFORMACION;2022;1;72
107534;TECNOLOGIA EN SISTEMAS DE PRODUCCION;SISTEMAS DE PRODUCCION;2022;1;1
106810;TECNOLOGIA EN SISTEMAS ELECTROMECANICOS;SISTEMAS ELECTROMECANICOS;2022;1;4
6537;TECNOLOGIA EN TELECOMUNICACIONES;TELECOMUNICACIONES;2022;1;16
55072;ADMINISTRACION TECNOLOGICA;ADMINISTRACION TECNOLOGICA;2022;2;155
4750;TECNOLOGIA EN ANALISIS DE COSTOS Y PRESUPUESTOS;ANALISIS DE COSTOS Y PRESUPUESTOS;2022;2;143
104682;ARTES DE LA GRABACION Y PRODUCCION MUSICAL;ARTES DE LA GRABACION Y PRODUCCION MUSICAL;2022;2;8
90355;ARTES VISUALES;ARTES VISUALES;2022;2;20
107004;TECNOLOGIA EN AUTOMATIZACION ELECTRONICA;AUTOMATIZACION ELECTRONICA;2022;2;8
53800;TECNOLOGIA EN CALIDAD;CALIDAD;2022;2;42
4277;TECNOLOGIA EN CONSTRUCCION DE ACABADOS ARQUITECTONICOS;CONSTRUCCION DE ACABADOS ARQUITECTONICOS;2022;2;28
105852;CONTADURIA PUBLICA;CONTADURIA PUBLICA;2022;2;14
107535;TECNOLOGIA EN DESARROLLO DE SOFTWARE;DESARROLLO DE SOFTWARE;2022;2;4
1518;TECNOLOGIA EN DISEÑO INDUSTRIAL;DISEÑO INDUSTRIAL;2022;2;43
2114;TECNOLOGIA EN ELECTROMECANICA;ELECTROMECANICA;2022;2;36
11085;TECNOLOGIA EN ELECTRONICA;ELECTRONICA;2022;2;21
55018;ESPECIALIZACION EN FINANZAS;ESPECIALIZACION EN FINANZAS;2022;2;20
55019;ESPECIALIZACION EN FORMULACION Y EVALUACION DE PROYECTOS;ESPECIALIZACION EN FORMULACION Y EVALUACION DE PROYECTOS;2022;2;69
107695;ESPECIALIZACION EN GESTION DE SISTEMAS ENERGETICOS INDUSTRIALES;ESPECIALIZACION EN GESTION DE SISTEMAS ENERGETICOS INDUSTRIALES;2022;2;8
15600;TECNOLOGIA EN GESTION ADMINISTRATIVA;GESTION ADMINISTRATIVA;2022;2;424
15600;TECNOLOGIA EN GESTION ADMINISTRATIVA;GESTION ADMINISTRATIVA - VIRTUAL;2022;2;6
107381;TECNOLOGIA EN GESTION DE REDES DE  TELECOMUNICACIONES;GESTION DE REDES DE TELECOMUNICACIONES;2022;2;2
17720;TECNOLOGIA EN INFORMATICA MUSICAL;INFORMATICA MUSICAL;2022;2;22
53340;INGENIERIA BIOMEDICA;INGENIERIA BIOMEDICA;2022;2;69
106188;INGENIERIA DE LA CALIDAD;INGENIERIA DE LA CALIDAD;2022;2;11
52131;INGENIERIA DE PRODUCCION;INGENIERIA DE PRODUCCION;2022;2;105
52205;INGENIERIA DE SISTEMAS;INGENIERIA DE SISTEMAS;2022;2;71
52299;INGENIERIA DE TELECOMUNICACIONES;INGENIERIA DE TELECOMUNICACIONES;2022;2;45
52130;INGENIERIA ELECTROMECANICA;INGENIERIA ELECTROMECANICA;2022;2;52
52129;INGENIERIA ELECTRONICA;INGENIERIA ELECTRONICA;2022;2;40
52272;INGENIERIA EN DISEÑO INDUSTRIAL;INGENIERIA EN DISEÑO INDUSTRIAL;2022;2;27
107390;INGENIERIA FINANCIERA;INGENIERIA FINANCIERA;2022;2;95
52204;INGENIERIA FINANCIERA Y DE NEGOCIOS;INGENIERIA FINANCIERA Y DE NEGOCIOS;2022;2;36
90442;INGENIERIA MECATRONICA;INGENIERIA MECATRONICA;2022;2;47
104740;MAESTRIA EN ARTES DIGITALES;MAESTRIA EN ARTES DIGITALES;2022;2;3
104905;MAESTRIA EN CIENCIAS: INNOVACION EN EDUCACION;MAESTRIA EN CIENCIAS: INNOVACION EN EDUCACION;2022;2;11
102977;MAESTRIA EN DESARROLLO SOSTENIBLE;MAESTRIA EN DESARROLLO SOSTENIBLE;2022;2;3
101804;MAESTRIA EN ESTUDIOS DE CIENCIA, TECNOLOGIA, SOCIEDAD E INNOVACION;MAESTRIA EN ESTUDIOS DE CTS E INNOVACION - PRESENCIAL;2022;2;5
101977;MAESTRIA EN GESTION DE LA INNOVACION TECNOLOGICA, COOPERACION Y DESARROLLO REGIONAL;MAESTRIA EN GESTION DE LA INNOVACION TECNOLOGICA COOPERACION Y DESARROLLO REGIONAL;2022;2;3
106584;MAESTRIA EN GESTION DE ORGANIZACIONES;MAESTRIA EN GESTION DE ORGANIZACIONES;2022;2;9
53798;MAESTRIA EN GESTION ENERGETICA INDUSTRIAL;MAESTRIA EN GESTION ENERGETICA INDUSTRIAL;2022;2;1
104318;MAESTRIA EN INGENIERIA BIOMEDICA;MAESTRIA EN INGENIERIA BIOMEDICA;2022;2;2
106505;MAESTRIA EN METROLOGIA;MAESTRIA EN METROLOGIA;2022;2;4
103841;MAESTRIA EN SEGURIDAD INFORMATICA;MAESTRIA EN SEGURIDAD INFORMATICA;2022;2;3
9466;TECNOLOGIA EN MANTENIMIENTO DE EQUIPO BIOMEDICO;MANTENIMIENTO DE EQUIPO BIOMEDICO;2022;2;24
6536;TECNOLOGIA EN PRODUCCION;PRODUCCION;2022;2;78
104332;QUIMICA INDUSTRIAL;QUIMICA INDUSTRIAL;2022;2;14
8485;TECNOLOGIA EN SISTEMAS DE INFORMACION;SISTEMAS DE INFORMACION;2022;2;63
107534;TECNOLOGIA EN SISTEMAS DE PRODUCCION;SISTEMAS DE PRODUCCION;2022;2;13
106810;TECNOLOGIA EN SISTEMAS ELECTROMECANICOS;SISTEMAS ELECTROMECANICOS;2022;2;5
6537;TECNOLOGIA EN TELECOMUNICACIONES;TELECOMUNICACIONES;2022;2;17
55072;ADMINISTRACION TECNOLOGICA;ADMINISTRACION TECNOLOGICA;2023;1;187
4750;TECNOLOGIA EN ANALISIS DE COSTOS Y PRESUPUESTOS;ANALISIS DE COSTOS Y PRESUPUESTOS;2023;1;232
4750;TECNOLOGIA EN ANALISIS DE COSTOS Y PRESUPUESTOS;ANALISIS DE COSTOS Y PRESUPUESTOS - VIRTUAL;2023;1;3
104682;ARTES DE LA GRABACION Y PRODUCCION MUSICAL;ARTES DE LA GRABACION Y PRODUCCION MUSICAL;2023;1;11
90355;ARTES VISUALES;ARTES VISUALES;2023;1;18
107004;TECNOLOGIA EN AUTOMATIZACION ELECTRONICA;AUTOMATIZACION ELECTRONICA;2023;1;19
53800;TECNOLOGIA EN CALIDAD;CALIDAD;2023;1;43
107391;CIENCIAS AMBIENTALES;CIENCIAS AMBIENTALES;2023;1;3
106314;CINE;CINE;2023;1;4
4277;TECNOLOGIA EN CONSTRUCCION DE ACABADOS ARQUITECTONICOS;CONSTRUCCION DE ACABADOS ARQUITECTONICOS;2023;1;40
105852;CONTADURIA PUBLICA;CONTADURIA PUBLICA;2023;1;39
108789;TECNOLOGIA EN CONTROL DE LA CALIDAD;CONTROL DE LA CALIDAD;2023;1;5
107535;TECNOLOGIA EN DESARROLLO DE SOFTWARE;DESARROLLO DE SOFTWARE;2023;1;44
1518;TECNOLOGIA EN DISEÑO INDUSTRIAL;DISEÑO INDUSTRIAL;2023;1;30
106973;DOCTORADO EN INGENIERIA;DOCTORADO EN INGENIERIA;2023;1;1
2114;TECNOLOGIA EN ELECTROMECANICA;ELECTROMECANICA;2023;1;25
11085;TECNOLOGIA EN ELECTRONICA;ELECTRONICA;2023;1;16
110901;ESPECIALIZACION EN CIBERSEGURIDAD;ESPECIALIZACION EN CIBERSEGURIDAD - PRESENCIAL;2023;1;1
55018;ESPECIALIZACION EN FINANZAS;ESPECIALIZACION EN FINANZAS;2023;1;42
55019;ESPECIALIZACION EN FORMULACION Y EVALUACION DE PROYECTOS;ESPECIALIZACION EN FORMULACION Y EVALUACION DE PROYECTOS;2023;1;67
107695;ESPECIALIZACION EN GESTION DE SISTEMAS ENERGETICOS INDUSTRIALES;ESPECIALIZACION EN GESTION DE SISTEMAS ENERGETICOS INDUSTRIALES;2023;1;4
55105;FISICA;FISICA;2023;1;1
15600;TECNOLOGIA EN GESTION ADMINISTRATIVA;GESTION ADMINISTRATIVA;2023;1;391
15600;TECNOLOGIA EN GESTION ADMINISTRATIVA;GESTION ADMINISTRATIVA - VIRTUAL;2023;1;29
107381;TECNOLOGIA EN GESTION DE REDES DE  TELECOMUNICACIONES;GESTION DE REDES DE TELECOMUNICACIONES;2023;1;14
17720;TECNOLOGIA EN INFORMATICA MUSICAL;INFORMATICA MUSICAL;2023;1;15
53340;INGENIERIA BIOMEDICA;INGENIERIA BIOMEDICA;2023;1;108
106188;INGENIERIA DE LA CALIDAD;INGENIERIA DE LA CALIDAD;2023;1;14
52131;INGENIERIA DE PRODUCCION;INGENIERIA DE PRODUCCION;2023;1;122
52205;INGENIERIA DE SISTEMAS;INGENIERIA DE SISTEMAS;2023;1;97
52299;INGENIERIA DE TELECOMUNICACIONES;INGENIERIA DE TELECOMUNICACIONES;2023;1;61
52130;INGENIERIA ELECTROMECANICA;INGENIERIA ELECTROMECANICA;2023;1;58
52129;INGENIERIA ELECTRONICA;INGENIERIA ELECTRONICA;2023;1;36
52272;INGENIERIA EN DISEÑO INDUSTRIAL;INGENIERIA EN DISEÑO INDUSTRIAL;2023;1;47
107390;INGENIERIA FINANCIERA;INGENIERIA FINANCIERA;2023;1;157
52204;INGENIERIA FINANCIERA Y DE NEGOCIOS;INGENIERIA FINANCIERA Y DE NEGOCIOS;2023;1;28
90442;INGENIERIA MECATRONICA;INGENIERIA MECATRONICA;2023;1;78
104740;MAESTRIA EN ARTES DIGITALES;MAESTRIA EN ARTES DIGITALES;2023;1;5
53892;MAESTRIA EN AUTOMATIZACION Y CONTROL INDUSTRIAL;MAESTRIA EN AUTOMATIZACION Y CONTROL INDUSTRIAL;2023;1;5
104905;MAESTRIA EN CIENCIAS: INNOVACION EN EDUCACION;MAESTRIA EN CIENCIAS: INNOVACION EN EDUCACION;2023;1;8
102977;MAESTRIA EN DESARROLLO SOSTENIBLE;MAESTRIA EN DESARROLLO SOSTENIBLE;2023;1;2
101804;MAESTRIA EN ESTUDIOS DE CIENCIA, TECNOLOGIA, SOCIEDAD E INNOVACION;MAESTRIA EN ESTUDIOS DE CTS E INNOVACION - VIRTUAL;2023;1;1
101977;MAESTRIA EN GESTION DE LA INNOVACION TECNOLOGICA, COOPERACION Y DESARROLLO REGIONAL;MAESTRIA EN GESTION DE LA INNOVACION TECNOLOGICA COOPERACION Y DESARROLLO REGIONAL;2023;1;6
106584;MAESTRIA EN GESTION DE ORGANIZACIONES;MAESTRIA EN GESTION DE ORGANIZACIONES;2023;1;10
53798;MAESTRIA EN GESTION ENERGETICA INDUSTRIAL;MAESTRIA EN GESTION ENERGETICA INDUSTRIAL;2023;1;5
104318;MAESTRIA EN INGENIERIA BIOMEDICA;MAESTRIA EN INGENIERIA BIOMEDICA;2023;1;4
103841;MAESTRIA EN SEGURIDAD INFORMATICA;MAESTRIA EN SEGURIDAD INFORMATICA;2023;1;8
9466;TECNOLOGIA EN MANTENIMIENTO DE EQUIPO BIOMEDICO;MANTENIMIENTO DE EQUIPO BIOMEDICO;2023;1;56
6536;TECNOLOGIA EN PRODUCCION;PRODUCCION;2023;1;69
104332;QUIMICA INDUSTRIAL;QUIMICA INDUSTRIAL;2023;1;18
8485;TECNOLOGIA EN SISTEMAS DE INFORMACION;SISTEMAS DE INFORMACION;2023;1;77
107534;TECNOLOGIA EN SISTEMAS DE PRODUCCION;SISTEMAS DE PRODUCCION;2023;1;11
106810;TECNOLOGIA EN SISTEMAS ELECTROMECANICOS;SISTEMAS ELECTROMECANICOS;2023;1;20
6537;TECNOLOGIA EN TELECOMUNICACIONES;TELECOMUNICACIONES;2023;1;19
55072;ADMINISTRACION TECNOLOGICA;ADMINISTRACION TECNOLOGICA;2023;2;41
4750;TECNOLOGIA EN ANALISIS DE COSTOS Y PRESUPUESTOS;ANALISIS DE COSTOS Y PRESUPUESTOS;2023;2;47
4750;TECNOLOGIA EN ANALISIS DE COSTOS Y PRESUPUESTOS;ANALISIS DE COSTOS Y PRESUPUESTOS - VIRTUAL;2023;2;3
104682;ARTES DE LA GRABACION Y PRODUCCION MUSICAL;ARTES DE LA GRABACION Y PRODUCCION MUSICAL;2023;2;3
90355;ARTES VISUALES;ARTES VISUALES;2023;2;4
107004;TECNOLOGIA EN AUTOMATIZACION ELECTRONICA;AUTOMATIZACION ELECTRONICA;2023;2;5
53800;TECNOLOGIA EN CALIDAD;CALIDAD;2023;2;15
107391;CIENCIAS AMBIENTALES;CIENCIAS AMBIENTALES;2023;2;2
106314;CINE;CINE;2023;2;8
4277;TECNOLOGIA EN CONSTRUCCION DE ACABADOS ARQUITECTONICOS;CONSTRUCCION DE ACABADOS ARQUITECTONICOS;2023;2;16
105852;CONTADURIA PUBLICA;CONTADURIA PUBLICA;2023;2;12
108789;TECNOLOGIA EN CONTROL DE LA CALIDAD;CONTROL DE LA CALIDAD;2023;2;3
107535;TECNOLOGIA EN DESARROLLO DE SOFTWARE;DESARROLLO DE SOFTWARE;2023;2;15
1518;TECNOLOGIA EN DISEÑO INDUSTRIAL;DISEÑO INDUSTRIAL;2023;2;12
2114;TECNOLOGIA EN ELECTROMECANICA;ELECTROMECANICA;2023;2;6
11085;TECNOLOGIA EN ELECTRONICA;ELECTRONICA;2023;2;1
110901;ESPECIALIZACION EN CIBERSEGURIDAD;ESPECIALIZACION EN CIBERSEGURIDAD - PRESENCIAL;2023;2;26
55018;ESPECIALIZACION EN FINANZAS;ESPECIALIZACION EN FINANZAS;2023;2;5
55019;ESPECIALIZACION EN FORMULACION Y EVALUACION DE PROYECTOS;ESPECIALIZACION EN FORMULACION Y EVALUACION DE PROYECTOS;2023;2;57
107695;ESPECIALIZACION EN GESTION DE SISTEMAS ENERGETICOS INDUSTRIALES;ESPECIALIZACION EN GESTION DE SISTEMAS ENERGETICOS INDUSTRIALES;2023;2;4
110940;ESPECIALIZACION EN GESTION DEL MANTENIMIENTO INDUSTRIAL;ESPECIALIZACION EN GESTION DEL MANTENIMIENTO INDUSTRIAL;2023;2;21
111033;ESPECIALIZACION EN INGENIERIA DE SOFTWARE;ESPECIALIZACION EN INGENIERIA DE SOFTWARE - PRESENCIAL;2023;2;19
55105;FISICA;FISICA;2023;2;1
15600;TECNOLOGIA EN GESTION ADMINISTRATIVA;GESTION ADMINISTRATIVA;2023;2;163
15600;TECNOLOGIA EN GESTION ADMINISTRATIVA;GESTION ADMINISTRATIVA - VIRTUAL;2023;2;17
107381;TECNOLOGIA EN GESTION DE REDES DE  TELECOMUNICACIONES;GESTION DE REDES DE TELECOMUNICACIONES;2023;2;5
17720;TECNOLOGIA EN INFORMATICA MUSICAL;INFORMATICA MUSICAL;2023;2;11
53340;INGENIERIA BIOMEDICA;INGENIERIA BIOMEDICA;2023;2;61
106188;INGENIERIA DE LA CALIDAD;INGENIERIA DE LA CALIDAD;2023;2;7
52131;INGENIERIA DE PRODUCCION;INGENIERIA DE PRODUCCION;2023;2;15
52205;INGENIERIA DE SISTEMAS;INGENIERIA DE SISTEMAS;2023;2;24
52299;INGENIERIA DE TELECOMUNICACIONES;INGENIERIA DE TELECOMUNICACIONES;2023;2;12
52130;INGENIERIA ELECTROMECANICA;INGENIERIA ELECTROMECANICA;2023;2;18
52129;INGENIERIA ELECTRONICA;INGENIERIA ELECTRONICA;2023;2;6
52272;INGENIERIA EN DISEÑO INDUSTRIAL;INGENIERIA EN DISEÑO INDUSTRIAL;2023;2;25
107390;INGENIERIA FINANCIERA;INGENIERIA FINANCIERA;2023;2;24
52204;INGENIERIA FINANCIERA Y DE NEGOCIOS;INGENIERIA FINANCIERA Y DE NEGOCIOS;2023;2;6
90442;INGENIERIA MECATRONICA;INGENIERIA MECATRONICA;2023;2;39
104740;MAESTRIA EN ARTES DIGITALES;MAESTRIA EN ARTES DIGITALES;2023;2;1
53892;MAESTRIA EN AUTOMATIZACION Y CONTROL INDUSTRIAL;MAESTRIA EN AUTOMATIZACION Y CONTROL INDUSTRIAL;2023;2;5
104905;MAESTRIA EN CIENCIAS: INNOVACION EN EDUCACION;MAESTRIA EN CIENCIAS: INNOVACION EN EDUCACION;2023;2;7
102977;MAESTRIA EN DESARROLLO SOSTENIBLE;MAESTRIA EN DESARROLLO SOSTENIBLE;2023;2;1
101977;MAESTRIA EN GESTION DE LA INNOVACION TECNOLOGICA, COOPERACION Y DESARROLLO REGIONAL;MAESTRIA EN GESTION DE LA INNOVACION TECNOLOGICA COOPERACION Y DESARROLLO REGIONAL;2023;2;3
106584;MAESTRIA EN GESTION DE ORGANIZACIONES;MAESTRIA EN GESTION DE ORGANIZACIONES;2023;2;1
53798;MAESTRIA EN GESTION ENERGETICA INDUSTRIAL;MAESTRIA EN GESTION ENERGETICA INDUSTRIAL;2023;2;1
104318;MAESTRIA EN INGENIERIA BIOMEDICA;MAESTRIA EN INGENIERIA BIOMEDICA;2023;2;3
106505;MAESTRIA EN METROLOGIA;MAESTRIA EN METROLOGIA;2023;2;1
103841;MAESTRIA EN SEGURIDAD INFORMATICA;MAESTRIA EN SEGURIDAD INFORMATICA;2023;2;1
9466;TECNOLOGIA EN MANTENIMIENTO DE EQUIPO BIOMEDICO;MANTENIMIENTO DE EQUIPO BIOMEDICO;2023;2;24
6536;TECNOLOGIA EN PRODUCCION;PRODUCCION;2023;2;7
104332;QUIMICA INDUSTRIAL;QUIMICA INDUSTRIAL;2023;2;13
8485;TECNOLOGIA EN SISTEMAS DE INFORMACION;SISTEMAS DE INFORMACION;2023;2;21
107534;TECNOLOGIA EN SISTEMAS DE PRODUCCION;SISTEMAS DE PRODUCCION;2023;2;6
106810;TECNOLOGIA EN SISTEMAS ELECTROMECANICOS;SISTEMAS ELECTROMECANICOS;2023;2;4
6537;TECNOLOGIA EN TELECOMUNICACIONES;TELECOMUNICACIONES;2023;2;8
55072;ADMINISTRACION TECNOLOGICA;ADMINISTRACION TECNOLOGICA;2024;1;97
4750;TECNOLOGIA EN ANALISIS DE COSTOS Y PRESUPUESTOS;ANALISIS DE COSTOS Y PRESUPUESTOS;2024;1;84
4750;TECNOLOGIA EN ANALISIS DE COSTOS Y PRESUPUESTOS;ANALISIS DE COSTOS Y PRESUPUESTOS - VIRTUAL;2024;1;8
104682;ARTES DE LA GRABACION Y PRODUCCION MUSICAL;ARTES DE LA GRABACION Y PRODUCCION MUSICAL;2024;1;13
90355;ARTES VISUALES;ARTES VISUALES;2024;1;6
107004;TECNOLOGIA EN AUTOMATIZACION ELECTRONICA;AUTOMATIZACION ELECTRONICA;2024;1;13
53800;TECNOLOGIA EN CALIDAD;CALIDAD;2024;1;16
107391;CIENCIAS AMBIENTALES;CIENCIAS AMBIENTALES;2024;1;6
106314;CINE;CINE;2024;1;5
4277;TECNOLOGIA EN CONSTRUCCION DE ACABADOS ARQUITECTONICOS;CONSTRUCCION DE ACABADOS ARQUITECTONICOS;2024;1;17
105852;CONTADURIA PUBLICA;CONTADURIA PUBLICA;2024;1;53
108789;TECNOLOGIA EN CONTROL DE LA CALIDAD;CONTROL DE LA CALIDAD;2024;1;13
108639;TECNOLOGIA EN DESARROLLO DE APLICACIONES PARA DISPOSITIVOS MOVILES;DESARROLLO DE APLICACIONES PARA DISPOSITIVOS MOVILES - VIRTUAL;2024;1;1
107535;TECNOLOGIA EN DESARROLLO DE SOFTWARE;DESARROLLO DE SOFTWARE;2024;1;51
1518;TECNOLOGIA EN DISEÑO INDUSTRIAL;DISEÑO INDUSTRIAL;2024;1;21
108394;TECNOLOGIA EN DISEÑO Y PROGRAMACION DE SOLUCIONES DE SOFTWARE COMO SERVICIO;DISEÑO Y PROGRAMACION DE SOLUCIONES DE SOFTWARE COMO SERVICIO - VIRTUAL;2024;1;4
2114;TECNOLOGIA EN ELECTROMECANICA;ELECTROMECANICA;2024;1;12
11085;TECNOLOGIA EN ELECTRONICA;ELECTRONICA;2024;1;4
110901;ESPECIALIZACION EN CIBERSEGURIDAD;ESPECIALIZACION EN CIBERSEGURIDAD - PRESENCIAL;2024;1;16
110901;ESPECIALIZACION EN CIBERSEGURIDAD;ESPECIALIZACION EN CIBERSEGURIDAD - VIRTUAL;2024;1;22
55018;ESPECIALIZACION EN FINANZAS;ESPECIALIZACION EN FINANZAS;2024;1;41
55019;ESPECIALIZACION EN FORMULACION Y EVALUACION DE PROYECTOS;ESPECIALIZACION EN FORMULACION Y EVALUACION DE PROYECTOS;2024;1;65
107695;ESPECIALIZACION EN GESTION DE SISTEMAS ENERGETICOS INDUSTRIALES;ESPECIALIZACION EN GESTION DE SISTEMAS ENERGETICOS INDUSTRIALES;2024;1;7
110940;ESPECIALIZACION EN GESTION DEL MANTENIMIENTO INDUSTRIAL;ESPECIALIZACION EN GESTION DEL MANTENIMIENTO INDUSTRIAL;2024;1;14
110940;ESPECIALIZACION EN GESTION DEL MANTENIMIENTO INDUSTRIAL;ESPECIALIZACION EN GESTION DEL MANTENIMIENTO INDUSTRIAL-VIRTUAL;2024;1;33
111033;ESPECIALIZACION EN INGENIERIA DE SOFTWARE;ESPECIALIZACION EN INGENIERIA DE SOFTWARE - PRESENCIAL;2024;1;13
111033;ESPECIALIZACION EN INGENIERIA DE SOFTWARE;ESPECIALIZACION EN INGENIERIA DE SOFTWARE - VIRTUAL;2024;1;23
55105;FISICA;FISICA;2024;1;1
15600;TECNOLOGIA EN GESTION ADMINISTRATIVA;GESTION ADMINISTRATIVA;2024;1;207
15600;TECNOLOGIA EN GESTION ADMINISTRATIVA;GESTION ADMINISTRATIVA - VIRTUAL;2024;1;40
107381;TECNOLOGIA EN GESTION DE REDES DE  TELECOMUNICACIONES;GESTION DE REDES DE TELECOMUNICACIONES;2024;1;8
17720;TECNOLOGIA EN INFORMATICA MUSICAL;INFORMATICA MUSICAL;2024;1;8
53340;INGENIERIA BIOMEDICA;INGENIERIA BIOMEDICA;2024;1;85
106188;INGENIERIA DE LA CALIDAD;INGENIERIA DE LA CALIDAD;2024;1;26
52131;INGENIERIA DE PRODUCCION;INGENIERIA DE PRODUCCION;2024;1;45
52205;INGENIERIA DE SISTEMAS;INGENIERIA DE SISTEMAS;2024;1;87
52299;INGENIERIA DE TELECOMUNICACIONES;INGENIERIA DE TELECOMUNICACIONES;2024;1;14
52130;INGENIERIA ELECTROMECANICA;INGENIERIA ELECTROMECANICA;2024;1;49
52129;INGENIERIA ELECTRONICA;INGENIERIA ELECTRONICA;2024;1;11
52272;INGENIERIA EN DISEÑO INDUSTRIAL;INGENIERIA EN DISEÑO INDUSTRIAL;2024;1;22
107390;INGENIERIA FINANCIERA;INGENIERIA FINANCIERA;2024;1;82
52204;INGENIERIA FINANCIERA Y DE NEGOCIOS;INGENIERIA FINANCIERA Y DE NEGOCIOS;2024;1;4
90442;INGENIERIA MECATRONICA;INGENIERIA MECATRONICA;2024;1;53
104740;MAESTRIA EN ARTES DIGITALES;MAESTRIA EN ARTES DIGITALES;2024;1;3
53892;MAESTRIA EN AUTOMATIZACION Y CONTROL INDUSTRIAL;MAESTRIA EN AUTOMATIZACION Y CONTROL INDUSTRIAL;2024;1;4
104905;MAESTRIA EN CIENCIAS: INNOVACION EN EDUCACION;MAESTRIA EN CIENCIAS: INNOVACION EN EDUCACION;2024;1;4
102977;MAESTRIA EN DESARROLLO SOSTENIBLE;MAESTRIA EN DESARROLLO SOSTENIBLE;2024;1;7
101804;MAESTRIA EN ESTUDIOS DE CIENCIA, TECNOLOGIA, SOCIEDAD E INNOVACION;MAESTRIA EN ESTUDIOS DE CTS E INNOVACION - VIRTUAL;2024;1;3
101977;MAESTRIA EN GESTION DE LA INNOVACION TECNOLOGICA, COOPERACION Y DESARROLLO REGIONAL;MAESTRIA EN GESTION DE LA INNOVACION TECNOLOGICA COOPERACION Y DESARROLLO REGIONAL;2024;1;6
106584;MAESTRIA EN GESTION DE ORGANIZACIONES;MAESTRIA EN GESTION DE ORGANIZACIONES;2024;1;6
53798;MAESTRIA EN GESTION ENERGETICA INDUSTRIAL;MAESTRIA EN GESTION ENERGETICA INDUSTRIAL;2024;1;3
104318;MAESTRIA EN INGENIERIA BIOMEDICA;MAESTRIA EN INGENIERIA BIOMEDICA;2024;1;7
103841;MAESTRIA EN SEGURIDAD INFORMATICA;MAESTRIA EN SEGURIDAD INFORMATICA;2024;1;4
9466;TECNOLOGIA EN MANTENIMIENTO DE EQUIPO BIOMEDICO;MANTENIMIENTO DE EQUIPO BIOMEDICO;2024;1;42
6536;TECNOLOGIA EN PRODUCCION;PRODUCCION;2024;1;29
104332;QUIMICA INDUSTRIAL;QUIMICA INDUSTRIAL;2024;1;20
8485;TECNOLOGIA EN SISTEMAS DE INFORMACION;SISTEMAS DE INFORMACION;2024;1;36
107534;TECNOLOGIA EN SISTEMAS DE PRODUCCION;SISTEMAS DE PRODUCCION;2024;1;10
106810;TECNOLOGIA EN SISTEMAS ELECTROMECANICOS;SISTEMAS ELECTROMECANICOS;2024;1;20
6537;TECNOLOGIA EN TELECOMUNICACIONES;TELECOMUNICACIONES;2024;1;6
