NOMBRE;TIPO;1998-1;1998-2;1999-1;1999-2;2000-1;2000-2;2001-1;2001-2;2002-1;2002-2;2003-1;2003-2;2004-1;2004-2;2005-1;2005-2;2006-1;2006-2;2007-1;2007-2;2008-1;2008-2;2009-1;2009-2;2010-1;2010-2;2011-1;2011-2;2012-1;2012-2;2013-1;2013-2;2014-1;2014-2;2015-1;2015-2;2016-1;2016-2;2017-1;2017-2;2018-1;2018-2;2019-1;2019-2;2020-1;2020-2;2021-1;2021-2;2022-1;2022-2
3302-1518-TECNOLOGIA EN DISEÑO INDUSTRIAL;TASA DE DESERCIÓN;0%;0%;0%;0%;0%;0%;0%;0%;0%;0%;0%;0%;0%;0%;0%;0%;0%;0%;0%;0%;47.14%;45.93%;39.66%;23.21%;23.41%;27.14%;23.49%;24.51%;18.28%;23.73%;15.98%;19.74%;0%;0%;0%;0%;0%;0%;0%;0%;0%;0%;0%;0%;0%;0%;0%;20.31%;97.04%;100%
3302-2114-TECNOLOGIA EN ELECTROMECANICA;TASA DE DESERCIÓN;0%;0%;17.65%;10.84%;15.99%;10.82%;16.23%;13.4%;14.66%;16.42%;10.75%;14.6%;11.44%;8.76%;10.87%;11.97%;20.1%;21.78%;26.86%;27.33%;30.87%;35.71%;36.17%;20.85%;15.56%;18.01%;24.67%;27.42%;18.37%;21.93%;16.52%;27.22%;22.99%;18.01%;17.56%;23.25%;18.23%;22.76%;22.99%;20.85%;20.07%;21.24%;22.32%;17.59%;20.71%;16.04%;6.11%;9.74%;8.29%;12.33%
3302-2240-TECNOLOGIA EN SECRETARIADO EJECUTIVO;TASA DE DESERCIÓN;0%;0%;10.17%;17.02%;13.87%;12.5%;21%;13.25%;10.18%;9.33%;12.99%;13.2%;11.58%;6.61%;5.13%;2.7%;7.14%;22.22%;56.25%;0%;28.57%;0%;0%;0%;0%;0%;0%;0%;0%;0%;0%;0%;0%;0%;0%;0%;0%;0%;0%;0%;0%;0%;0%;0%;0%;0%;0%;0%;0%;0%
3302-4277-TECNOLOGIA EN CONSTRUCCION DE ACABADOS ARQUITECTONICOS;TASA DE DESERCIÓN;0%;0%;0%;0%;0%;0%;0%;0%;0%;0%;0%;0%;0%;0%;0%;0%;0%;0%;0%;0%;38.71%;62.5%;54.84%;47.41%;28.57%;27.11%;28.51%;23.67%;18.54%;23.66%;17.98%;18.04%;0%;0%;0%;0%;0%;0%;0%;0%;0%;0%;0%;0%;0%;0%;0%;0%;20.29%;0%
3302-4750-TECNOLOGIA EN ANALISIS DE COSTOS Y PRESUPUESTOS;TASA DE DESERCIÓN;0%;0%;0%;0%;0%;0%;0%;0%;0%;0%;0%;0%;0%;0%;0%;0%;0%;0%;0%;0%;35%;33.05%;31.71%;17.97%;19.56%;23.01%;22.22%;23.03%;13.63%;17.33%;13.65%;17.74%;0%;0%;0%;0%;0%;0%;0%;0%;0%;0%;0%;0%;0%;0%;19.5%;97.86%;0%;28.57%
3302-6536-TECNOLOGIA EN PRODUCCION;TASA DE DESERCIÓN;0%;0%;0%;0%;0%;0%;0%;0%;0%;0%;0%;0%;0%;0%;0%;0%;0%;0%;0%;0%;35.07%;35.67%;34.23%;22.96%;18.86%;21.74%;25.73%;21.37%;17.39%;19.76%;15.05%;15.9%;0%;0%;0%;0%;0%;0%;0%;0%;0%;0%;0%;0%;0%;22.04%;96.68%;0%;0%;0%
3302-6537-TECNOLOGIA EN TELECOMUNICACIONES;TASA DE DESERCIÓN;0%;0%;0%;22.73%;18.3%;13.04%;17.72%;14.66%;14.86%;18.14%;10.28%;16.36%;12.56%;12.76%;14.4%;14.87%;20.3%;20.7%;24.32%;27.29%;31.71%;38.15%;32.91%;20.19%;19.81%;24.5%;30.1%;30.62%;26.02%;20.7%;21.21%;28.56%;20.56%;17.89%;18.65%;22.19%;20.48%;22.11%;24.71%;27.3%;22.94%;25.38%;26.41%;27.1%;21.56%;20.44%;8.37%;9.52%;11.76%;10%
3302-8483-TECNOLOGIA EN CALIDAD;TASA DE DESERCIÓN;0%;0%;0%;0%;0%;0%;0%;0%;0%;0%;0%;0%;0%;0%;0%;0%;0%;0%;0%;0%;44.57%;36.25%;37.66%;24.15%;22.14%;27.4%;25.98%;25.52%;20.15%;25.42%;18.69%;22.63%;0%;0%;0%;0%;0%;0%;0%;0%;0%;0%;0%;0%;0%;0%;0%;23.09%;100%;50%
3302-8485-TECNOLOGIA EN SISTEMAS DE INFORMACION;TASA DE DESERCIÓN;0%;0%;0%;0%;0%;0%;0%;0%;0%;0%;0%;0%;0%;0%;0%;0%;0%;0%;0%;0%;36.95%;40.47%;38.4%;24.16%;18.92%;25.28%;27.29%;34.12%;26.43%;23.66%;18.52%;21.79%;0%;0%;0%;0%;0%;0%;0%;0%;0%;0%;0%;0%;0%;0%;0%;24.7%;99.37%;0%
3302-9466-TECNOLOGIA EN MANTENIMIENTO DE EQUIPO BIOMEDICO;TASA DE DESERCIÓN;0%;0%;0%;0%;0%;0%;0%;26.32%;16.78%;18.57%;18.94%;18.78%;14.74%;14.32%;17.28%;18.87%;23.44%;23.08%;25.61%;24.72%;35.98%;40.65%;39.32%;30.26%;17.73%;21.41%;28.64%;26.35%;21.24%;26.09%;25.23%;29.67%;20.81%;18.85%;17.48%;23.24%;18.13%;24.32%;25.17%;25.09%;22.14%;19.59%;27.07%;25.78%;27.55%;22.49%;11.98%;14.46%;17.69%;16.16%
3302-11085-TECNOLOGIA EN ELECTRONICA;TASA DE DESERCIÓN;0%;0%;0%;0%;0%;0%;0%;0%;0%;18.33%;19.02%;13.23%;11.83%;11.7%;9.22%;11.64%;14.71%;12.87%;25.76%;30.41%;32.41%;38.17%;29.1%;18.07%;13.97%;22.34%;26.2%;27.69%;21.26%;22.59%;18.16%;24.87%;19.18%;17.11%;20.42%;19.18%;14%;21%;22.75%;21.73%;22.37%;18.76%;22.84%;20.2%;20.7%;14.4%;8.99%;6.94%;11.57%;13.19%
3302-15600-TECNOLOGIA EN GESTION ADMINISTRATIVA;TASA DE DESERCIÓN;0%;0%;0%;0%;0%;0%;0%;0%;0%;0%;0%;0%;0%;20%;32.53%;15.46%;28.14%;24.68%;31.95%;33.66%;33.05%;36.65%;33.07%;26.94%;20.42%;25.68%;25%;20.89%;13.94%;16.58%;11.29%;18.65%;14.34%;15.02%;13.16%;15.24%;12.43%;13.74%;13.7%;15.8%;15.34%;16.22%;15.82%;15.08%;15.76%;14.01%;7.17%;11.1%;13.44%;12.23%
3302-17719-TECNOLOGIA EN ANALISIS DE COSTOS Y PRESUPUESTOS;TASA DE DESERCIÓN;0%;0%;0%;0%;0%;0%;0%;0%;0%;0%;0%;0%;0%;0%;0%;0%;0%;0%;0%;100%;75%;30.77%;43.48%;33.8%;31.52%;26.19%;32.41%;35.47%;32.39%;38.07%;25.21%;20.73%;15%;25%;19.05%;8.33%;11.11%;37.5%;0%;0%;0%;0%;0%;0%;0%;0%;0%;0%;0%;0%
3302-17720-TECNOLOGIA EN INFORMATICA MUSICAL;TASA DE DESERCIÓN;0%;0%;0%;0%;0%;0%;0%;0%;0%;0%;0%;0%;0%;0%;25.81%;25%;33.33%;22.31%;32.14%;42.86%;53.38%;53.85%;37.37%;23.15%;16.22%;24.46%;26.76%;23.72%;21.3%;27.68%;17.32%;21.47%;24.29%;22.74%;20.76%;21.28%;18.31%;21.32%;17.89%;17.11%;24.2%;22.49%;27.78%;25.33%;20.69%;25.57%;10.76%;16.48%;18.49%;19.41%
3302-52129-INGENIERIA ELECTRÓNICA;TASA DE DESERCIÓN;0%;0%;0%;0%;0%;0%;0%;0%;0%;0%;0%;0%;0%;0%;0%;0%;0%;0%;0%;9.09%;26.67%;25%;25%;7.14%;9.09%;25.81%;19.48%;12.22%;16.67%;8.4%;5.88%;11.26%;5.44%;10.7%;13.27%;10.14%;12.61%;12.77%;13.6%;17.05%;11.92%;16.1%;10.05%;11.82%;14.57%;16.06%;5.43%;2.87%;8.04%;7.04%
3302-52130-INGENIERIA ELECTROMECÁNICA;TASA DE DESERCIÓN;0%;0%;0%;0%;0%;0%;0%;0%;0%;0%;0%;0%;0%;0%;0%;0%;0%;0%;0%;19.05%;19.23%;27.78%;9.52%;17.72%;14%;17.59%;21.71%;15.98%;12.5%;7.88%;7.27%;7.1%;8.5%;6.35%;8.29%;14.02%;11.16%;12.59%;12.8%;11.14%;12.81%;6.68%;10.59%;11.51%;15.41%;10.21%;6.15%;4.39%;8.93%;5.85%
3302-52131-INGENIERIA DE PRODUCCI¿N;TASA DE DESERCIÓN;0%;0%;0%;0%;0%;0%;0%;0%;0%;0%;0%;0%;0%;0%;0%;0%;0%;0%;0%;23.08%;27.27%;17.5%;24.39%;10%;13.13%;11.67%;14.46%;12.75%;11.75%;9.87%;10.24%;5.78%;4.27%;5.63%;3.77%;4.44%;4.9%;6.72%;10.52%;6.98%;6.02%;5.66%;6.75%;7.69%;5.89%;7.24%;2.32%;2.63%;3.33%;3.59%
3302-52204-INGENIERIA FINANCIERA Y DE NEGOCIOS;TASA DE DESERCIÓN;0%;0%;0%;0%;0%;0%;0%;0%;0%;0%;0%;0%;0%;0%;0%;0%;0%;0%;0%;0%;25%;22.73%;21.31%;9.52%;11.36%;18.87%;22.42%;14.04%;5.78%;3.18%;2.16%;3.01%;3.05%;3.69%;2.3%;2.71%;3.7%;6.86%;8.89%;10.34%;6.86%;6.53%;7.89%;6.18%;9.13%;5.8%;3.25%;3.43%;2.86%;6.54%
3302-52205-INGENIERIA DE SISTEMAS;TASA DE DESERCIÓN;0%;0%;0%;0%;0%;0%;0%;0%;0%;0%;0%;0%;0%;0%;0%;0%;0%;0%;0%;0%;17.5%;23.4%;24.69%;12.12%;11.72%;18.24%;21.81%;19.92%;11.27%;9.12%;2.88%;6.7%;4.92%;7.14%;10.6%;14.63%;9.72%;15.53%;10.16%;11.54%;8.17%;5.49%;5.91%;7.32%;8.03%;7.16%;5.99%;4.89%;6.9%;5.77%
3302-52272-INGENIERIA EN DISEÑO INDUSTRIAL;TASA DE DESERCIÓN;0%;0%;0%;0%;0%;0%;0%;0%;0%;0%;0%;0%;0%;0%;0%;0%;0%;0%;0%;0%;31.25%;36.84%;21.43%;4.88%;10.2%;12.12%;8.16%;5.38%;11.33%;10.98%;4.19%;9.83%;12.7%;8.85%;6.12%;12.56%;6.92%;3.54%;11.39%;6.25%;17.39%;20%;22.22%;50%;0%;0%;0%;0%;0%;0%
3302-52299-INGENIERÍA DE TELECOMUNICACIONES;TASA DE DESERCIÓN;0%;0%;0%;0%;0%;0%;0%;0%;0%;0%;0%;0%;0%;0%;0%;0%;0%;0%;0%;0%;14.29%;20.9%;20%;16.79%;12.5%;20.51%;24.77%;27.65%;13.37%;7.42%;7.27%;11.59%;4.64%;9.14%;11.5%;16.77%;11.6%;11.04%;14.71%;10.42%;13.41%;10.36%;12.5%;10.75%;12.34%;8.9%;3.99%;3.89%;3.57%;4.42%
3302-53340-INGENIERÍA BIOMÉDICA;TASA DE DESERCIÓN;0%;0%;0%;0%;0%;0%;0%;0%;0%;0%;0%;0%;0%;0%;0%;0%;0%;0%;0%;0%;0%;0%;34.21%;25.24%;17%;23.98%;16.04%;18.9%;15.51%;17.26%;15.59%;17.21%;14.24%;13.08%;13.44%;11.64%;10.34%;12.85%;14.46%;12.52%;11.88%;11.12%;12.21%;11.48%;9.5%;10.53%;4.7%;5.93%;9.29%;7.54%
3302-53799-TECNOLOGIA EN CONSTRUCCION DE ACABADOS ARQUITECTONICOS;TASA DE DESERCIÓN;0%;0%;16.67%;15%;17.24%;15.31%;16.18%;19.41%;11.18%;15.38%;18.47%;18.99%;22.37%;25%;21.28%;11.84%;18.28%;33.33%;39.78%;98.04%;66.67%;33.33%;40%;64.71%;60%;50%;62.5%;100%;25%;22.22%;41.67%;50%;5%;12.5%;21.3%;17.36%;12.54%;16.85%;17.96%;17.14%;16.8%;17.51%;22.01%;14.89%;18.75%;17.58%;9.85%;19.22%;15.16%;18.51%
3302-53800-TECNOLOGIA EN CALIDAD;TASA DE DESERCIÓN;0%;0%;0%;0%;0%;0%;24.32%;22.06%;15.17%;12.87%;13.95%;10.26%;10.21%;11.31%;10.88%;10.64%;12.41%;17.16%;27.67%;97.73%;27.27%;50%;25%;42.86%;22.22%;46.15%;28.57%;80%;50%;75%;30%;53.85%;14.29%;27.78%;28.73%;15.23%;15.51%;18.54%;18.25%;19.46%;19.55%;19.19%;24.02%;24.71%;19.93%;22.66%;6.88%;7.93%;5.95%;7.07%
3302-53801-TECNOLOGIA EN SISTEMAS DE INFORMACION;TASA DE DESERCIÓN;0%;0%;0%;0%;0%;0%;22.96%;27.98%;12.31%;15.04%;11.47%;13.47%;12.35%;13.1%;18.76%;16.77%;24.7%;21.86%;35.63%;95.75%;60%;47.06%;40%;17.39%;42.86%;29.31%;46.81%;62.3%;55.88%;42.42%;26.47%;47.06%;20%;18.81%;15.63%;22.09%;16.04%;20.69%;21.68%;22.03%;19.99%;18.48%;20.94%;17.92%;19.22%;15.35%;7.22%;12.17%;11.46%;10.58%
3302-53802-TECNOLOGIA EN PRODUCCIÓN;TASA DE DESERCIÓN;0%;0%;0%;20.59%;30.77%;21.3%;20.42%;18.24%;14.29%;14.79%;22.97%;14.52%;11.56%;10.93%;11.51%;11.76%;12.7%;16.3%;27.44%;97.78%;44.44%;38.89%;41.46%;48.39%;34.38%;29.17%;45.83%;53.85%;25%;25%;15%;36.36%;23.68%;17.78%;21.16%;17.53%;15.82%;13.63%;17.96%;18.04%;16.38%;17.29%;18%;17.38%;13.89%;11.86%;5.14%;4.49%;4.46%;8.01%
3302-53803-TECNOLOGIA EN ANALISIS DE COSTOS Y PRESUPUESTOS;TASA DE DESERCIÓN;0%;0%;10.83%;15.55%;16.25%;13.08%;15.47%;12.83%;13.86%;15.68%;14.25%;12.84%;14.55%;8.61%;7.06%;15.53%;16.96%;17.68%;28.43%;98.39%;54.17%;42.31%;41.86%;33.33%;41.51%;39.47%;44.74%;56.25%;37.5%;60.61%;29.17%;50%;18.31%;12.05%;16.4%;20.52%;17.46%;16.17%;16.34%;16.5%;16.16%;17.86%;21.45%;17.76%;19.51%;17.73%;7.99%;12.26%;14.17%;15.41%
3302-53806-TECNOLOGÍA EN DISEÑO INDUSTRIAL;TASA DE DESERCIÓN;0%;0%;30.56%;15.25%;12.37%;16.67%;16.13%;17.45%;21.52%;17.94%;18.4%;18.03%;10.28%;15.11%;18.72%;17.67%;26.32%;31.49%;34.98%;96.79%;47.83%;35.29%;45.45%;41.03%;47.83%;39.39%;41.94%;60%;23.08%;53.33%;34.78%;26.92%;22%;21.31%;16.76%;15.69%;13.41%;13.65%;17.31%;19.47%;19.29%;15.76%;20.96%;20.57%;22.59%;22.45%;14.63%;16.51%;19.81%;15.19%
3302-55072-ADMINISTRACI¿N TECN¿LOGICA;TASA DE DESERCIÓN;0%;0%;0%;0%;0%;0%;0%;0%;0%;0%;0%;0%;0%;0%;0%;0%;0%;0%;0%;0%;0%;0%;0%;0%;0%;0%;33.49%;29.62%;16.4%;20.61%;15.82%;16.94%;13.7%;10.94%;11.24%;10.13%;10.68%;11.45%;11.38%;11.51%;9.47%;9.8%;9.63%;12.17%;10.88%;9.87%;4.32%;5.52%;6.25%;7.11%
3302-55105-FÍSICA;TASA DE DESERCIÓN;0%;0%;0%;0%;0%;0%;0%;0%;0%;0%;0%;0%;0%;0%;0%;0%;0%;0%;0%;0%;0%;0%;0%;0%;0%;0%;45.45%;38.46%;14.29%;8%;36.59%;17.24%;8.33%;18.18%;22.22%;14.29%;8.33%;8.33%;0%;0%;9.09%;0%;0%;0%;0%;0%;25%;0%;0%;0%
3302-90355-ARTES VISUALES;TASA DE DESERCIÓN;0%;0%;0%;0%;0%;0%;0%;0%;0%;0%;0%;0%;0%;0%;0%;0%;0%;0%;0%;0%;0%;0%;0%;0%;0%;0%;0%;20.83%;23.42%;22.44%;18.65%;11.11%;13.06%;17.72%;13.36%;13.87%;9.38%;11.92%;9.84%;10.36%;13.74%;13.19%;11.66%;15.16%;10.97%;11.46%;6.77%;8.51%;9.8%;13.29%
3302-90442-INGENIERÍA MECATRÓNICA;TASA DE DESERCIÓN;0%;0%;0%;0%;0%;0%;0%;0%;0%;0%;0%;0%;0%;0%;0%;0%;0%;0%;0%;0%;0%;0%;0%;0%;0%;0%;0%;18.29%;21.24%;20.72%;16.77%;19.68%;19.64%;15.86%;16.87%;15.26%;14.18%;16.85%;15.18%;15.38%;15.37%;14.5%;14.72%;13.88%;15.1%;14.7%;8.48%;10.5%;12%;12.24%
3302-103928-INGENIERÍA EN DISEÑO INDUSTRIAL;TASA DE DESERCIÓN;0%;0%;0%;0%;0%;0%;0%;0%;0%;0%;0%;0%;0%;0%;0%;0%;0%;0%;0%;0%;0%;0%;0%;0%;0%;0%;0%;0%;0%;0%;0%;0%;0%;0%;0%;100%;10.87%;12.74%;17.67%;17.89%;16.63%;11.87%;14.14%;9.31%;12.15%;11.68%;6.24%;9.03%;7.33%;9.73%
3302-104332-QUÍMICA INDUSTRIAL;TASA DE DESERCIÓN;0%;0%;0%;0%;0%;0%;0%;0%;0%;0%;0%;0%;0%;0%;0%;0%;0%;0%;0%;0%;0%;0%;0%;0%;0%;0%;0%;0%;0%;0%;0%;0%;0%;0%;0%;0%;0%;16%;15.71%;17.48%;20.65%;12.78%;15.25%;11.11%;14.77%;10.23%;7.56%;9.49%;10.64%;9.95%
3302-104682-ARTES DE LA GRABACION Y PRODUCCION MUSICAL;TASA DE DESERCIÓN;0%;0%;0%;0%;0%;0%;0%;0%;0%;0%;0%;0%;0%;0%;0%;0%;0%;0%;0%;0%;0%;0%;0%;0%;0%;0%;0%;0%;0%;0%;0%;0%;0%;0%;0%;0%;0%;0%;17.81%;17.53%;16.92%;14.04%;8.25%;8.3%;15.99%;10.79%;7.57%;6.32%;10.76%;10.5%
3302-105852-CONTADURÍA PÚBLICA;TASA DE DESERCIÓN;0%;0%;0%;0%;0%;0%;0%;0%;0%;0%;0%;0%;0%;0%;0%;0%;0%;0%;0%;0%;0%;0%;0%;0%;0%;0%;0%;0%;0%;0%;0%;0%;0%;0%;0%;0%;0%;0%;0%;0%;16.33%;15.93%;15.59%;14.78%;15.04%;13.17%;5.44%;6.48%;8.74%;8.12%
3302-106188-INGENIERÍA DE LA CALIDAD;TASA DE DESERCIÓN;0%;0%;0%;0%;0%;0%;0%;0%;0%;0%;0%;0%;0%;0%;0%;0%;0%;0%;0%;0%;0%;0%;0%;0%;0%;0%;0%;0%;0%;0%;0%;0%;0%;0%;0%;0%;0%;0%;0%;0%;0%;10.17%;22.35%;11.46%;24.89%;19.44%;12.46%;11.39%;12.57%;15.95%
3302-106314-CINE;TASA DE DESERCIÓN;0%;0%;0%;0%;0%;0%;0%;0%;0%;0%;0%;0%;0%;0%;0%;0%;0%;0%;0%;0%;0%;0%;0%;0%;0%;0%;0%;0%;0%;0%;0%;0%;0%;0%;0%;0%;0%;0%;0%;0%;0%;20.83%;11.49%;13.7%;11.54%;11.79%;4.85%;8.6%;8.33%;8.83%
3302-106810-TECNOLOGIA EN SISTEMAS ELECTROMECANICOS;TASA DE DESERCIÓN;0%;0%;0%;0%;0%;0%;0%;0%;0%;0%;0%;0%;0%;0%;0%;0%;0%;0%;0%;0%;0%;0%;0%;0%;0%;0%;0%;0%;0%;0%;0%;0%;0%;0%;0%;0%;0%;0%;0%;0%;0%;0%;0%;38.05%;36.19%;34.75%;23.32%;22.51%;21.96%;21.98%
3302-107004-TECNOLOGIA EN AUTOMATIZACIÓN ELECTRONICA;TASA DE DESERCIÓN;0%;0%;0%;0%;0%;0%;0%;0%;0%;0%;0%;0%;0%;0%;0%;0%;0%;0%;0%;0%;0%;0%;0%;0%;0%;0%;0%;0%;0%;0%;0%;0%;0%;0%;0%;0%;0%;0%;0%;0%;0%;0%;0%;39.64%;23.23%;16.99%;20.07%;20.69%;23.91%;23.99%
3302-107381-TECNOLOGÍA EN GESTIÓN DE REDES DE  TELECOMUNICACIONES;TASA DE DESERCIÓN;0%;0%;0%;0%;0%;0%;0%;0%;0%;0%;0%;0%;0%;0%;0%;0%;0%;0%;0%;0%;0%;0%;0%;0%;0%;0%;0%;0%;0%;0%;0%;0%;0%;0%;0%;0%;0%;0%;0%;0%;0%;0%;0%;0%;36.63%;37.57%;22.46%;30.94%;27.82%;24.83%
3302-107390-INGENIERIA FINANCIERA;TASA DE DESERCIÓN;0%;0%;0%;0%;0%;0%;0%;0%;0%;0%;0%;0%;0%;0%;0%;0%;0%;0%;0%;0%;0%;0%;0%;0%;0%;0%;0%;0%;0%;0%;0%;0%;0%;0%;0%;0%;0%;0%;0%;0%;0%;0%;0%;0%;8.8%;8.97%;3.28%;3.67%;4.17%;4.43%
3302-107391-CIENCIAS AMBIENTALES;TASA DE DESERCIÓN;0%;0%;0%;0%;0%;0%;0%;0%;0%;0%;0%;0%;0%;0%;0%;0%;0%;0%;0%;0%;0%;0%;0%;0%;0%;0%;0%;0%;0%;0%;0%;0%;0%;0%;0%;0%;0%;0%;0%;0%;0%;0%;0%;0%;21.67%;16.84%;7.75%;11.46%;14.29%;15.11%
3302-107534-TECNOLOGIA EN SISTEMAS DE PRODUCCI¿N;TASA DE DESERCIÓN;0%;0%;0%;0%;0%;0%;0%;0%;0%;0%;0%;0%;0%;0%;0%;0%;0%;0%;0%;0%;0%;0%;0%;0%;0%;0%;0%;0%;0%;0%;0%;0%;0%;0%;0%;0%;0%;0%;0%;0%;0%;0%;0%;0%;41.61%;38.97%;24.34%;23.15%;27.63%;21.67%
3302-107535-TECNOLOGIA EN DESARROLLO DE SOFTWARE;TASA DE DESERCIÓN;0%;0%;0%;0%;0%;0%;0%;0%;0%;0%;0%;0%;0%;0%;0%;0%;0%;0%;0%;0%;0%;0%;0%;0%;0%;0%;0%;0%;0%;0%;0%;0%;0%;0%;0%;0%;0%;0%;0%;0%;0%;0%;0%;0%;32.84%;30.08%;13.5%;16.24%;20.94%;15.28%
3302-107696-TECNOLOGÍA EN GESTIÓN ADMINISTRATIVA;TASA DE DESERCIÓN;0%;0%;0%;0%;0%;0%;0%;0%;0%;0%;0%;0%;0%;0%;0%;0%;0%;0%;0%;0%;0%;0%;0%;0%;0%;0%;0%;0%;0%;0%;0%;0%;0%;0%;0%;0%;0%;0%;0%;0%;0%;0%;0%;0%;0%;38.38%;28.1%;27.51%;32.53%;19.54%
3302-107943-TECNOLOGÍA EN ANÁLISIS DE COSTOS Y PRESUPUESTOS;TASA DE DESERCIÓN;0%;0%;0%;0%;0%;0%;0%;0%;0%;0%;0%;0%;0%;0%;0%;0%;0%;0%;0%;0%;0%;0%;0%;0%;0%;0%;0%;0%;0%;0%;0%;0%;0%;0%;0%;0%;0%;0%;0%;0%;0%;0%;0%;0%;0%;0%;59.09%;53.54%;52.34%;34.87%
3302-108394-TECNOLOGÍA EN DISEÑO Y PROGRAMACIÓN DE SOLUCIONES DE SOFTWARE COMO SERVICIO;TASA DE DESERCIÓN;0%;0%;0%;0%;0%;0%;0%;0%;0%;0%;0%;0%;0%;0%;0%;0%;0%;0%;0%;0%;0%;0%;0%;0%;0%;0%;0%;0%;0%;0%;0%;0%;0%;0%;0%;0%;0%;0%;0%;0%;0%;0%;0%;0%;0%;0%;0%;50%;68.89%;59.83%
3302-108639-TECNOLOGÍA EN DESARROLLO DE APLICACIONES PARA DISPOSITIVOS MÓVILES;TASA DE DESERCIÓN;0%;0%;0%;0%;0%;0%;0%;0%;0%;0%;0%;0%;0%;0%;0%;0%;0%;0%;0%;0%;0%;0%;0%;0%;0%;0%;0%;0%;0%;0%;0%;0%;0%;0%;0%;0%;0%;0%;0%;0%;0%;0%;0%;0%;0%;0%;0%;57.14%;78.38%;71.43%
3302-108789-TECNOLOGIA EN CONTROL DE LA CALIDAD;TASA DE DESERCIÓN;0%;0%;0%;0%;0%;0%;0%;0%;0%;0%;0%;0%;0%;0%;0%;0%;0%;0%;0%;0%;0%;0%;0%;0%;0%;0%;0%;0%;0%;0%;0%;0%;0%;0%;0%;0%;0%;0%;0%;0%;0%;0%;0%;0%;0%;0%;27.82%;32.53%;32.22%;17.18%
3302-109927-INTERPRETACIÓN Y TRADUCCIÓN LENGUA DE SEÑAS COLOMBIANA - ESPAÑOL;TASA DE DESERCIÓN;0%;0%;0%;0%;0%;0%;0%;0%;0%;0%;0%;0%;0%;0%;0%;0%;0%;0%;0%;0%;0%;0%;0%;0%;0%;0%;0%;0%;0%;0%;0%;0%;0%;0%;0%;0%;0%;0%;0%;0%;0%;0%;0%;0%;0%;0%;0%;0%;0%;40%
3302-1518-TECNOLOGIA EN DISEÑO INDUSTRIAL;TASA DE RETENCIÓN;0%;0%;0%;0%;0%;0%;0%;0%;0%;0%;0%;0%;0%;0%;0%;0%;0%;0%;0%;0%;52.86%;54.07%;60.34%;76.79%;76.59%;72.86%;76.51%;75.49%;81.72%;76.27%;84.02%;80.26%;0%;0%;0%;0%;0%;0%;0%;0%;0%;0%;0%;0%;0%;0%;0%;79.69%;2.96%;0%
3302-2114-TECNOLOGIA EN ELECTROMECANICA;TASA DE RETENCIÓN;0%;0%;82.35%;89.16%;84.01%;89.18%;83.77%;86.6%;85.34%;83.58%;89.25%;85.4%;88.56%;91.24%;89.13%;88.03%;79.9%;78.22%;73.14%;72.67%;69.13%;64.29%;63.83%;79.15%;84.44%;81.99%;75.33%;72.58%;81.63%;78.07%;83.48%;72.78%;77.01%;81.99%;82.44%;76.75%;81.77%;77.24%;77.01%;79.15%;79.93%;78.76%;77.68%;82.41%;79.29%;83.96%;93.89%;90.26%;91.71%;87.67%
3302-2240-TECNOLOGIA EN SECRETARIADO EJECUTIVO;TASA DE RETENCIÓN;0%;0%;89.83%;82.98%;86.13%;87.5%;79%;86.75%;89.82%;90.67%;87.01%;86.8%;88.42%;93.39%;94.87%;97.3%;92.86%;77.78%;43.75%;0%;71.43%;0%;0%;0%;0%;0%;0%;0%;0%;0%;0%;0%;0%;0%;0%;0%;0%;0%;0%;0%;0%;0%;0%;0%;0%;0%;0%;0%;0%;0%
3302-4277-TECNOLOGIA EN CONSTRUCCION DE ACABADOS ARQUITECTONICOS;TASA DE RETENCIÓN;0%;0%;0%;0%;0%;0%;0%;0%;0%;0%;0%;0%;0%;0%;0%;0%;0%;0%;0%;0%;61.29%;37.5%;45.16%;52.59%;71.43%;72.89%;71.49%;76.33%;81.46%;76.34%;82.02%;81.96%;0%;0%;0%;0%;0%;0%;0%;0%;0%;0%;0%;0%;0%;0%;0%;0%;79.71%;0%
3302-4750-TECNOLOGIA EN ANALISIS DE COSTOS Y PRESUPUESTOS;TASA DE RETENCIÓN;0%;0%;0%;0%;0%;0%;0%;0%;0%;0%;0%;0%;0%;0%;0%;0%;0%;0%;0%;0%;65%;66.95%;68.29%;82.03%;80.44%;76.99%;77.78%;76.97%;86.37%;82.67%;86.35%;82.26%;0%;0%;0%;0%;0%;0%;0%;0%;0%;0%;0%;0%;0%;0%;80.5%;2.14%;100%;71.43%
3302-6536-TECNOLOGIA EN PRODUCCION;TASA DE RETENCIÓN;0%;0%;0%;0%;0%;0%;0%;0%;0%;0%;0%;0%;0%;0%;0%;0%;0%;0%;0%;0%;64.93%;64.33%;65.77%;77.04%;81.14%;78.26%;74.27%;78.63%;82.61%;80.24%;84.95%;84.1%;0%;0%;0%;0%;0%;0%;0%;0%;0%;0%;0%;0%;0%;77.96%;3.32%;100%;100%;0%
3302-6537-TECNOLOGIA EN TELECOMUNICACIONES;TASA DE RETENCIÓN;0%;0%;0%;77.27%;81.7%;86.96%;82.28%;85.34%;85.14%;81.86%;89.72%;83.64%;87.44%;87.24%;85.6%;85.13%;79.7%;79.3%;75.68%;72.71%;68.29%;61.85%;67.09%;79.81%;80.19%;75.5%;69.9%;69.38%;73.98%;79.3%;78.79%;71.44%;79.44%;82.11%;81.35%;77.81%;79.52%;77.89%;75.29%;72.7%;77.06%;74.62%;73.59%;72.9%;78.44%;79.56%;91.63%;90.48%;88.24%;90%
3302-8483-TECNOLOGIA EN CALIDAD;TASA DE RETENCIÓN;0%;0%;0%;0%;0%;0%;0%;0%;0%;0%;0%;0%;0%;0%;0%;0%;0%;0%;0%;0%;55.43%;63.75%;62.34%;75.85%;77.86%;72.6%;74.02%;74.48%;79.85%;74.58%;81.31%;77.37%;0%;0%;0%;0%;0%;0%;0%;0%;0%;0%;0%;0%;0%;0%;0%;76.91%;0%;50%
3302-8485-TECNOLOGIA EN SISTEMAS DE INFORMACION;TASA DE RETENCIÓN;0%;0%;0%;0%;0%;0%;0%;0%;0%;0%;0%;0%;0%;0%;0%;0%;0%;0%;0%;0%;63.05%;59.53%;61.6%;75.84%;81.08%;74.72%;72.71%;65.88%;73.57%;76.34%;81.48%;78.21%;0%;0%;0%;0%;0%;0%;0%;0%;0%;0%;0%;0%;0%;0%;0%;75.3%;0.63%;0%
3302-9466-TECNOLOGIA EN MANTENIMIENTO DE EQUIPO BIOMEDICO;TASA DE RETENCIÓN;0%;0%;0%;0%;0%;0%;0%;73.68%;83.22%;81.43%;81.06%;81.22%;85.26%;85.68%;82.72%;81.13%;76.56%;76.92%;74.39%;75.28%;64.02%;59.35%;60.68%;69.74%;82.27%;78.59%;71.36%;73.65%;78.76%;73.91%;74.77%;70.33%;79.19%;81.15%;82.52%;76.76%;81.87%;75.68%;74.83%;74.91%;77.86%;80.41%;72.93%;74.22%;72.45%;77.51%;88.02%;85.54%;82.31%;83.84%
3302-11085-TECNOLOGIA EN ELECTRONICA;TASA DE RETENCIÓN;0%;0%;0%;0%;0%;0%;0%;0%;0%;81.67%;80.98%;86.77%;88.17%;88.3%;90.78%;88.36%;85.29%;87.13%;74.24%;69.59%;67.59%;61.83%;70.9%;81.93%;86.03%;77.66%;73.8%;72.31%;78.74%;77.41%;81.84%;75.13%;80.82%;82.89%;79.58%;80.82%;86%;79%;77.25%;78.27%;77.63%;81.24%;77.16%;79.8%;79.3%;85.6%;91.01%;93.06%;88.43%;86.81%
3302-15600-TECNOLOGIA EN GESTION ADMINISTRATIVA;TASA DE RETENCIÓN;0%;0%;0%;0%;0%;0%;0%;0%;0%;0%;0%;0%;0%;80%;67.47%;84.54%;71.86%;75.32%;68.05%;66.34%;66.95%;63.35%;66.93%;73.06%;79.58%;74.32%;75%;79.11%;86.06%;83.42%;88.71%;81.35%;85.66%;84.98%;86.84%;84.76%;87.57%;86.26%;86.3%;84.2%;84.66%;83.78%;84.18%;84.92%;84.24%;85.99%;92.83%;88.9%;86.56%;87.77%
3302-17719-TECNOLOGIA EN ANALISIS DE COSTOS Y PRESUPUESTOS;TASA DE RETENCIÓN;0%;0%;0%;0%;0%;0%;0%;0%;0%;0%;0%;0%;0%;0%;0%;0%;0%;0%;0%;0%;25%;69.23%;56.52%;66.2%;68.48%;73.81%;67.59%;64.53%;67.61%;61.93%;74.79%;79.27%;85%;75%;80.95%;91.67%;88.89%;62.5%;0%;0%;0%;0%;0%;0%;0%;0%;0%;0%;0%;0%
3302-17720-TECNOLOGIA EN INFORMATICA MUSICAL;TASA DE RETENCIÓN;0%;0%;0%;0%;0%;0%;0%;0%;0%;0%;0%;0%;0%;0%;74.19%;75%;66.67%;77.69%;67.86%;57.14%;46.62%;46.15%;62.63%;76.85%;83.78%;75.54%;73.24%;76.28%;78.7%;72.32%;82.68%;78.53%;75.71%;77.26%;79.24%;78.72%;81.69%;78.68%;82.11%;82.89%;75.8%;77.51%;72.22%;74.67%;79.31%;74.43%;89.24%;83.52%;81.51%;80.59%
3302-52129-INGENIERIA ELECTRÓNICA;TASA DE RETENCIÓN;0%;0%;0%;0%;0%;0%;0%;0%;0%;0%;0%;0%;0%;0%;0%;0%;0%;0%;0%;90.91%;73.33%;75%;75%;92.86%;90.91%;74.19%;80.52%;87.78%;83.33%;91.6%;94.12%;88.74%;94.56%;89.3%;86.73%;89.86%;87.39%;87.23%;86.4%;82.95%;88.08%;83.9%;89.95%;88.18%;85.43%;83.94%;94.57%;97.13%;91.96%;92.96%
3302-52130-INGENIERIA ELECTROMECÁNICA;TASA DE RETENCIÓN;0%;0%;0%;0%;0%;0%;0%;0%;0%;0%;0%;0%;0%;0%;0%;0%;0%;0%;0%;80.95%;80.77%;72.22%;90.48%;82.28%;86%;82.41%;78.29%;84.02%;87.5%;92.12%;92.73%;92.9%;91.5%;93.65%;91.71%;85.98%;88.84%;87.41%;87.2%;88.86%;87.19%;93.32%;89.41%;88.49%;84.59%;89.79%;93.85%;95.61%;91.07%;94.15%
3302-52131-INGENIERIA DE PRODUCCI¿N;TASA DE RETENCIÓN;0%;0%;0%;0%;0%;0%;0%;0%;0%;0%;0%;0%;0%;0%;0%;0%;0%;0%;0%;76.92%;72.73%;82.5%;75.61%;90%;86.88%;88.33%;85.54%;87.25%;88.25%;90.13%;89.76%;94.22%;95.73%;94.37%;96.23%;95.56%;95.1%;93.28%;89.48%;93.02%;93.98%;94.34%;93.25%;92.31%;94.11%;92.76%;97.68%;97.37%;96.67%;96.41%
3302-52204-INGENIERIA FINANCIERA Y DE NEGOCIOS;TASA DE RETENCIÓN;0%;0%;0%;0%;0%;0%;0%;0%;0%;0%;0%;0%;0%;0%;0%;0%;0%;0%;0%;0%;75%;77.27%;78.69%;90.48%;88.64%;81.13%;77.58%;85.96%;94.22%;96.82%;97.84%;96.99%;96.95%;96.31%;97.7%;97.29%;96.3%;93.14%;91.11%;89.66%;93.14%;93.47%;92.11%;93.82%;90.87%;94.2%;96.75%;96.57%;97.14%;93.46%
3302-52205-INGENIERIA DE SISTEMAS;TASA DE RETENCIÓN;0%;0%;0%;0%;0%;0%;0%;0%;0%;0%;0%;0%;0%;0%;0%;0%;0%;0%;0%;0%;82.5%;76.6%;75.31%;87.88%;88.28%;81.76%;78.19%;80.08%;88.73%;90.88%;97.12%;93.3%;95.08%;92.86%;89.4%;85.37%;90.28%;84.47%;89.84%;88.46%;91.83%;94.51%;94.09%;92.68%;91.97%;92.84%;94.01%;95.11%;93.1%;94.23%
3302-52272-INGENIERIA EN DISEÑO INDUSTRIAL;TASA DE RETENCIÓN;0%;0%;0%;0%;0%;0%;0%;0%;0%;0%;0%;0%;0%;0%;0%;0%;0%;0%;0%;0%;68.75%;63.16%;78.57%;95.12%;89.8%;87.88%;91.84%;94.62%;88.67%;89.02%;95.81%;90.17%;87.3%;91.15%;93.88%;87.44%;93.08%;96.46%;88.61%;93.75%;82.61%;80%;77.78%;50%;0%;0%;0%;0%;0%;0%
3302-52299-INGENIERÍA DE TELECOMUNICACIONES;TASA DE RETENCIÓN;0%;0%;0%;0%;0%;0%;0%;0%;0%;0%;0%;0%;0%;0%;0%;0%;0%;0%;0%;0%;85.71%;79.1%;80%;83.21%;87.5%;79.49%;75.23%;72.35%;86.63%;92.58%;92.73%;88.41%;95.36%;90.86%;88.5%;83.23%;88.4%;88.96%;85.29%;89.58%;86.59%;89.64%;87.5%;89.25%;87.66%;91.1%;96.01%;96.11%;96.43%;95.58%
3302-53340-INGENIERÍA BIOMÉDICA;TASA DE RETENCIÓN;0%;0%;0%;0%;0%;0%;0%;0%;0%;0%;0%;0%;0%;0%;0%;0%;0%;0%;0%;0%;0%;0%;65.79%;74.76%;83%;76.02%;83.96%;81.1%;84.49%;82.74%;84.41%;82.79%;85.76%;86.92%;86.56%;88.36%;89.66%;87.15%;85.54%;87.48%;88.12%;88.88%;87.79%;88.52%;90.5%;89.47%;95.3%;94.07%;90.71%;92.46%
3302-53799-TECNOLOGIA EN CONSTRUCCION DE ACABADOS ARQUITECTONICOS;TASA DE RETENCIÓN;0%;0%;83.33%;85%;82.76%;84.69%;83.82%;80.59%;88.82%;84.62%;81.53%;81.01%;77.63%;75%;78.72%;88.16%;81.72%;66.67%;60.22%;1.96%;33.33%;66.67%;60%;35.29%;40%;50%;37.5%;0%;75%;77.78%;58.33%;50%;95%;87.5%;78.7%;82.64%;87.46%;83.15%;82.04%;82.86%;83.2%;82.49%;77.99%;85.11%;81.25%;82.42%;90.15%;80.78%;84.84%;81.49%
3302-53800-TECNOLOGIA EN CALIDAD;TASA DE RETENCIÓN;0%;0%;0%;0%;0%;0%;75.68%;77.94%;84.83%;87.13%;86.05%;89.74%;89.79%;88.69%;89.12%;89.36%;87.59%;82.84%;72.33%;2.27%;72.73%;50%;75%;57.14%;77.78%;53.85%;71.43%;20%;50%;25%;70%;46.15%;85.71%;72.22%;71.27%;84.77%;84.49%;81.46%;81.75%;80.54%;80.45%;80.81%;75.98%;75.29%;80.07%;77.34%;93.12%;92.07%;94.05%;92.93%
3302-53801-TECNOLOGIA EN SISTEMAS DE INFORMACION;TASA DE RETENCIÓN;0%;0%;0%;0%;0%;0%;77.04%;72.02%;87.69%;84.96%;88.53%;86.53%;87.65%;86.9%;81.24%;83.23%;75.3%;78.14%;64.37%;4.25%;40%;52.94%;60%;82.61%;57.14%;70.69%;53.19%;37.7%;44.12%;57.58%;73.53%;52.94%;80%;81.19%;84.37%;77.91%;83.96%;79.31%;78.32%;77.97%;80.01%;81.52%;79.06%;82.08%;80.78%;84.65%;92.78%;87.83%;88.54%;89.42%
3302-53802-TECNOLOGIA EN PRODUCCIÓN;TASA DE RETENCIÓN;0%;0%;0%;79.41%;69.23%;78.7%;79.58%;81.76%;85.71%;85.21%;77.03%;85.48%;88.44%;89.07%;88.49%;88.24%;87.3%;83.7%;72.56%;2.22%;55.56%;61.11%;58.54%;51.61%;65.63%;70.83%;54.17%;46.15%;75%;75%;85%;63.64%;76.32%;82.22%;78.84%;82.47%;84.18%;86.37%;82.04%;81.96%;83.62%;82.71%;82%;82.62%;86.11%;88.14%;94.86%;95.51%;95.54%;91.99%
3302-53803-TECNOLOGIA EN ANALISIS DE COSTOS Y PRESUPUESTOS;TASA DE RETENCIÓN;0%;0%;89.17%;84.45%;83.75%;86.92%;84.53%;87.17%;86.14%;84.32%;85.75%;87.16%;85.45%;91.39%;92.94%;84.47%;83.04%;82.32%;71.57%;1.61%;45.83%;57.69%;58.14%;66.67%;58.49%;60.53%;55.26%;43.75%;62.5%;39.39%;70.83%;50%;81.69%;87.95%;83.6%;79.48%;82.54%;83.83%;83.66%;83.5%;83.84%;82.14%;78.55%;82.24%;80.49%;82.27%;92.01%;87.74%;85.83%;84.59%
3302-53806-TECNOLOGÍA EN DISEÑO INDUSTRIAL;TASA DE RETENCIÓN;0%;0%;69.44%;84.75%;87.63%;83.33%;83.87%;82.55%;78.48%;82.06%;81.6%;81.97%;89.72%;84.89%;81.28%;82.33%;73.68%;68.51%;65.02%;3.21%;52.17%;64.71%;54.55%;58.97%;52.17%;60.61%;58.06%;40%;76.92%;46.67%;65.22%;73.08%;78%;78.69%;83.24%;84.31%;86.59%;86.35%;82.69%;80.53%;80.71%;84.24%;79.04%;79.43%;77.41%;77.55%;85.37%;83.49%;80.19%;84.81%
3302-55072-ADMINISTRACI¿N TECN¿LOGICA;TASA DE RETENCIÓN;0%;0%;0%;0%;0%;0%;0%;0%;0%;0%;0%;0%;0%;0%;0%;0%;0%;0%;0%;0%;0%;0%;0%;0%;0%;0%;66.51%;70.38%;83.6%;79.39%;84.18%;83.06%;86.3%;89.06%;88.76%;89.87%;89.32%;88.55%;88.62%;88.49%;90.53%;90.2%;90.37%;87.83%;89.12%;90.13%;95.68%;94.48%;93.75%;92.89%
3302-55105-FÍSICA;TASA DE RETENCIÓN;0%;0%;0%;0%;0%;0%;0%;0%;0%;0%;0%;0%;0%;0%;0%;0%;0%;0%;0%;0%;0%;0%;0%;0%;0%;0%;54.55%;61.54%;85.71%;92%;63.41%;82.76%;91.67%;81.82%;77.78%;85.71%;91.67%;91.67%;100%;100%;90.91%;100%;100%;100%;100%;100%;75%;100%;100%;100%
3302-90355-ARTES VISUALES;TASA DE RETENCIÓN;0%;0%;0%;0%;0%;0%;0%;0%;0%;0%;0%;0%;0%;0%;0%;0%;0%;0%;0%;0%;0%;0%;0%;0%;0%;0%;0%;79.17%;76.58%;77.56%;81.35%;88.89%;86.94%;82.28%;86.64%;86.13%;90.63%;88.08%;90.16%;89.64%;86.26%;86.81%;88.34%;84.84%;89.03%;88.54%;93.23%;91.49%;90.2%;86.71%
3302-90442-INGENIERÍA MECATRÓNICA;TASA DE RETENCIÓN;0%;0%;0%;0%;0%;0%;0%;0%;0%;0%;0%;0%;0%;0%;0%;0%;0%;0%;0%;0%;0%;0%;0%;0%;0%;0%;0%;81.71%;78.76%;79.28%;83.23%;80.32%;80.36%;84.14%;83.13%;84.74%;85.82%;83.15%;84.82%;84.62%;84.63%;85.5%;85.28%;86.12%;84.9%;85.3%;91.52%;89.5%;88%;87.76%
3302-103928-INGENIERÍA EN DISEÑO INDUSTRIAL;TASA DE RETENCIÓN;0%;0%;0%;0%;0%;0%;0%;0%;0%;0%;0%;0%;0%;0%;0%;0%;0%;0%;0%;0%;0%;0%;0%;100%;100%;100%;100%;0%;0%;0%;0%;0%;0%;0%;100%;0%;89.13%;87.26%;82.33%;82.11%;83.37%;88.13%;85.86%;90.69%;87.85%;88.32%;93.76%;90.97%;92.67%;90.27%
3302-104332-QUÍMICA INDUSTRIAL;TASA DE RETENCIÓN;0%;0%;0%;0%;0%;0%;0%;0%;0%;0%;0%;0%;0%;0%;0%;0%;0%;0%;0%;0%;0%;0%;0%;0%;0%;0%;0%;0%;0%;0%;0%;0%;0%;0%;0%;0%;0%;84%;84.29%;82.52%;79.35%;87.22%;84.75%;88.89%;85.23%;89.77%;92.44%;90.51%;89.36%;90.05%
3302-104682-ARTES DE LA GRABACION Y PRODUCCION MUSICAL;TASA DE RETENCIÓN;0%;0%;0%;0%;0%;0%;0%;0%;0%;0%;0%;0%;0%;0%;0%;0%;0%;0%;0%;0%;0%;0%;0%;0%;0%;0%;0%;0%;0%;0%;0%;0%;0%;0%;0%;0%;0%;0%;82.19%;82.47%;83.08%;85.96%;91.75%;91.7%;84.01%;89.21%;92.43%;93.68%;89.24%;89.5%
3302-105852-CONTADURÍA PÚBLICA;TASA DE RETENCIÓN;0%;0%;0%;0%;0%;0%;0%;0%;0%;0%;0%;0%;0%;0%;0%;0%;0%;0%;0%;0%;0%;0%;0%;0%;0%;0%;0%;0%;0%;0%;0%;0%;0%;0%;0%;0%;0%;0%;0%;0%;83.67%;84.07%;84.41%;85.22%;84.96%;86.83%;94.56%;93.52%;91.26%;91.88%
3302-106188-INGENIERÍA DE LA CALIDAD;TASA DE RETENCIÓN;0%;0%;0%;0%;0%;0%;0%;0%;0%;0%;0%;0%;0%;0%;0%;0%;0%;0%;0%;0%;0%;0%;0%;0%;0%;0%;0%;0%;0%;0%;0%;0%;0%;0%;0%;0%;0%;0%;0%;0%;0%;89.83%;77.65%;88.54%;75.11%;80.56%;87.54%;88.61%;87.43%;84.05%
3302-106314-CINE;TASA DE RETENCIÓN;0%;0%;0%;0%;0%;0%;0%;0%;0%;0%;0%;0%;0%;0%;0%;0%;0%;0%;0%;0%;0%;0%;0%;0%;0%;0%;0%;0%;0%;0%;0%;0%;0%;0%;0%;0%;0%;0%;0%;0%;0%;79.17%;88.51%;86.3%;88.46%;88.21%;95.15%;91.4%;91.67%;91.17%
3302-106810-TECNOLOGIA EN SISTEMAS ELECTROMECANICOS;TASA DE RETENCIÓN;0%;0%;0%;0%;0%;0%;0%;0%;0%;0%;0%;0%;0%;0%;0%;0%;0%;0%;0%;0%;0%;0%;0%;0%;0%;0%;0%;0%;0%;0%;0%;0%;0%;0%;0%;0%;0%;0%;0%;0%;0%;0%;0%;61.95%;63.81%;65.25%;76.68%;77.49%;78.04%;78.02%
3302-107004-TECNOLOGIA EN AUTOMATIZACIÓN ELECTRONICA;TASA DE RETENCIÓN;0%;0%;0%;0%;0%;0%;0%;0%;0%;0%;0%;0%;0%;0%;0%;0%;0%;0%;0%;0%;0%;0%;0%;0%;0%;0%;0%;0%;0%;0%;0%;0%;0%;0%;0%;0%;0%;0%;0%;0%;0%;0%;0%;60.36%;76.77%;83.01%;79.93%;79.31%;76.09%;76.01%
3302-107381-TECNOLOGÍA EN GESTIÓN DE REDES DE  TELECOMUNICACIONES;TASA DE RETENCIÓN;0%;0%;0%;0%;0%;0%;0%;0%;0%;0%;0%;0%;0%;0%;0%;0%;0%;0%;0%;0%;0%;0%;0%;0%;0%;0%;0%;0%;0%;0%;0%;0%;0%;0%;0%;0%;0%;0%;0%;0%;0%;0%;0%;0%;63.37%;62.43%;77.54%;69.06%;72.18%;75.17%
3302-107390-INGENIERIA FINANCIERA;TASA DE RETENCIÓN;0%;0%;0%;0%;0%;0%;0%;0%;0%;0%;0%;0%;0%;0%;0%;0%;0%;0%;0%;0%;0%;0%;0%;0%;0%;0%;0%;0%;0%;0%;0%;0%;0%;0%;0%;0%;0%;0%;0%;0%;0%;0%;0%;0%;91.2%;91.03%;96.72%;96.33%;95.83%;95.57%
3302-107391-CIENCIAS AMBIENTALES;TASA DE RETENCIÓN;0%;0%;0%;0%;0%;0%;0%;0%;0%;0%;0%;0%;0%;0%;0%;0%;0%;0%;0%;0%;0%;0%;0%;0%;0%;0%;0%;0%;0%;0%;0%;0%;0%;0%;0%;0%;0%;0%;0%;0%;0%;0%;0%;0%;78.33%;83.16%;92.25%;88.54%;85.71%;84.89%
3302-107534-TECNOLOGIA EN SISTEMAS DE PRODUCCI¿N;TASA DE RETENCIÓN;0%;0%;0%;0%;0%;0%;0%;0%;0%;0%;0%;0%;0%;0%;0%;0%;0%;0%;0%;0%;0%;0%;0%;0%;0%;0%;0%;0%;0%;0%;0%;0%;0%;0%;0%;0%;0%;0%;0%;0%;0%;0%;0%;0%;58.39%;61.03%;75.66%;76.85%;72.37%;78.33%
3302-107535-TECNOLOGIA EN DESARROLLO DE SOFTWARE;TASA DE RETENCIÓN;0%;0%;0%;0%;0%;0%;0%;0%;0%;0%;0%;0%;0%;0%;0%;0%;0%;0%;0%;0%;0%;0%;0%;0%;0%;0%;0%;0%;0%;0%;0%;0%;0%;0%;0%;0%;0%;0%;0%;0%;0%;0%;0%;0%;67.16%;69.92%;86.5%;83.76%;79.06%;84.72%
3302-107696-TECNOLOGÍA EN GESTIÓN ADMINISTRATIVA;TASA DE RETENCIÓN;0%;0%;0%;0%;0%;0%;0%;0%;0%;0%;0%;0%;0%;0%;0%;0%;0%;0%;0%;0%;0%;0%;0%;0%;0%;0%;0%;0%;0%;0%;0%;0%;0%;0%;0%;0%;0%;0%;0%;0%;0%;0%;0%;0%;0%;61.62%;71.9%;72.49%;67.47%;80.46%
3302-107943-TECNOLOGÍA EN ANÁLISIS DE COSTOS Y PRESUPUESTOS;TASA DE RETENCIÓN;0%;0%;0%;0%;0%;0%;0%;0%;0%;0%;0%;0%;0%;0%;0%;0%;0%;0%;0%;0%;0%;0%;0%;0%;0%;0%;0%;0%;0%;0%;0%;0%;0%;0%;0%;0%;0%;0%;0%;0%;0%;0%;0%;0%;0%;0%;40.91%;46.46%;47.66%;65.13%
3302-108394-TECNOLOGÍA EN DISEÑO Y PROGRAMACIÓN DE SOLUCIONES DE SOFTWARE COMO SERVICIO;TASA DE RETENCIÓN;0%;0%;0%;0%;0%;0%;0%;0%;0%;0%;0%;0%;0%;0%;0%;0%;0%;0%;0%;0%;0%;0%;0%;0%;0%;0%;0%;0%;0%;0%;0%;0%;0%;0%;0%;0%;0%;0%;0%;0%;0%;0%;0%;0%;0%;0%;0%;50%;31.11%;40.17%
3302-108639-TECNOLOGÍA EN DESARROLLO DE APLICACIONES PARA DISPOSITIVOS MÓVILES;TASA DE RETENCIÓN;0%;0%;0%;0%;0%;0%;0%;0%;0%;0%;0%;0%;0%;0%;0%;0%;0%;0%;0%;0%;0%;0%;0%;0%;0%;0%;0%;0%;0%;0%;0%;0%;0%;0%;0%;0%;0%;0%;0%;0%;0%;0%;0%;0%;0%;0%;0%;42.86%;21.62%;28.57%
3302-108789-TECNOLOGIA EN CONTROL DE LA CALIDAD;TASA DE RETENCIÓN;0%;0%;0%;0%;0%;0%;0%;0%;0%;0%;0%;0%;0%;0%;0%;0%;0%;0%;0%;0%;0%;0%;0%;0%;0%;0%;0%;0%;0%;0%;0%;0%;0%;0%;0%;0%;0%;0%;0%;0%;0%;0%;0%;0%;0%;0%;72.18%;67.47%;67.78%;82.82%
3302-109927-INTERPRETACIÓN Y TRADUCCIÓN LENGUA DE SEÑAS COLOMBIANA - ESPAÑOL;TASA DE RETENCIÓN;0%;0%;0%;0%;0%;0%;0%;0%;0%;0%;0%;0%;0%;0%;0%;0%;0%;0%;0%;0%;0%;0%;0%;0%;0%;0%;0%;0%;0%;0%;0%;0%;0%;0%;0%;0%;0%;0%;0%;0%;0%;0%;0%;0%;0%;0%;0%;0%;0%;60%
