NOMBRE;TIPO;1998-1;1998-2;1999-1;1999-2;2000-1;2000-2;2001-1;2001-2;2002-1;2002-2;2003-1;2003-2;2004-1;2004-2;2005-1;2005-2;2006-1;2006-2;2007-1;2007-2;2008-1;2008-2;2009-1;2009-2;2010-1;2010-2;2011-1;2011-2;2012-1;2012-2;2013-1;2013-2;2014-1;2014-2;2015-1;2015-2;2016-1;2016-2;2017-1;2017-2;2018-1;2018-2;2019-1;2019-2;2020-1;2020-2;2021-1;2021-2
3302-1518-TECNOLOGIA EN DISEÑO INDUSTRIAL;TASA DE DESERCIÓN;0%;0%;0%;0%;0%;0%;0%;0%;0%;0%;0%;0%;0%;0%;0%;0%;0%;0%;0%;0%;47.48%;45.61%;39.66%;23.21%;23.63%;27.01%;23.49%;24.69%;18.3%;23.76%;16%;19.72%;0%;0%;0%;0%;0%;0%;0%;0%;0%;0%;0%;0%;0%;0%;0%;20.31%
3302-2114-TECNOLOGIA EN ELECTROMECANICA;TASA DE DESERCIÓN;0%;0%;17.65%;10.84%;16.04%;10.88%;16.29%;13.45%;14.7%;16.47%;10.79%;14.48%;11.44%;8.76%;10.87%;11.99%;20.13%;21.82%;26.92%;27.38%;30.92%;35.73%;36.18%;20.75%;15.56%;17.91%;24.64%;27.58%;18.26%;21.9%;16.5%;27.22%;22.91%;18.01%;17.8%;23.32%;18.26%;22.89%;23.06%;20.92%;20.13%;21.26%;22.41%;17.59%;20.71%;16.04%;6.11%;9.74%
3302-2240-TECNOLOGIA EN SECRETARIADO EJECUTIVO;TASA DE DESERCIÓN;0%;0%;10.17%;17.02%;13.87%;12.5%;21%;13.25%;10.18%;9.33%;12.99%;13.2%;11.58%;6.61%;5.13%;2.7%;7.14%;22.22%;56.25%;0%;28.57%;0%;0%;0%;0%;0%;0%;0%;0%;0%;0%;0%;0%;0%;0%;0%;0%;0%;0%;0%;0%;0%;0%;0%;0%;0%;0%;0%
3302-4277-TECNOLOGIA EN CONSTRUCCION DE ACABADOS ARQUITECTONICOS;TASA DE DESERCIÓN;0%;0%;0%;0%;0%;0%;0%;0%;0%;0%;0%;0%;0%;0%;0%;0%;0%;0%;0%;0%;38.71%;62.5%;54.84%;47.41%;28.57%;27.23%;28.76%;23.77%;18.67%;23.78%;17.78%;18.12%;0%;0%;0%;0%;0%;0%;0%;0%;0%;0%;0%;0%;0%;0%;0%;0%
3302-4750-TECNOLOGIA EN ANALISIS DE COSTOS Y PRESUPUESTOS;TASA DE DESERCIÓN;0%;0%;0%;0%;0%;0%;0%;0%;0%;0%;0%;0%;0%;0%;0%;0%;0%;0%;0%;0%;35.32%;33.33%;31.87%;18.18%;19.63%;23.1%;22.13%;23.36%;13.71%;17.52%;13.75%;17.88%;0%;0%;0%;0%;0%;0%;0%;0%;0%;0%;0%;0%;0%;0%;19.54%;97.85%
3302-6536-TECNOLOGIA EN PRODUCCION;TASA DE DESERCIÓN;0%;0%;0%;0%;0%;0%;0%;0%;0%;0%;0%;0%;0%;0%;0%;0%;0%;0%;0%;0%;35.24%;35.69%;34.42%;22.94%;19.06%;21.71%;25.58%;21.37%;17.5%;19.8%;14.91%;15.9%;0%;0%;0%;0%;0%;0%;0%;0%;0%;0%;0%;0%;0%;22.13%;96.68%;0%
3302-6537-TECNOLOGIA EN TELECOMUNICACIONES;TASA DE DESERCIÓN;0%;0%;0%;22.73%;18.3%;13.04%;17.72%;14.66%;14.86%;18.14%;10.28%;16.38%;12.59%;12.69%;14.46%;14.95%;20.27%;20.93%;24.46%;27.39%;31.63%;38.24%;32.98%;20.22%;19.72%;24.5%;30.1%;30.68%;26.02%;20.7%;21.19%;28.58%;20.58%;17.99%;18.99%;22.39%;20.42%;22.23%;24.75%;27.33%;23.1%;25.34%;26.47%;27.19%;21.51%;20.73%;8.37%;9.52%
3302-8483-TECNOLOGIA EN CALIDAD;TASA DE DESERCIÓN;0%;0%;0%;0%;0%;0%;0%;0%;0%;0%;0%;0%;0%;0%;0%;0%;0%;0%;0%;0%;45.05%;36.48%;37.66%;24.15%;22.14%;27.4%;25.98%;25.58%;20.19%;25.46%;18.72%;22.67%;0%;0%;0%;0%;0%;0%;0%;0%;0%;0%;0%;0%;23.13%;100%;0%;0%
3302-8485-TECNOLOGIA EN SISTEMAS DE INFORMACION;TASA DE DESERCIÓN;0%;0%;0%;0%;0%;0%;0%;0%;0%;0%;0%;0%;0%;0%;0%;0%;0%;0%;0%;0%;37.2%;40.47%;38.46%;24.06%;19.01%;25.34%;27.31%;34.25%;26.28%;23.64%;18.58%;21.75%;0%;0%;0%;0%;0%;0%;0%;0%;0%;0%;0%;0%;0%;0%;0%;24.76%
3302-9466-TECNOLOGIA EN MANTENIMIENTO DE EQUIPO BIOMEDICO;TASA DE DESERCIÓN;0%;0%;0%;0%;0%;0%;0%;26.32%;16.83%;18.35%;18.94%;18.78%;14.74%;14.35%;17.1%;18.87%;23.44%;23.08%;25.61%;24.72%;35.98%;40.65%;39.53%;30.15%;18.31%;21.52%;29.05%;26.55%;21.39%;26.25%;25.35%;29.84%;20.67%;18.85%;17.72%;23.36%;17.95%;24.4%;25.25%;25.09%;22.14%;19.59%;27.07%;25.61%;27.42%;22.2%;11.83%;14.49%
3302-11085-TECNOLOGIA EN ELECTRONICA;TASA DE DESERCIÓN;0%;0%;0%;0%;0%;0%;0%;0%;0%;19.67%;19.02%;13.23%;11.87%;11.73%;9.24%;11.67%;14.75%;12.9%;25.82%;30.41%;32.53%;38.33%;29.19%;18.37%;14%;22.39%;26.25%;27.75%;21.3%;22.59%;18.13%;24.83%;19.45%;17.25%;20.75%;19.1%;14.19%;20.91%;22.68%;21.65%;22.47%;18.73%;22.75%;20.34%;20.63%;14.34%;8.94%;6.9%
3302-15600-TECNOLOGIA EN GESTION ADMINISTRATIVA;TASA DE DESERCIÓN;0%;0%;0%;0%;0%;0%;0%;0%;0%;0%;0%;0%;0%;20%;32.53%;16.33%;28.48%;24.84%;32.14%;33.89%;32.85%;36.65%;33.07%;27.05%;20.42%;25.77%;25.09%;20.87%;14.04%;16.55%;11.25%;18.72%;14.32%;15.03%;13.27%;15.29%;12.5%;13.75%;13.75%;15.85%;15.36%;16.24%;15.87%;15.04%;15.77%;13.94%;7.12%;11.18%
3302-17719-TECNOLOGIA EN ANALISIS DE COSTOS Y PRESUPUESTOS;TASA DE DESERCIÓN;0%;0%;0%;0%;0%;0%;0%;0%;0%;0%;0%;0%;0%;0%;0%;0%;0%;0%;0%;100%;75%;30.77%;43.48%;33.8%;31.52%;26.19%;32.41%;35.47%;32.39%;38.07%;25.21%;20.73%;15%;25%;19.05%;8.33%;11.11%;37.5%;0%;0%;0%;0%;0%;0%;0%;0%;0%;0%
3302-17720-TECNOLOGIA EN INFORMATICA MUSICAL;TASA DE DESERCIÓN;0%;0%;0%;0%;0%;0%;0%;0%;0%;0%;0%;0%;0%;0%;25.81%;25%;33.33%;22.31%;32.14%;42.86%;53.38%;54.31%;36.73%;23.15%;16.22%;24.46%;26.76%;23.72%;21.3%;27.68%;17.32%;21.47%;24.29%;22.74%;21.64%;21.6%;18.58%;21.73%;18.24%;17.39%;24.19%;22.3%;27.96%;25.17%;20.69%;25.57%;10.76%;16.48%
3302-52129-INGENIERIA ELECTRÓNICA;TASA DE DESERCIÓN;0%;0%;0%;0%;0%;0%;0%;0%;0%;0%;0%;0%;0%;0%;0%;0%;0%;0%;0%;9.09%;26.67%;25%;25%;7.14%;9.09%;25.81%;19.48%;12.22%;16.67%;8.4%;5.93%;11.33%;5.48%;10.75%;12.82%;10.14%;12.61%;12.77%;13.6%;17.05%;11.92%;16.18%;9.62%;11.82%;14.57%;16.06%;5.43%;2.87%
3302-52130-INGENIERIA ELECTROMECÁNICA;TASA DE DESERCIÓN;0%;0%;0%;0%;0%;0%;0%;0%;0%;0%;0%;0%;0%;0%;0%;0%;0%;0%;0%;19.05%;19.23%;27.78%;9.52%;17.72%;14%;17.59%;21.71%;16.06%;12.56%;7.92%;7.29%;7.1%;8.47%;6.33%;8.27%;13.99%;11.37%;12.59%;12.8%;11.14%;12.81%;6.44%;10.59%;11.54%;15.45%;10.24%;6.19%;4.42%
3302-52131-INGENIERIA DE PRODUCCI¿N;TASA DE DESERCIÓN;0%;0%;0%;0%;0%;0%;0%;0%;0%;0%;0%;0%;0%;0%;0%;0%;0%;0%;0%;23.08%;27.27%;17.5%;23.75%;10.09%;13.29%;11.93%;14.71%;12.89%;11.65%;9.74%;9.9%;5.82%;4.29%;5.66%;3.61%;4.46%;4.93%;6.74%;10.35%;6.98%;6.02%;5.66%;6.75%;7.69%;5.71%;7.26%;2.33%;2.64%
3302-52204-INGENIERIA FINANCIERA Y DE NEGOCIOS;TASA DE DESERCIÓN;0%;0%;0%;0%;0%;0%;0%;0%;0%;0%;0%;0%;0%;0%;0%;0%;0%;0%;0%;0%;25%;22.73%;21.31%;9.38%;11.24%;18.87%;23.03%;14.1%;5.8%;3.19%;2.17%;3.02%;3.05%;3.7%;2.3%;2.72%;3.71%;6.72%;8.93%;10.39%;6.91%;6.57%;7.95%;6.22%;9.17%;5.84%;3.27%;3.44%
3302-52205-INGENIERIA DE SISTEMAS;TASA DE DESERCIÓN;0%;0%;0%;0%;0%;0%;0%;0%;0%;0%;0%;0%;0%;0%;0%;0%;0%;0%;0%;0%;17.5%;23.4%;24.69%;12.12%;11.72%;18.24%;21.81%;19.83%;11.23%;9.09%;2.88%;6.69%;4.92%;7.14%;10.6%;14.63%;9.74%;15.57%;10.18%;11.57%;8.2%;5.51%;5.93%;7.33%;7.86%;7.17%;5.78%;4.89%
3302-52272-INGENIERIA EN DISEÑO INDUSTRIAL;TASA DE DESERCIÓN;0%;0%;0%;0%;0%;0%;0%;0%;0%;0%;0%;0%;0%;0%;0%;0%;0%;0%;0%;0%;31.25%;36.84%;21.43%;4.88%;10.2%;12.12%;8.25%;5.43%;11.41%;11.04%;4.22%;9.88%;12.7%;8.85%;6.12%;12.56%;6.92%;3.54%;11.39%;6.25%;17.39%;20%;22.22%;50%;0%;0%;0%;0%
3302-52299-INGENIERÍA DE TELECOMUNICACIONES;TASA DE DESERCIÓN;0%;0%;0%;0%;0%;0%;0%;0%;0%;0%;0%;0%;0%;0%;0%;0%;0%;0%;0%;0%;14.29%;20.9%;20%;16.79%;12.58%;20.62%;24.88%;27.78%;13.43%;7.46%;7.3%;11.66%;4.67%;9.2%;11.28%;16.83%;11.64%;11.08%;14.76%;10.49%;13.5%;10.14%;12.61%;10.84%;12.46%;9%;4.01%;3.9%
3302-53340-INGENIERÍA BIOMÉDICA;TASA DE DESERCIÓN;0%;0%;0%;0%;0%;0%;0%;0%;0%;0%;0%;0%;0%;0%;0%;0%;0%;0%;0%;0%;0%;0%;34.21%;25.24%;17.59%;24.11%;16.16%;19.01%;15.53%;17.29%;15.72%;17.35%;14.38%;13.14%;13.72%;11.67%;10.36%;12.98%;14.49%;12.6%;11.95%;11.13%;12.27%;11.53%;9.52%;10.54%;4.64%;5.93%
3302-53799-TECNOLOGIA EN CONSTRUCCION DE ACABADOS ARQUITECTONICOS;TASA DE DESERCIÓN;0%;0%;16.67%;15%;17.24%;15.31%;16.18%;19.41%;11.18%;15.38%;18.47%;18.99%;22.37%;25%;21.28%;11.84%;18.28%;33.33%;39.78%;98.04%;66.67%;33.33%;40%;64.71%;60%;45.45%;62.5%;100%;25%;25%;45.45%;47.06%;5%;12.5%;21.3%;17.01%;12.54%;16.85%;18.01%;17.22%;16.62%;17.55%;22.06%;14.69%;18.75%;17.8%;9.87%;19.25%
3302-53800-TECNOLOGIA EN CALIDAD;TASA DE DESERCIÓN;0%;0%;0%;0%;0%;0%;24.32%;22.06%;15.17%;12.87%;13.95%;10.26%;10.21%;11.31%;10.88%;10.64%;12.41%;17.16%;27.67%;97.73%;30%;55.56%;27.27%;38.46%;22.22%;46.15%;28.57%;80%;50%;75%;30%;53.85%;14.29%;27.78%;29.85%;15.38%;15.36%;18.62%;18.32%;19.54%;19.43%;19.23%;24.07%;24.75%;19.96%;22.66%;6.9%;7.95%
3302-53801-TECNOLOGIA EN SISTEMAS DE INFORMACION;TASA DE DESERCIÓN;0%;0%;0%;0%;0%;0%;22.88%;27.91%;12.28%;15.02%;11.44%;13.44%;12.32%;13.1%;18.76%;16.67%;24.73%;21.89%;35.69%;95.74%;60%;47.06%;40%;17.39%;43.42%;29.82%;47.31%;61.67%;55.88%;42.42%;26.47%;46%;20.48%;19.39%;16.3%;22.04%;16.09%;20.84%;21.7%;22.1%;20.04%;18.54%;20.97%;17.91%;19.29%;15.44%;7.23%;12.19%
3302-53802-TECNOLOGIA EN PRODUCCIÓN;TASA DE DESERCIÓN;0%;0%;0%;20.59%;30.77%;21.3%;20.42%;18.24%;14.29%;14.79%;22.97%;14.52%;11.56%;10.93%;11.51%;11.76%;12.7%;16.3%;27.44%;97.78%;44.44%;38.89%;41.46%;48.39%;34.38%;29.17%;45.83%;53.85%;25%;25%;15%;36.36%;24.32%;18.18%;21.2%;17.56%;15.82%;13.63%;17.96%;18.06%;16.3%;17.29%;18.06%;17.33%;13.83%;11.79%;5.1%;4.45%
3302-53803-TECNOLOGIA EN ANALISIS DE COSTOS Y PRESUPUESTOS;TASA DE DESERCIÓN;0%;0%;10.83%;15.55%;16.25%;13.08%;15.47%;12.83%;13.74%;15.68%;14.39%;12.86%;14.57%;8.61%;7.05%;15.5%;16.9%;17.61%;28.3%;98.4%;54.17%;42.31%;41.86%;33.33%;41.51%;40.54%;45.95%;54.84%;37.5%;62.5%;30.43%;51.43%;18.84%;14.1%;16.84%;20.74%;17.43%;16.36%;16.29%;16.54%;16.18%;17.83%;21.43%;17.68%;19.53%;17.78%;7.97%;12.28%
3302-53806-TECNOLOGÍA EN DISEÑO INDUSTRIAL;TASA DE DESERCIÓN;0%;0%;30.56%;15.25%;12.37%;16.67%;16.13%;17.45%;21.52%;17.94%;18.4%;18.03%;10.28%;15.11%;18.72%;17.67%;26.32%;31.49%;34.98%;96.79%;47.83%;35.29%;45.45%;41.03%;46.67%;39.39%;41.94%;60%;23.08%;53.33%;34.78%;26.92%;22%;22.41%;17.82%;15.96%;13.7%;13.64%;17.15%;19.43%;19.43%;15.47%;20.99%;20.45%;22.48%;22.5%;14.63%;16.51%
3302-55072-ADMINISTRACI¿N TECN¿LOGICA;TASA DE DESERCIÓN;0%;0%;0%;0%;0%;0%;0%;0%;0%;0%;0%;0%;0%;0%;0%;0%;0%;0%;0%;0%;0%;0%;0%;0%;0%;0%;33.49%;29.62%;16.4%;20.57%;15.79%;17.09%;13.7%;11.06%;11.25%;10.14%;10.69%;11.46%;11.4%;11.53%;9.48%;9.79%;9.7%;12.24%;10.87%;9.87%;4.32%;5.52%
3302-55105-FÍSICA;TASA DE DESERCIÓN;0%;0%;0%;0%;0%;0%;0%;0%;0%;0%;0%;0%;0%;0%;0%;0%;0%;0%;0%;0%;0%;0%;0%;0%;0%;0%;45.45%;38.46%;14.29%;8%;38.1%;17.24%;8.33%;18.18%;22.22%;14.29%;8.33%;8.33%;0%;0%;9.09%;0%;0%;0%;0%;0%;25%;0%
3302-90355-ARTES VISUALES;TASA DE DESERCIÓN;0%;0%;0%;0%;0%;0%;0%;0%;0%;0%;0%;0%;0%;0%;0%;0%;0%;0%;0%;0%;0%;0%;0%;0%;0%;0%;0%;20.83%;23.42%;22.58%;18.75%;11.57%;13.11%;18.18%;14.29%;13.7%;9.47%;12.04%;9.94%;10.42%;13.81%;13.26%;11.73%;15.2%;10.97%;11.46%;6.77%;8.51%
3302-90442-INGENIERÍA MECATRÓNICA;TASA DE DESERCIÓN;0%;0%;0%;0%;0%;0%;0%;0%;0%;0%;0%;0%;0%;0%;0%;0%;0%;0%;0%;0%;0%;0%;0%;0%;0%;0%;0%;18.29%;21.24%;20.72%;16.94%;19.68%;19.79%;15.83%;18.26%;15.44%;14.05%;17.15%;15.3%;15.5%;15.48%;14.54%;14.8%;13.95%;15.14%;14.67%;8.41%;10.56%
3302-103928-INGENIERÍA EN DISEÑO INDUSTRIAL;TASA DE DESERCIÓN;0%;0%;0%;0%;0%;0%;0%;0%;0%;0%;0%;0%;0%;0%;0%;0%;0%;0%;0%;0%;0%;0%;0%;0%;0%;0%;0%;0%;0%;0%;0%;0%;0%;0%;0%;100%;10.87%;12.74%;17.67%;17.89%;16.63%;11.87%;14.09%;9.45%;12.12%;11.78%;6.19%;9.1%
3302-104332-QUÍMICA INDUSTRIAL;TASA DE DESERCIÓN;0%;0%;0%;0%;0%;0%;0%;0%;0%;0%;0%;0%;0%;0%;0%;0%;0%;0%;0%;0%;0%;0%;0%;0%;0%;0%;0%;0%;0%;0%;0%;0%;0%;0%;0%;0%;0%;16%;15.71%;17.48%;20.65%;12.78%;15.25%;11.11%;14.77%;10.23%;7.56%;9.49%
3302-104682-ARTES DE LA GRABACION Y PRODUCCION MUSICAL;TASA DE DESERCIÓN;0%;0%;0%;0%;0%;0%;0%;0%;0%;0%;0%;0%;0%;0%;0%;0%;0%;0%;0%;0%;0%;0%;0%;0%;0%;0%;0%;0%;0%;0%;0%;0%;0%;0%;0%;0%;0%;0%;17.81%;16.67%;17.05%;14.12%;8.29%;8.33%;16.04%;10.87%;7.62%;6.36%
3302-105852-CONTADURÍA PÚBLICA;TASA DE DESERCIÓN;0%;0%;0%;0%;0%;0%;0%;0%;0%;0%;0%;0%;0%;0%;0%;0%;0%;0%;0%;0%;0%;0%;0%;0%;0%;0%;0%;0%;0%;0%;0%;0%;0%;0%;0%;0%;0%;0%;0%;0%;16.89%;15.93%;15.59%;14.78%;15.04%;13.28%;5.43%;6.46%
3302-106188-INGENIERÍA DE LA CALIDAD;TASA DE DESERCIÓN;0%;0%;0%;0%;0%;0%;0%;0%;0%;0%;0%;0%;0%;0%;0%;0%;0%;0%;0%;0%;0%;0%;0%;0%;0%;0%;0%;0%;0%;0%;0%;0%;0%;0%;0%;0%;0%;0%;0%;0%;0%;10.17%;22.35%;11.46%;24.79%;19.76%;12.41%;11.36%
3302-106314-CINE;TASA DE DESERCIÓN;0%;0%;0%;0%;0%;0%;0%;0%;0%;0%;0%;0%;0%;0%;0%;0%;0%;0%;0%;0%;0%;0%;0%;0%;0%;0%;0%;0%;0%;0%;0%;0%;0%;0%;0%;0%;0%;0%;0%;0%;0%;20.83%;11.49%;13.7%;11.54%;11.79%;4.85%;8.63%
3302-106810-TECNOLOGIA EN SISTEMAS ELECTROMECANICOS;TASA DE DESERCIÓN;0%;0%;0%;0%;0%;0%;0%;0%;0%;0%;0%;0%;0%;0%;0%;0%;0%;0%;0%;0%;0%;0%;0%;0%;0%;0%;0%;0%;0%;0%;0%;0%;0%;0%;0%;0%;0%;0%;0%;0%;0%;0%;0%;37.39%;35.85%;34.87%;23.26%;22.4%
3302-107004-TECNOLOGIA EN AUTOMATIZACIÓN ELECTRONICA;TASA DE DESERCIÓN;0%;0%;0%;0%;0%;0%;0%;0%;0%;0%;0%;0%;0%;0%;0%;0%;0%;0%;0%;0%;0%;0%;0%;0%;0%;0%;0%;0%;0%;0%;0%;0%;0%;0%;0%;0%;0%;0%;0%;0%;0%;0%;0%;39.64%;23.12%;17.31%;19.93%;21.36%
3302-107381-TECNOLOGÍA EN GESTIÓN DE REDES DE  TELECOMUNICACIONES;TASA DE DESERCIÓN;0%;0%;0%;0%;0%;0%;0%;0%;0%;0%;0%;0%;0%;0%;0%;0%;0%;0%;0%;0%;0%;0%;0%;0%;0%;0%;0%;0%;0%;0%;0%;0%;0%;0%;0%;0%;0%;0%;0%;0%;0%;0%;0%;0%;35.92%;37.7%;22.36%;31.04%
3302-107390-INGENIERIA FINANCIERA;TASA DE DESERCIÓN;0%;0%;0%;0%;0%;0%;0%;0%;0%;0%;0%;0%;0%;0%;0%;0%;0%;0%;0%;0%;0%;0%;0%;0%;0%;0%;0%;0%;0%;0%;0%;0%;0%;0%;0%;0%;0%;0%;0%;0%;0%;0%;0%;0%;8.87%;9.05%;3.3%;3.68%
3302-107391-CIENCIAS AMBIENTALES;TASA DE DESERCIÓN;0%;0%;0%;0%;0%;0%;0%;0%;0%;0%;0%;0%;0%;0%;0%;0%;0%;0%;0%;0%;0%;0%;0%;0%;0%;0%;0%;0%;0%;0%;0%;0%;0%;0%;0%;0%;0%;0%;0%;0%;0%;0%;0%;0%;21.67%;16.84%;7.75%;11.46%
3302-107534-TECNOLOGIA EN SISTEMAS DE PRODUCCIÓN;TASA DE DESERCIÓN;0%;0%;0%;0%;0%;0%;0%;0%;0%;0%;0%;0%;0%;0%;0%;0%;0%;0%;0%;0%;0%;0%;0%;0%;0%;0%;0%;0%;0%;0%;0%;0%;0%;0%;0%;0%;0%;0%;0%;0%;0%;0%;0%;0%;41.1%;38.89%;24.02%;22.93%
3302-107535-TECNOLOGIA EN DESARROLLO DE SOFTWARE;TASA DE DESERCIÓN;0%;0%;0%;0%;0%;0%;0%;0%;0%;0%;0%;0%;0%;0%;0%;0%;0%;0%;0%;0%;0%;0%;0%;0%;0%;0%;0%;0%;0%;0%;0%;0%;0%;0%;0%;0%;0%;0%;0%;0%;0%;0%;0%;0%;33.33%;30.08%;13.48%;16.29%
3302-107696-TECNOLOGÍA EN GESTIÓN ADMINISTRATIVA;TASA DE DESERCIÓN;0%;0%;0%;0%;0%;0%;0%;0%;0%;0%;0%;0%;0%;0%;0%;0%;0%;0%;0%;0%;0%;0%;0%;0%;0%;0%;0%;0%;0%;0%;0%;0%;0%;0%;0%;0%;0%;0%;0%;0%;0%;0%;0%;0%;0%;38.38%;27.92%;27.68%
3302-107943-TECNOLOGÍA EN ANÁLISIS DE COSTOS Y PRESUPUESTOS;TASA DE DESERCIÓN;0%;0%;0%;0%;0%;0%;0%;0%;0%;0%;0%;0%;0%;0%;0%;0%;0%;0%;0%;0%;0%;0%;0%;0%;0%;0%;0%;0%;0%;0%;0%;0%;0%;0%;0%;0%;0%;0%;0%;0%;0%;0%;0%;0%;0%;0%;59.09%;53.13%
3302-108394-TECNOLOGÍA EN DISEÑO Y PROGRAMACIÓN DE SOLUCIONES DE SOFTWARE COMO SERVICIO;TASA DE DESERCIÓN;0%;0%;0%;0%;0%;0%;0%;0%;0%;0%;0%;0%;0%;0%;0%;0%;0%;0%;0%;0%;0%;0%;0%;0%;0%;0%;0%;0%;0%;0%;0%;0%;0%;0%;0%;0%;0%;0%;0%;0%;0%;0%;0%;0%;0%;0%;0%;50%
3302-108639-TECNOLOGÍA EN DESARROLLO DE APLICACIONES PARA DISPOSITIVOS MÓVILES;TASA DE DESERCIÓN;0%;0%;0%;0%;0%;0%;0%;0%;0%;0%;0%;0%;0%;0%;0%;0%;0%;0%;0%;0%;0%;0%;0%;0%;0%;0%;0%;0%;0%;0%;0%;0%;0%;0%;0%;0%;0%;0%;0%;0%;0%;0%;0%;0%;0%;0%;0%;57.14%
3302-108789-TECNOLOGIA EN CONTROL DE LA CALIDAD;TASA DE DESERCIÓN;0%;0%;0%;0%;0%;0%;0%;0%;0%;0%;0%;0%;0%;0%;0%;0%;0%;0%;0%;0%;0%;0%;0%;0%;0%;0%;0%;0%;0%;0%;0%;0%;0%;0%;0%;0%;0%;0%;0%;0%;0%;0%;0%;0%;0%;0%;27.82%;32.76%
3302-1518-TECNOLOGIA EN DISEÑO INDUSTRIAL;TASA DE RETENCIÓN;0%;0%;0%;0%;0%;0%;0%;0%;0%;0%;0%;0%;0%;0%;0%;0%;0%;0%;0%;0%;52.52%;54.39%;60.34%;76.79%;76.37%;72.99%;76.51%;75.31%;81.7%;76.24%;84%;80.28%;0%;0%;0%;0%;0%;0%;0%;0%;0%;0%;0%;0%;0%;0%;0%;79.69%
3302-2114-TECNOLOGIA EN ELECTROMECANICA;TASA DE RETENCIÓN;0%;0%;82.35%;89.16%;83.96%;89.12%;83.71%;86.55%;85.3%;83.53%;89.21%;85.52%;88.56%;91.24%;89.13%;88.01%;79.87%;78.18%;73.08%;72.62%;69.08%;64.27%;63.82%;79.25%;84.44%;82.09%;75.36%;72.42%;81.74%;78.1%;83.5%;72.78%;77.09%;81.99%;82.2%;76.68%;81.74%;77.11%;76.94%;79.08%;79.87%;78.74%;77.59%;82.41%;79.29%;83.96%;93.89%;90.26%
3302-2240-TECNOLOGIA EN SECRETARIADO EJECUTIVO;TASA DE RETENCIÓN;0%;0%;89.83%;82.98%;86.13%;87.5%;79%;86.75%;89.82%;90.67%;87.01%;86.8%;88.42%;93.39%;94.87%;97.3%;92.86%;77.78%;43.75%;0%;71.43%;0%;0%;0%;0%;0%;0%;0%;0%;0%;0%;0%;0%;0%;0%;0%;0%;0%;0%;0%;0%;0%;0%;0%;0%;0%;0%;0%
3302-4277-TECNOLOGIA EN CONSTRUCCION DE ACABADOS ARQUITECTONICOS;TASA DE RETENCIÓN;0%;0%;0%;0%;0%;0%;0%;0%;0%;0%;0%;0%;0%;0%;0%;0%;0%;0%;0%;0%;61.29%;37.5%;45.16%;52.59%;71.43%;72.77%;71.24%;76.23%;81.33%;76.22%;82.22%;81.88%;0%;0%;0%;0%;0%;0%;0%;0%;0%;0%;0%;0%;0%;0%;0%;0%
3302-4750-TECNOLOGIA EN ANALISIS DE COSTOS Y PRESUPUESTOS;TASA DE RETENCIÓN;0%;0%;0%;0%;0%;0%;0%;0%;0%;0%;0%;0%;0%;0%;0%;0%;0%;0%;0%;0%;64.68%;66.67%;68.13%;81.82%;80.37%;76.9%;77.87%;76.64%;86.29%;82.48%;86.25%;82.12%;0%;0%;0%;0%;0%;0%;0%;0%;0%;0%;0%;0%;0%;0%;80.46%;2.15%
3302-6536-TECNOLOGIA EN PRODUCCION;TASA DE RETENCIÓN;0%;0%;0%;0%;0%;0%;0%;0%;0%;0%;0%;0%;0%;0%;0%;0%;0%;0%;0%;0%;64.76%;64.31%;65.58%;77.06%;80.94%;78.29%;74.42%;78.63%;82.5%;80.2%;85.09%;84.1%;0%;0%;0%;0%;0%;0%;0%;0%;0%;0%;0%;0%;0%;77.87%;3.32%;100%
3302-6537-TECNOLOGIA EN TELECOMUNICACIONES;TASA DE RETENCIÓN;0%;0%;0%;77.27%;81.7%;86.96%;82.28%;85.34%;85.14%;81.86%;89.72%;83.62%;87.41%;87.31%;85.54%;85.05%;79.73%;79.07%;75.54%;72.61%;68.37%;61.76%;67.02%;79.78%;80.28%;75.5%;69.9%;69.32%;73.98%;79.3%;78.81%;71.42%;79.42%;82.01%;81.01%;77.61%;79.58%;77.77%;75.25%;72.67%;76.9%;74.66%;73.53%;72.81%;78.49%;79.27%;91.63%;90.48%
3302-8483-TECNOLOGIA EN CALIDAD;TASA DE RETENCIÓN;0%;0%;0%;0%;0%;0%;0%;0%;0%;0%;0%;0%;0%;0%;0%;0%;0%;0%;0%;0%;54.95%;63.52%;62.34%;75.85%;77.86%;72.6%;74.02%;74.42%;79.81%;74.54%;81.28%;77.33%;0%;0%;0%;0%;0%;0%;0%;0%;0%;0%;0%;0%;76.88%;0%;100%;100%
3302-8485-TECNOLOGIA EN SISTEMAS DE INFORMACION;TASA DE RETENCIÓN;0%;0%;0%;0%;0%;0%;0%;0%;0%;0%;0%;0%;0%;0%;0%;0%;0%;0%;0%;0%;62.8%;59.53%;61.54%;75.94%;80.99%;74.66%;72.69%;65.75%;73.72%;76.36%;81.42%;78.25%;0%;0%;0%;0%;0%;0%;0%;0%;0%;0%;0%;0%;0%;0%;0%;75.24%
3302-9466-TECNOLOGIA EN MANTENIMIENTO DE EQUIPO BIOMEDICO;TASA DE RETENCIÓN;0%;0%;0%;0%;0%;0%;0%;73.68%;83.17%;81.65%;81.06%;81.22%;85.26%;85.65%;82.9%;81.13%;76.56%;76.92%;74.39%;75.28%;64.02%;59.35%;60.47%;69.85%;81.69%;78.48%;70.95%;73.45%;78.61%;73.75%;74.65%;70.16%;79.33%;81.15%;82.28%;76.64%;82.05%;75.6%;74.75%;74.91%;77.86%;80.41%;72.93%;74.39%;72.58%;77.8%;88.17%;85.51%
3302-11085-TECNOLOGIA EN ELECTRONICA;TASA DE RETENCIÓN;0%;0%;0%;0%;0%;0%;0%;0%;0%;80.33%;80.98%;86.77%;88.13%;88.27%;90.76%;88.33%;85.25%;87.1%;74.18%;69.59%;67.47%;61.67%;70.81%;81.63%;86%;77.61%;73.75%;72.25%;78.7%;77.41%;81.87%;75.17%;80.55%;82.75%;79.25%;80.9%;85.81%;79.09%;77.32%;78.35%;77.53%;81.27%;77.25%;79.66%;79.37%;85.66%;91.06%;93.1%
3302-15600-TECNOLOGIA EN GESTION ADMINISTRATIVA;TASA DE RETENCIÓN;0%;0%;0%;0%;0%;0%;0%;0%;0%;0%;0%;0%;0%;80%;67.47%;83.67%;71.52%;75.16%;67.86%;66.11%;67.15%;63.35%;66.93%;72.95%;79.58%;74.23%;74.91%;79.13%;85.96%;83.45%;88.75%;81.28%;85.68%;84.97%;86.73%;84.71%;87.5%;86.25%;86.25%;84.15%;84.64%;83.76%;84.13%;84.96%;84.23%;86.06%;92.88%;88.82%
3302-17719-TECNOLOGIA EN ANALISIS DE COSTOS Y PRESUPUESTOS;TASA DE RETENCIÓN;0%;0%;0%;0%;0%;0%;0%;0%;0%;0%;0%;0%;0%;0%;0%;0%;0%;0%;0%;0%;25%;69.23%;56.52%;66.2%;68.48%;73.81%;67.59%;64.53%;67.61%;61.93%;74.79%;79.27%;85%;75%;80.95%;91.67%;88.89%;62.5%;0%;0%;0%;0%;0%;0%;0%;0%;0%;0%
3302-17720-TECNOLOGIA EN INFORMATICA MUSICAL;TASA DE RETENCIÓN;0%;0%;0%;0%;0%;0%;0%;0%;0%;0%;0%;0%;0%;0%;74.19%;75%;66.67%;77.69%;67.86%;57.14%;46.62%;45.69%;63.27%;76.85%;83.78%;75.54%;73.24%;76.28%;78.7%;72.32%;82.68%;78.53%;75.71%;77.26%;78.36%;78.4%;81.42%;78.27%;81.76%;82.61%;75.81%;77.7%;72.04%;74.83%;79.31%;74.43%;89.24%;83.52%
3302-52129-INGENIERIA ELECTRÓNICA;TASA DE RETENCIÓN;0%;0%;0%;0%;0%;0%;0%;0%;0%;0%;0%;0%;0%;0%;0%;0%;0%;0%;0%;90.91%;73.33%;75%;75%;92.86%;90.91%;74.19%;80.52%;87.78%;83.33%;91.6%;94.07%;88.67%;94.52%;89.25%;87.18%;89.86%;87.39%;87.23%;86.4%;82.95%;88.08%;83.82%;90.38%;88.18%;85.43%;83.94%;94.57%;97.13%
3302-52130-INGENIERIA ELECTROMECÁNICA;TASA DE RETENCIÓN;0%;0%;0%;0%;0%;0%;0%;0%;0%;0%;0%;0%;0%;0%;0%;0%;0%;0%;0%;80.95%;80.77%;72.22%;90.48%;82.28%;86%;82.41%;78.29%;83.94%;87.44%;92.08%;92.71%;92.9%;91.53%;93.67%;91.73%;86.01%;88.63%;87.41%;87.2%;88.86%;87.19%;93.56%;89.41%;88.46%;84.55%;89.76%;93.81%;95.58%
3302-52131-INGENIERIA DE PRODUCCI¿N;TASA DE RETENCIÓN;0%;0%;0%;0%;0%;0%;0%;0%;0%;0%;0%;0%;0%;0%;0%;0%;0%;0%;0%;76.92%;72.73%;82.5%;76.25%;89.91%;86.71%;88.07%;85.29%;87.11%;88.35%;90.26%;90.1%;94.18%;95.71%;94.34%;96.39%;95.54%;95.07%;93.26%;89.65%;93.02%;93.98%;94.34%;93.25%;92.31%;94.29%;92.74%;97.67%;97.36%
3302-52204-INGENIERIA FINANCIERA Y DE NEGOCIOS;TASA DE RETENCIÓN;0%;0%;0%;0%;0%;0%;0%;0%;0%;0%;0%;0%;0%;0%;0%;0%;0%;0%;0%;0%;75%;77.27%;78.69%;90.63%;88.76%;81.13%;76.97%;85.9%;94.2%;96.81%;97.83%;96.98%;96.95%;96.3%;97.7%;97.28%;96.29%;93.28%;91.07%;89.61%;93.09%;93.43%;92.05%;93.78%;90.83%;94.16%;96.73%;96.56%
3302-52205-INGENIERIA DE SISTEMAS;TASA DE RETENCIÓN;0%;0%;0%;0%;0%;0%;0%;0%;0%;0%;0%;0%;0%;0%;0%;0%;0%;0%;0%;0%;82.5%;76.6%;75.31%;87.88%;88.28%;81.76%;78.19%;80.17%;88.77%;90.91%;97.12%;93.31%;95.08%;92.86%;89.4%;85.37%;90.26%;84.43%;89.82%;88.43%;91.8%;94.49%;94.07%;92.67%;92.14%;92.83%;94.22%;95.11%
3302-52272-INGENIERIA EN DISEÑO INDUSTRIAL;TASA DE RETENCIÓN;0%;0%;0%;0%;0%;0%;0%;0%;0%;0%;0%;0%;0%;0%;0%;0%;0%;0%;0%;0%;68.75%;63.16%;78.57%;95.12%;89.8%;87.88%;91.75%;94.57%;88.59%;88.96%;95.78%;90.12%;87.3%;91.15%;93.88%;87.44%;93.08%;96.46%;88.61%;93.75%;82.61%;80%;77.78%;50%;0%;0%;0%;0%
3302-52299-INGENIERÍA DE TELECOMUNICACIONES;TASA DE RETENCIÓN;0%;0%;0%;0%;0%;0%;0%;0%;0%;0%;0%;0%;0%;0%;0%;0%;0%;0%;0%;0%;85.71%;79.1%;80%;83.21%;87.42%;79.38%;75.12%;72.22%;86.57%;92.54%;92.7%;88.34%;95.33%;90.8%;88.72%;83.17%;88.36%;88.92%;85.24%;89.51%;86.5%;89.86%;87.39%;89.16%;87.54%;91%;95.99%;96.1%
3302-53340-INGENIERÍA BIOMÉDICA;TASA DE RETENCIÓN;0%;0%;0%;0%;0%;0%;0%;0%;0%;0%;0%;0%;0%;0%;0%;0%;0%;0%;0%;0%;0%;0%;65.79%;74.76%;82.41%;75.89%;83.84%;80.99%;84.47%;82.71%;84.28%;82.65%;85.62%;86.86%;86.28%;88.33%;89.64%;87.02%;85.51%;87.4%;88.05%;88.87%;87.73%;88.47%;90.48%;89.46%;95.36%;94.07%
3302-53799-TECNOLOGIA EN CONSTRUCCION DE ACABADOS ARQUITECTONICOS;TASA DE RETENCIÓN;0%;0%;83.33%;85%;82.76%;84.69%;83.82%;80.59%;88.82%;84.62%;81.53%;81.01%;77.63%;75%;78.72%;88.16%;81.72%;66.67%;60.22%;1.96%;33.33%;66.67%;60%;35.29%;40%;54.55%;37.5%;0%;75%;75%;54.55%;52.94%;95%;87.5%;78.7%;82.99%;87.46%;83.15%;81.99%;82.78%;83.38%;82.45%;77.94%;85.31%;81.25%;82.2%;90.13%;80.75%
3302-53800-TECNOLOGIA EN CALIDAD;TASA DE RETENCIÓN;0%;0%;0%;0%;0%;0%;75.68%;77.94%;84.83%;87.13%;86.05%;89.74%;89.79%;88.69%;89.12%;89.36%;87.59%;82.84%;72.33%;2.27%;70%;44.44%;72.73%;61.54%;77.78%;53.85%;71.43%;20%;50%;25%;70%;46.15%;85.71%;72.22%;70.15%;84.62%;84.64%;81.38%;81.68%;80.46%;80.57%;80.77%;75.93%;75.25%;80.04%;77.34%;93.1%;92.05%
3302-53801-TECNOLOGIA EN SISTEMAS DE INFORMACION;TASA DE RETENCIÓN;0%;0%;0%;0%;0%;0%;77.12%;72.09%;87.72%;84.98%;88.56%;86.56%;87.68%;86.9%;81.24%;83.33%;75.27%;78.11%;64.31%;4.26%;40%;52.94%;60%;82.61%;56.58%;70.18%;52.69%;38.33%;44.12%;57.58%;73.53%;54%;79.52%;80.61%;83.7%;77.96%;83.91%;79.16%;78.3%;77.9%;79.96%;81.46%;79.03%;82.09%;80.71%;84.56%;92.77%;87.81%
3302-53802-TECNOLOGIA EN PRODUCCIÓN;TASA DE RETENCIÓN;0%;0%;0%;79.41%;69.23%;78.7%;79.58%;81.76%;85.71%;85.21%;77.03%;85.48%;88.44%;89.07%;88.49%;88.24%;87.3%;83.7%;72.56%;2.22%;55.56%;61.11%;58.54%;51.61%;65.63%;70.83%;54.17%;46.15%;75%;75%;85%;63.64%;75.68%;81.82%;78.8%;82.44%;84.18%;86.37%;82.04%;81.94%;83.7%;82.71%;81.94%;82.67%;86.17%;88.21%;94.9%;95.55%
3302-53803-TECNOLOGIA EN ANALISIS DE COSTOS Y PRESUPUESTOS;TASA DE RETENCIÓN;0%;0%;89.17%;84.45%;83.75%;86.92%;84.53%;87.17%;86.26%;84.32%;85.61%;87.14%;85.43%;91.39%;92.95%;84.5%;83.1%;82.39%;71.7%;1.6%;45.83%;57.69%;58.14%;66.67%;58.49%;59.46%;54.05%;45.16%;62.5%;37.5%;69.57%;48.57%;81.16%;85.9%;83.16%;79.26%;82.57%;83.64%;83.71%;83.46%;83.82%;82.17%;78.57%;82.32%;80.47%;82.22%;92.03%;87.72%
3302-53806-TECNOLOGÍA EN DISEÑO INDUSTRIAL;TASA DE RETENCIÓN;0%;0%;69.44%;84.75%;87.63%;83.33%;83.87%;82.55%;78.48%;82.06%;81.6%;81.97%;89.72%;84.89%;81.28%;82.33%;73.68%;68.51%;65.02%;3.21%;52.17%;64.71%;54.55%;58.97%;53.33%;60.61%;58.06%;40%;76.92%;46.67%;65.22%;73.08%;78%;77.59%;82.18%;84.04%;86.3%;86.36%;82.85%;80.57%;80.57%;84.53%;79.01%;79.55%;77.52%;77.5%;85.37%;83.49%
3302-55072-ADMINISTRACI¿N TECN¿LOGICA;TASA DE RETENCIÓN;0%;0%;0%;0%;0%;0%;0%;0%;0%;0%;0%;0%;0%;0%;0%;0%;0%;0%;0%;0%;0%;0%;0%;0%;0%;0%;66.51%;70.38%;83.6%;79.43%;84.21%;82.91%;86.3%;88.94%;88.75%;89.86%;89.31%;88.54%;88.6%;88.47%;90.52%;90.21%;90.3%;87.76%;89.13%;90.13%;95.68%;94.48%
3302-55105-FÍSICA;TASA DE RETENCIÓN;0%;0%;0%;0%;0%;0%;0%;0%;0%;0%;0%;0%;0%;0%;0%;0%;0%;0%;0%;0%;0%;0%;0%;0%;0%;0%;54.55%;61.54%;85.71%;92%;61.9%;82.76%;91.67%;81.82%;77.78%;85.71%;91.67%;91.67%;100%;100%;90.91%;100%;100%;100%;100%;100%;75%;100%
3302-90355-ARTES VISUALES;TASA DE RETENCIÓN;0%;0%;0%;0%;0%;0%;0%;0%;0%;0%;0%;0%;0%;0%;0%;0%;0%;0%;0%;0%;0%;0%;0%;0%;0%;0%;0%;79.17%;76.58%;77.42%;81.25%;88.43%;86.89%;81.82%;85.71%;86.3%;90.53%;87.96%;90.06%;89.58%;86.19%;86.74%;88.27%;84.8%;89.03%;88.54%;93.23%;91.49%
3302-90442-INGENIERÍA MECATRÓNICA;TASA DE RETENCIÓN;0%;0%;0%;0%;0%;0%;0%;0%;0%;0%;0%;0%;0%;0%;0%;0%;0%;0%;0%;0%;0%;0%;0%;0%;0%;0%;0%;81.71%;78.76%;79.28%;83.06%;80.32%;80.21%;84.17%;81.74%;84.56%;85.95%;82.85%;84.7%;84.5%;84.52%;85.46%;85.2%;86.05%;84.86%;85.33%;91.59%;89.44%
3302-103928-INGENIERÍA EN DISEÑO INDUSTRIAL;TASA DE RETENCIÓN;0%;0%;0%;0%;0%;0%;0%;0%;0%;0%;0%;0%;0%;0%;0%;0%;0%;0%;0%;0%;0%;0%;0%;100%;100%;100%;100%;0%;0%;0%;0%;0%;0%;0%;100%;0%;89.13%;87.26%;82.33%;82.11%;83.37%;88.13%;85.91%;90.55%;87.88%;88.22%;93.81%;90.9%
3302-104332-QUÍMICA INDUSTRIAL;TASA DE RETENCIÓN;0%;0%;0%;0%;0%;0%;0%;0%;0%;0%;0%;0%;0%;0%;0%;0%;0%;0%;0%;0%;0%;0%;0%;0%;0%;0%;0%;0%;0%;0%;0%;0%;0%;0%;0%;0%;0%;84%;84.29%;82.52%;79.35%;87.22%;84.75%;88.89%;85.23%;89.77%;92.44%;90.51%
3302-104682-ARTES DE LA GRABACION Y PRODUCCION MUSICAL;TASA DE RETENCIÓN;0%;0%;0%;0%;0%;0%;0%;0%;0%;0%;0%;0%;0%;0%;0%;0%;0%;0%;0%;0%;0%;0%;0%;0%;0%;0%;0%;0%;0%;0%;0%;0%;0%;0%;0%;0%;0%;0%;82.19%;83.33%;82.95%;85.88%;91.71%;91.67%;83.96%;89.13%;92.38%;93.64%
3302-105852-CONTADURÍA PÚBLICA;TASA DE RETENCIÓN;0%;0%;0%;0%;0%;0%;0%;0%;0%;0%;0%;0%;0%;0%;0%;0%;0%;0%;0%;0%;0%;0%;0%;0%;0%;0%;0%;0%;0%;0%;0%;0%;0%;0%;0%;0%;0%;0%;0%;0%;83.11%;84.07%;84.41%;85.22%;84.96%;86.72%;94.57%;93.54%
3302-106188-INGENIERÍA DE LA CALIDAD;TASA DE RETENCIÓN;0%;0%;0%;0%;0%;0%;0%;0%;0%;0%;0%;0%;0%;0%;0%;0%;0%;0%;0%;0%;0%;0%;0%;0%;0%;0%;0%;0%;0%;0%;0%;0%;0%;0%;0%;0%;0%;0%;0%;0%;0%;89.83%;77.65%;88.54%;75.21%;80.24%;87.59%;88.64%
3302-106314-CINE;TASA DE RETENCIÓN;0%;0%;0%;0%;0%;0%;0%;0%;0%;0%;0%;0%;0%;0%;0%;0%;0%;0%;0%;0%;0%;0%;0%;0%;0%;0%;0%;0%;0%;0%;0%;0%;0%;0%;0%;0%;0%;0%;0%;0%;0%;79.17%;88.51%;86.3%;88.46%;88.21%;95.15%;91.37%
3302-106810-TECNOLOGIA EN SISTEMAS ELECTROMECANICOS;TASA DE RETENCIÓN;0%;0%;0%;0%;0%;0%;0%;0%;0%;0%;0%;0%;0%;0%;0%;0%;0%;0%;0%;0%;0%;0%;0%;0%;0%;0%;0%;0%;0%;0%;0%;0%;0%;0%;0%;0%;0%;0%;0%;0%;0%;0%;0%;62.61%;64.15%;65.13%;76.74%;77.6%
3302-107004-TECNOLOGIA EN AUTOMATIZACIÓN ELECTRONICA;TASA DE RETENCIÓN;0%;0%;0%;0%;0%;0%;0%;0%;0%;0%;0%;0%;0%;0%;0%;0%;0%;0%;0%;0%;0%;0%;0%;0%;0%;0%;0%;0%;0%;0%;0%;0%;0%;0%;0%;0%;0%;0%;0%;0%;0%;0%;0%;60.36%;76.88%;82.69%;80.07%;78.64%
3302-107381-TECNOLOGÍA EN GESTIÓN DE REDES DE  TELECOMUNICACIONES;TASA DE RETENCIÓN;0%;0%;0%;0%;0%;0%;0%;0%;0%;0%;0%;0%;0%;0%;0%;0%;0%;0%;0%;0%;0%;0%;0%;0%;0%;0%;0%;0%;0%;0%;0%;0%;0%;0%;0%;0%;0%;0%;0%;0%;0%;0%;0%;0%;64.08%;62.3%;77.64%;68.96%
3302-107390-INGENIERIA FINANCIERA;TASA DE RETENCIÓN;0%;0%;0%;0%;0%;0%;0%;0%;0%;0%;0%;0%;0%;0%;0%;0%;0%;0%;0%;0%;0%;0%;0%;0%;0%;0%;0%;0%;0%;0%;0%;0%;0%;0%;0%;0%;0%;0%;0%;0%;0%;0%;0%;0%;91.13%;90.95%;96.7%;96.32%
3302-107391-CIENCIAS AMBIENTALES;TASA DE RETENCIÓN;0%;0%;0%;0%;0%;0%;0%;0%;0%;0%;0%;0%;0%;0%;0%;0%;0%;0%;0%;0%;0%;0%;0%;0%;0%;0%;0%;0%;0%;0%;0%;0%;0%;0%;0%;0%;0%;0%;0%;0%;0%;0%;0%;0%;78.33%;83.16%;92.25%;88.54%
3302-107534-TECNOLOGIA EN SISTEMAS DE PRODUCCIÓN;TASA DE RETENCIÓN;0%;0%;0%;0%;0%;0%;0%;0%;0%;0%;0%;0%;0%;0%;0%;0%;0%;0%;0%;0%;0%;0%;0%;0%;0%;0%;0%;0%;0%;0%;0%;0%;0%;0%;0%;0%;0%;0%;0%;0%;0%;0%;0%;0%;58.9%;61.11%;75.98%;77.07%
3302-107535-TECNOLOGIA EN DESARROLLO DE SOFTWARE;TASA DE RETENCIÓN;0%;0%;0%;0%;0%;0%;0%;0%;0%;0%;0%;0%;0%;0%;0%;0%;0%;0%;0%;0%;0%;0%;0%;0%;0%;0%;0%;0%;0%;0%;0%;0%;0%;0%;0%;0%;0%;0%;0%;0%;0%;0%;0%;0%;66.67%;69.92%;86.52%;83.71%
3302-107696-TECNOLOGÍA EN GESTIÓN ADMINISTRATIVA;TASA DE RETENCIÓN;0%;0%;0%;0%;0%;0%;0%;0%;0%;0%;0%;0%;0%;0%;0%;0%;0%;0%;0%;0%;0%;0%;0%;0%;0%;0%;0%;0%;0%;0%;0%;0%;0%;0%;0%;0%;0%;0%;0%;0%;0%;0%;0%;0%;0%;61.62%;72.08%;72.32%
3302-107943-TECNOLOGÍA EN ANÁLISIS DE COSTOS Y PRESUPUESTOS;TASA DE RETENCIÓN;0%;0%;0%;0%;0%;0%;0%;0%;0%;0%;0%;0%;0%;0%;0%;0%;0%;0%;0%;0%;0%;0%;0%;0%;0%;0%;0%;0%;0%;0%;0%;0%;0%;0%;0%;0%;0%;0%;0%;0%;0%;0%;0%;0%;0%;0%;40.91%;46.88%
3302-108394-TECNOLOGÍA EN DISEÑO Y PROGRAMACIÓN DE SOLUCIONES DE SOFTWARE COMO SERVICIO;TASA DE RETENCIÓN;0%;0%;0%;0%;0%;0%;0%;0%;0%;0%;0%;0%;0%;0%;0%;0%;0%;0%;0%;0%;0%;0%;0%;0%;0%;0%;0%;0%;0%;0%;0%;0%;0%;0%;0%;0%;0%;0%;0%;0%;0%;0%;0%;0%;0%;0%;0%;50%
3302-108639-TECNOLOGÍA EN DESARROLLO DE APLICACIONES PARA DISPOSITIVOS MÓVILES;TASA DE RETENCIÓN;0%;0%;0%;0%;0%;0%;0%;0%;0%;0%;0%;0%;0%;0%;0%;0%;0%;0%;0%;0%;0%;0%;0%;0%;0%;0%;0%;0%;0%;0%;0%;0%;0%;0%;0%;0%;0%;0%;0%;0%;0%;0%;0%;0%;0%;0%;0%;42.86%
3302-108789-TECNOLOGIA EN CONTROL DE LA CALIDAD;TASA DE RETENCIÓN;0%;0%;0%;0%;0%;0%;0%;0%;0%;0%;0%;0%;0%;0%;0%;0%;0%;0%;0%;0%;0%;0%;0%;0%;0%;0%;0%;0%;0%;0%;0%;0%;0%;0%;0%;0%;0%;0%;0%;0%;0%;0%;0%;0%;0%;0%;72.18%;67.24%
