CÓDIGO SNIES DEL PROGRAMA;PROGRAMA ACADÉMICO;AÑO;SEMESTRE;ADMITIDOS
2114;TECNOLOGIA EN ELECTROMECANICA;2014;1;420
6537;TECNOLOGIA EN TELECOMUNICACIONES;2014;1;463
9466;TECNOLOGIA EN MANTENIMIENTO DE EQUIPO BIOMEDICO;2014;1;118
11085;TECNOLOGIA EN ELECTRONICA;2014;1;238
15600;TECNOLOGIA EN GESTION ADMINISTRATIVA;2014;1;834
17720;TECNOLOGIA EN INFORMATICA MUSICAL;2014;1;119
52129;INGENIERIA ELECTRONICA;2014;1;62
52130;INGENIERIA ELECTROMECANICA;2014;1;124
52131;INGENIERIA DE PRODUCCION;2014;1;172
52204;INGENIERIA FINANCIERA Y DE NEGOCIOS;2014;1;139
52205;INGENIERIA DE SISTEMAS;2014;1;93
52272;INGENIERIA EN DISEÑO INDUSTRIAL;2014;1;67
52299;INGENIERIA DE TELECOMUNICACIONES;2014;1;90
53340;INGENIERIA BIOMEDICA;2014;1;478
53798;MAESTRIA EN GESTION ENERGETICA INDUSTRIAL;2014;1;2
53799;TECNOLOGIA EN CONSTRUCCION DE ACABADOS ARQUITECTONICOS;2014;1;184
53800;TECNOLOGIA EN CALIDAD;2014;1;309
53801;TECNOLOGIA EN SISTEMAS DE INFORMACION;2014;1;728
53802;TECNOLOGIA EN PRODUCCION;2014;1;539
53803;TECNOLOGIA EN ANALISIS DE COSTOS Y PRESUPUESTOS;2014;1;760
53806;TECNOLOGIA EN DISEÑO INDUSTRIAL;2014;1;332
53892;MAESTRIA EN AUTOMATIZACION Y CONTROL INDUSTRIAL;2014;1;4
55018;ESPECIALIZACION EN FINANZAS;2014;1;26
55019;ESPECIALIZACION EN FORMULACION Y EVALUACION DE PROYECTOS;2014;1;77
55072;ADMINISTRACION TECNOLOGICA;2014;1;243
90355;ARTES VISUALES;2014;1;54
90442;INGENIERIA MECATRONICA;2014;1;412
101804;MAESTRIA EN ESTUDIOS DE CIENCIA, TECNOLOGIA, SOCIEDAD E INNOVACION;2014;1;11
101977;MAESTRIA EN GESTION DE LA INNOVACION TECNOLOGICA, COOPERACION Y DESARROLLO REGIONAL;2014;1;20
2114;TECNOLOGIA EN ELECTROMECANICA;2015;1;358
6537;TECNOLOGIA EN TELECOMUNICACIONES;2015;1;379
9466;TECNOLOGIA EN MANTENIMIENTO DE EQUIPO BIOMEDICO;2015;1;88
11085;TECNOLOGIA EN ELECTRONICA;2015;1;237
15600;TECNOLOGIA EN GESTION ADMINISTRATIVA;2015;1;808
17720;TECNOLOGIA EN INFORMATICA MUSICAL;2015;1;104
52129;INGENIERIA ELECTRONICA;2015;1;60
52130;INGENIERIA ELECTROMECANICA;2015;1;104
52131;INGENIERIA DE PRODUCCION;2015;1;112
52204;INGENIERIA FINANCIERA Y DE NEGOCIOS;2015;1;156
52205;INGENIERIA DE SISTEMAS;2015;1;92
52272;INGENIERIA EN DISEÑO INDUSTRIAL;2015;1;53
52299;INGENIERIA DE TELECOMUNICACIONES;2015;1;102
53340;INGENIERIA BIOMEDICA;2015;1;468
53798;MAESTRIA EN GESTION ENERGETICA INDUSTRIAL;2015;1;10
53799;TECNOLOGIA EN CONSTRUCCION DE ACABADOS ARQUITECTONICOS;2015;1;196
53800;TECNOLOGIA EN CALIDAD;2015;1;167
53801;TECNOLOGIA EN SISTEMAS DE INFORMACION;2015;1;644
53802;TECNOLOGIA EN PRODUCCION;2015;1;381
53803;TECNOLOGIA EN ANALISIS DE COSTOS Y PRESUPUESTOS;2015;1;709
53806;TECNOLOGIA EN DISEÑO INDUSTRIAL;2015;1;261
53892;MAESTRIA EN AUTOMATIZACION Y CONTROL INDUSTRIAL;2015;1;14
55018;ESPECIALIZACION EN FINANZAS;2015;1;19
55019;ESPECIALIZACION EN FORMULACION Y EVALUACION DE PROYECTOS;2015;1;93
55072;ADMINISTRACION TECNOLOGICA;2015;1;264
90355;ARTES VISUALES;2015;1;77
90442;INGENIERIA MECATRONICA;2015;1;398
101804;MAESTRIA EN ESTUDIOS DE CIENCIA, TECNOLOGIA, SOCIEDAD E INNOVACION;2015;1;15
101977;MAESTRIA EN GESTION DE LA INNOVACION TECNOLOGICA, COOPERACION Y DESARROLLO REGIONAL;2015;1;20
103841;MAESTRIA EN SEGURIDAD INFORMATICA;2015;1;12
103928;INGENIERIA EN DISEÑO INDUSTRIAL;2015;1;2
2114;TECNOLOGIA EN ELECTROMECANICA;2016;1;368
6537;TECNOLOGIA EN TELECOMUNICACIONES;2016;1;370
9466;TECNOLOGIA EN MANTENIMIENTO DE EQUIPO BIOMEDICO;2016;1;81
11085;TECNOLOGIA EN ELECTRONICA;2016;1;208
15600;TECNOLOGIA EN GESTION ADMINISTRATIVA;2016;1;847
17720;TECNOLOGIA EN INFORMATICA MUSICAL;2016;1;92
52129;INGENIERIA ELECTRÓNICA;2016;1;39
52130;INGENIERIA ELECTROMECÁNICA;2016;1;104
52131;INGENIERIA DE PRODUCCIÓN;2016;1;102
52204;INGENIERIA FINANCIERA Y DE NEGOCIOS;2016;1;134
52205;INGENIERIA DE SISTEMAS;2016;1;85
52299;INGENIERÍA DE TELECOMUNICACIONES;2016;1;65
53340;INGENIERÍA BIOMÉDICA;2016;1;413
53798;MAESTRÍA EN GESTIÓN ENERGÉTICA INDUSTRIAL;2016;1;8
53799;TECNOLOGIA EN CONSTRUCCION DE ACABADOS ARQUITECTONICOS;2016;1;137
53800;TECNOLOGIA EN CALIDAD;2016;1;218
53801;TECNOLOGIA EN SISTEMAS DE INFORMACION;2016;1;720
53802;TECNOLOGIA EN PRODUCCIÓN;2016;1;408
53803;TECNOLOGIA EN ANALISIS DE COSTOS Y PRESUPUESTOS;2016;1;627
53806;TECNOLOGÍA EN DISEÑO INDUSTRIAL;2016;1;183
53892;MAESTRÍA EN AUTOMATIZACIÓN Y CONTROL INDUSTRIAL;2016;1;14
55018;ESPECIALIZACIÓN EN FINANZAS;2016;1;21
55019;ESPECIALIZACIÓN EN FORMULACIÓN Y EVALUACIÓN DE PROYECTOS;2016;1;100
55072;ADMINISTRACIÓN TECNÓLOGICA;2016;1;315
90355;ARTES VISUALES;2016;1;82
90442;INGENIERÍA MECATRÓNICA;2016;1;457
101804;MAESTRÍA EN ESTUDIOS DE CIENCIA, TECNOLOGÍA, SOCIEDAD E INNOVACIÓN;2016;1;9
101977;MAESTRÍA EN GESTIÓN DE LA INNOVACIÓN TECNOLÓGICA, COOPERACIÓN Y DESARROLLO REGIONAL;2016;1;20
103841;MAESTRIA EN SEGURIDAD INFORMÁTICA;2016;1;18
103928;INGENIERÍA EN DISEÑO INDUSTRIAL;2016;1;148
104332;QUÍMICA INDUSTRIAL;2016;1;59
104682;ARTES DE LA GRABACION Y PRODUCCION MUSICAL;2016;1;85
104740;MAESTRÍA EN ARTES DIGITALES;2016;1;15
104905;MAESTRÍA EN CIENCIAS: INNOVACION EN EDUCACIÓN;2016;1;13
2114;TECNOLOGIA EN ELECTROMECANICA;2017;1;379
6537;TECNOLOGIA EN TELECOMUNICACIONES;2017;1;317
9466;TECNOLOGIA EN MANTENIMIENTO DE EQUIPO BIOMEDICO;2017;1;122
11085;TECNOLOGIA EN ELECTRONICA;2017;1;230
15600;TECNOLOGIA EN GESTION ADMINISTRATIVA;2017;1;885
17720;TECNOLOGIA EN INFORMATICA MUSICAL;2017;1;153
52129;INGENIERIA ELECTR¿NICA;2017;1;37
52130;INGENIERIA ELECTROMEC¿NICA;2017;1;77
52131;INGENIERIA DE PRODUCCIÓN;2017;1;134
52204;INGENIERIA FINANCIERA Y DE NEGOCIOS;2017;1;180
52205;INGENIERIA DE SISTEMAS;2017;1;85
52299;INGENIER¿A DE TELECOMUNICACIONES;2017;1;90
53340;INGENIERÍA BIOMÉDICA;2017;1;424
53798;MAESTRÍA EN GESTIÓN ENERGÉTICA INDUSTRIAL;2017;1;10
53799;TECNOLOGIA EN CONSTRUCCION DE ACABADOS ARQUITECTONICOS;2017;1;137
53800;TECNOLOGIA EN CALIDAD;2017;1;155
53801;TECNOLOGIA EN SISTEMAS DE INFORMACION;2017;1;808
53802;TECNOLOGIA EN PRODUCCIÓN;2017;1;387
53803;TECNOLOGIA EN ANALISIS DE COSTOS Y PRESUPUESTOS;2017;1;758
53806;TECNOLOG¿A EN DISE¿O INDUSTRIAL;2017;1;164
53892;MAESTRÍA EN AUTOMATIZACIÓN Y CONTROL INDUSTRIAL;2017;1;15
55018;ESPECIALIZACIÓN EN FINANZAS;2017;1;36
55019;ESPECIALIZACIÓN EN FORMULACIÓN Y EVALUACIÓN DE PROYECTOS;2017;1;85
55072;ADMINISTRACIÓN TECNÓLOGICA;2017;1;304
90355;ARTES VISUALES;2017;1;108
90442;INGENIERÍA MECATRÓNICA;2017;1;463
101804;MAESTRÍA EN ESTUDIOS DE CIENCIA, TECNOLOGÍA, SOCIEDAD E INNOVACIÓN;2017;1;9
101977;MAESTRÍA EN GESTIÓN DE LA INNOVACIÓN TECNOLÓGICA, COOPERACIÓN Y DESARROLLO REGIONAL;2017;1;11
103841;MAESTRIA EN SEGURIDAD INFORMÁTICA;2017;1;15
103928;INGENIERÍA EN DISEÑO INDUSTRIAL;2017;1;212
104332;QUÍMICA INDUSTRIAL;2017;1;91
104682;ARTES DE LA GRABACION Y PRODUCCION MUSICAL;2017;1;64
104740;MAESTRÍA EN ARTES DIGITALES;2017;1;1
104905;MAESTRÍA EN CIENCIAS: INNOVACION EN EDUCACIÓN;2017;1;9
105852;CONTADURÍA PÚBLICA;2017;1;180
2114;TECNOLOGIA EN ELECTROMECANICA;2018;1;291
6537;TECNOLOGIA EN TELECOMUNICACIONES;2018;1;287
9466;TECNOLOGIA EN MANTENIMIENTO DE EQUIPO BIOMEDICO;2018;1;167
11085;TECNOLOGIA EN ELECTRONICA;2018;1;190
15600;TECNOLOGIA EN GESTION ADMINISTRATIVA;2018;1;916
17720;TECNOLOGIA EN INFORMATICA MUSICAL;2018;1;126
52129;INGENIERIA ELECTR¿NICA;2018;1;51
52130;INGENIERIA ELECTROMEC¿NICA;2018;1;78
52131;INGENIERIA DE PRODUCCI¿N;2018;1;97
52204;INGENIERIA FINANCIERA Y DE NEGOCIOS;2018;1;151
52205;INGENIERIA DE SISTEMAS;2018;1;90
52299;INGENIER¿A DE TELECOMUNICACIONES;2018;1;51
53340;INGENIERÍA BIOMÉDICA;2018;1;312
53798;MAESTRÍA EN GESTIÓN ENERGÉTICA INDUSTRIAL;2018;1;9
53799;TECNOLOGIA EN CONSTRUCCION DE ACABADOS ARQUITECTONICOS;2018;1;147
53800;TECNOLOGIA EN CALIDAD;2018;1;196
53801;TECNOLOGIA EN SISTEMAS DE INFORMACION;2018;1;703
53802;TECNOLOGIA EN PRODUCCIÓN;2018;1;331
53803;TECNOLOGIA EN ANALISIS DE COSTOS Y PRESUPUESTOS;2018;1;764
53806;TECNOLOGÍA EN DISEÑO INDUSTRIAL;2018;1;164
53892;MAESTRÍA EN AUTOMATIZACIÓN Y CONTROL INDUSTRIAL;2018;1;11
55018;ESPECIALIZACIÓN EN FINANZAS;2018;1;30
55019;ESPECIALIZACIÓN EN FORMULACIÓN Y EVALUACIÓN DE PROYECTOS;2018;1;78
55072;ADMINISTRACI¿N TECN¿LOGICA;2018;1;261
90355;ARTES VISUALES;2018;1;52
90442;INGENIERÍA MECATRÓNICA;2018;1;352
101804;MAESTR¿A EN ESTUDIOS DE CIENCIA, TECNOLOG¿A, SOCIEDAD E INNOVACI¿N;2018;1;14
101977;MAESTRÍA EN GESTIÓN DE LA INNOVACIÓN TECNOLÓGICA, COOPERACIÓN Y DESARROLLO REGIONAL;2018;1;9
103841;MAESTRIA EN SEGURIDAD INFORMÁTICA;2018;1;10
103928;INGENIERÍA EN DISEÑO INDUSTRIAL;2018;1;157
104332;QUÍMICA INDUSTRIAL;2018;1;87
104682;ARTES DE LA GRABACION Y PRODUCCION MUSICAL;2018;1;54
104740;MAESTRÍA EN ARTES DIGITALES;2018;1;13
104905;MAESTRÍA EN CIENCIAS: INNOVACION EN EDUCACIÓN;2018;1;29
105852;CONTADURÍA PÚBLICA;2018;1;197
106188;INGENIERÍA DE LA CALIDAD;2018;1;43
106314;CINE;2018;1;59
104332;QUÍMICA INDUSTRIAL;2019;1;90
107004;TECNOLOGIA EN AUTOMATIZACIÓN ELECTRONICA;2019;1;146
101804;MAESTRÍA EN ESTUDIOS DE CIENCIA, TECNOLOGÍA, SOCIEDAD E INNOVACIÓN;2019;1;13
53799;TECNOLOGIA EN CONSTRUCCION DE ACABADOS ARQUITECTONICOS;2019;1;117
53803;TECNOLOGIA EN ANALISIS DE COSTOS Y PRESUPUESTOS;2019;1;491
107534;TECNOLOGIA EN SISTEMAS DE PRODUCCIÓN;2019;1;213
53340;INGENIERÍA BIOMÉDICA;2019;1;234
106314;CINE;2019;1;63
107390;INGENIERIA FINANCIERA;2019;1;152
106505;MAESTRÍA EN METROLOGÍA;2019;1;7
90355;ARTES VISUALES;2019;1;45
107535;TECNOLOGIA EN DESARROLLO DE SOFTWARE;2019;1;87
106188;INGENIERÍA DE LA CALIDAD;2019;1;130
53806;TECNOLOGÍA EN DISEÑO INDUSTRIAL;2019;1;126
52299;INGENIERÍA DE TELECOMUNICACIONES;2019;1;42
53800;TECNOLOGIA EN CALIDAD;2019;1;136
105852;CONTADURÍA PÚBLICA;2019;1;249
106584;MAESTRÍA EN GESTIÓN DE ORGANIZACIONES;2019;1;19
52131;INGENIERIA DE PRODUCCIÓN;2019;1;82
53798;MAESTRÍA EN GESTIÓN ENERGÉTICA INDUSTRIAL;2019;1;5
52129;INGENIERIA ELECTRÓNICA;2019;1;28
52205;INGENIERIA DE SISTEMAS;2019;1;72
90442;INGENIERÍA MECATRÓNICA;2019;1;410
9466;TECNOLOGIA EN MANTENIMIENTO DE EQUIPO BIOMEDICO;2019;1;202
106810;TECNOLOGIA EN SISTEMAS ELECTROMECANICOS;2019;1;197
55072;ADMINISTRACIÓN TECNÓLOGICA;2019;1;295
15600;TECNOLOGIA EN GESTION ADMINISTRATIVA;2019;1;778
17720;TECNOLOGIA EN INFORMATICA MUSICAL;2019;1;93
106973;DOCTORADO EN INGENIERÍA;2019;1;5
107381;TECNOLOGÍA EN GESTIÓN DE REDES DE  TELECOMUNICACIONES;2019;1;134
52130;INGENIERIA ELECTROMECÁNICA;2019;1;50
107391;CIENCIAS AMBIENTALES;2019;1;97
53892;MAESTRÍA EN AUTOMATIZACIÓN Y CONTROL INDUSTRIAL;2019;1;9
101977;MAESTRÍA EN GESTIÓN DE LA INNOVACIÓN TECNOLÓGICA, COOPERACIÓN Y DESARROLLO REGIONAL;2019;1;8
104682;ARTES DE LA GRABACION Y PRODUCCION MUSICAL;2019;1;44
55019;ESPECIALIZACIÓN EN FORMULACIÓN Y EVALUACIÓN DE PROYECTOS;2019;1;86
103928;INGENIERÍA EN DISEÑO INDUSTRIAL;2019;1;203
55018;ESPECIALIZACIÓN EN FINANZAS;2019;1;23
104905;MAESTRÍA EN CIENCIAS: INNOVACION EN EDUCACIÓN;2019;1;27
103841;MAESTRIA EN SEGURIDAD INFORMÁTICA;2019;1;14
9466;TECNOLOGIA EN MANTENIMIENTO DE EQUIPO BIOMEDICO;2020;1;164
15600;TECNOLOGIA EN GESTION ADMINISTRATIVA;2020;1;738
17720;TECNOLOGIA EN INFORMATICA MUSICAL;2020;1;62
52129;INGENIERIA ELECTRÓNICA;2020;1;35
52130;INGENIERIA ELECTROMECÁNICA;2020;1;51
52131;INGENIERIA DE PRODUCCIÓN;2020;1;76
52205;INGENIERIA DE SISTEMAS;2020;1;73
52299;INGENIERÍA DE TELECOMUNICACIONES;2020;1;32
53340;INGENIERÍA BIOMÉDICA;2020;1;244
53798;MAESTRÍA EN GESTIÓN ENERGÉTICA INDUSTRIAL;2020;1;7
53799;TECNOLOGIA EN CONSTRUCCION DE ACABADOS ARQUITECTONICOS;2020;1;132
53800;TECNOLOGIA EN CALIDAD;2020;1;172
53803;TECNOLOGIA EN ANALISIS DE COSTOS Y PRESUPUESTOS;2020;1;499
53806;TECNOLOGÍA EN DISEÑO INDUSTRIAL;2020;1;157
53892;MAESTRÍA EN AUTOMATIZACIÓN Y CONTROL INDUSTRIAL;2020;1;14
55018;ESPECIALIZACIÓN EN FINANZAS;2020;1;31
55019;ESPECIALIZACIÓN EN FORMULACIÓN Y EVALUACIÓN DE PROYECTOS;2020;1;82
55072;ADMINISTRACIÓN TECNÓLOGICA;2020;1;241
90355;ARTES VISUALES;2020;1;59
90442;INGENIERÍA MECATRÓNICA;2020;1;344
101804;MAESTRÍA EN ESTUDIOS DE CIENCIA, TECNOLOGÍA, SOCIEDAD E INNOVACIÓN;2020;1;8
103841;MAESTRIA EN SEGURIDAD INFORMÁTICA;2020;1;24
103928;INGENIERÍA EN DISEÑO INDUSTRIAL;2020;1;155
104318;MAESTRÍA EN INGENIERÍA BIOMÉDICA;2020;1;8
104332;QUÍMICA INDUSTRIAL;2020;1;82
104682;ARTES DE LA GRABACION Y PRODUCCION MUSICAL;2020;1;57
104740;MAESTRÍA EN ARTES DIGITALES;2020;1;11
104905;MAESTRÍA EN CIENCIAS: INNOVACION EN EDUCACIÓN;2020;1;10
105852;CONTADURÍA PÚBLICA;2020;1;297
106188;INGENIERÍA DE LA CALIDAD;2020;1;119
106314;CINE;2020;1;45
106505;MAESTRÍA EN METROLOGÍA;2020;1;7
106584;MAESTRÍA EN GESTIÓN DE ORGANIZACIONES;2020;1;17
106810;TECNOLOGIA EN SISTEMAS ELECTROMECANICOS;2020;1;257
106973;DOCTORADO EN INGENIERÍA;2020;1;6
107004;TECNOLOGIA EN AUTOMATIZACIÓN ELECTRONICA;2020;1;178
107381;TECNOLOGÍA EN GESTIÓN DE REDES DE  TELECOMUNICACIONES;2020;1;158
107390;INGENIERIA FINANCIERA;2020;1;165
107391;CIENCIAS AMBIENTALES;2020;1;94
107534;TECNOLOGIA EN SISTEMAS DE PRODUCCIÓN;2020;1;136
107535;TECNOLOGIA EN DESARROLLO DE SOFTWARE;2020;1;448
107695;ESPECIALIZACIÓN EN GESTIÓN DE SISTEMAS ENERGÉTICOS INDUSTRIALES;2020;1;15
107696;TECNOLOGÍA EN GESTIÓN ADMINISTRATIVA;2020;1;122
107943;TECNOLOGÍA EN ANÁLISIS DE COSTOS Y PRESUPUESTOS;2020;1;51
108789;TECNOLOGIA EN CONTROL DE LA CALIDAD;2020;1;169
9466;TECNOLOGIA EN MANTENIMIENTO DE EQUIPO BIOMEDICO;2021;1;188
15600;TECNOLOGIA EN GESTION ADMINISTRATIVA;2021;1;761
17720;TECNOLOGIA EN INFORMATICA MUSICAL;2021;1;95
52129;INGENIERIA ELECTRÓNICA;2021;1;19
52130;INGENIERIA ELECTROMECÁNICA;2021;1;55
52131;INGENIERIA DE PRODUCCIÓN;2021;1;61
52205;INGENIERIA DE SISTEMAS;2021;1;85
52299;INGENIERÍA DE TELECOMUNICACIONES;2021;1;21
53340;INGENIERÍA BIOMÉDICA;2021;1;198
53798;MAESTRÍA EN GESTIÓN ENERGÉTICA INDUSTRIAL;2021;1;7
53799;TECNOLOGIA EN CONSTRUCCION DE ACABADOS ARQUITECTONICOS;2021;1;129
53803;TECNOLOGIA EN ANALISIS DE COSTOS Y PRESUPUESTOS;2021;1;313
53806;TECNOLOGÍA EN DISEÑO INDUSTRIAL;2021;1;126
53892;MAESTRÍA EN AUTOMATIZACIÓN Y CONTROL INDUSTRIAL;2021;1;15
55018;ESPECIALIZACIÓN EN FINANZAS;2021;1;30
55019;ESPECIALIZACIÓN EN FORMULACIÓN Y EVALUACIÓN DE PROYECTOS;2021;1;91
55072;ADMINISTRACIÓN TECNÓLOGICA;2021;1;283
90355;ARTES VISUALES;2021;1;50
90442;INGENIERÍA MECATRÓNICA;2021;1;244
101804;MAESTRÍA EN ESTUDIOS DE CIENCIA, TECNOLOGÍA, SOCIEDAD E INNOVACIÓN;2021;1;4
101977;MAESTRÍA EN GESTIÓN DE LA INNOVACIÓN TECNOLÓGICA, COOPERACIÓN Y DESARROLLO REGIONAL;2021;1;8
103841;MAESTRIA EN SEGURIDAD INFORMÁTICA;2021;1;10
103928;INGENIERÍA EN DISEÑO INDUSTRIAL;2021;1;98
104318;MAESTRÍA EN INGENIERÍA BIOMÉDICA;2021;1;5
104332;QUÍMICA INDUSTRIAL;2021;1;85
104682;ARTES DE LA GRABACION Y PRODUCCION MUSICAL;2021;1;64
104740;MAESTRÍA EN ARTES DIGITALES;2021;1;2
104905;MAESTRÍA EN CIENCIAS: INNOVACION EN EDUCACIÓN;2021;1;7
105852;CONTADURÍA PÚBLICA;2021;1;256
106188;INGENIERÍA DE LA CALIDAD;2021;1;71
106314;CINE;2021;1;55
106505;MAESTRÍA EN METROLOGÍA;2021;1;2
106584;MAESTRÍA EN GESTIÓN DE ORGANIZACIONES;2021;1;7
106810;TECNOLOGIA EN SISTEMAS ELECTROMECANICOS;2021;1;207
106973;DOCTORADO EN INGENIERÍA;2021;1;6
107004;TECNOLOGIA EN AUTOMATIZACIÓN ELECTRONICA;2021;1;133
107381;TECNOLOGÍA EN GESTIÓN DE REDES DE  TELECOMUNICACIONES;2021;1;233
107390;INGENIERIA FINANCIERA;2021;1;147
107391;CIENCIAS AMBIENTALES;2021;1;80
107534;TECNOLOGIA EN SISTEMAS DE PRODUCCIÓN;2021;1;207
107535;TECNOLOGIA EN DESARROLLO DE SOFTWARE;2021;1;579
107695;ESPECIALIZACIÓN EN GESTIÓN DE SISTEMAS ENERGÉTICOS INDUSTRIALES;2021;1;11
107696;TECNOLOGÍA EN GESTIÓN ADMINISTRATIVA;2021;1;203
107943;TECNOLOGÍA EN ANÁLISIS DE COSTOS Y PRESUPUESTOS;2021;1;79
108394;TECNOLOGÍA EN DISEÑO Y PROGRAMACIÓN DE SOLUCIONES DE SOFTWARE COMO SERVICIO;2021;1;38
108639;TECNOLOGÍA EN DESARROLLO DE APLICACIONES PARA DISPOSITIVOS MÓVILES;2021;1;30
108789;TECNOLOGIA EN CONTROL DE LA CALIDAD;2021;1;196
9466;TECNOLOGIA EN MANTENIMIENTO DE EQUIPO BIOMEDICO;2022;1;75
15600;TECNOLOGIA EN GESTION ADMINISTRATIVA;2022;1;351
17720;TECNOLOGIA EN INFORMATICA MUSICAL;2022;1;38
52129;INGENIERIA ELECTRÓNICA;2022;1;8
52130;INGENIERIA ELECTROMECÁNICA;2022;1;28
52131;INGENIERIA DE PRODUCCIÓN;2022;1;63
52205;INGENIERIA DE SISTEMAS;2022;1;64
52299;INGENIERÍA DE TELECOMUNICACIONES;2022;1;15
53340;INGENIERÍA BIOMÉDICA;2022;1;91
53798;MAESTRÍA EN GESTIÓN ENERGÉTICA INDUSTRIAL;2022;1;4
53799;TECNOLOGIA EN CONSTRUCCION DE ACABADOS ARQUITECTONICOS;2022;1;67
53803;TECNOLOGIA EN ANALISIS DE COSTOS Y PRESUPUESTOS;2022;1;262
53806;TECNOLOGÍA EN DISEÑO INDUSTRIAL;2022;1;46
53892;MAESTRÍA EN AUTOMATIZACIÓN Y CONTROL INDUSTRIAL;2022;1;10
55018;ESPECIALIZACIÓN EN FINANZAS;2022;1;25
55019;ESPECIALIZACIÓN EN FORMULACIÓN Y EVALUACIÓN DE PROYECTOS;2022;1;66
55072;ADMINISTRACIÓN TECNÓLOGICA;2022;1;286
90355;ARTES VISUALES;2022;1;37
90442;INGENIERÍA MECATRÓNICA;2022;1;302
101804;MAESTRÍA EN ESTUDIOS DE CIENCIA, TECNOLOGÍA, SOCIEDAD E INNOVACIÓN;2022;1;9
101977;MAESTRÍA EN GESTIÓN DE LA INNOVACIÓN TECNOLÓGICA, COOPERACIÓN Y DESARROLLO REGIONAL;2022;1;5
103841;MAESTRIA EN SEGURIDAD INFORMÁTICA;2022;1;19
103928;INGENIERÍA EN DISEÑO INDUSTRIAL;2022;1;116
104318;MAESTRÍA EN INGENIERÍA BIOMÉDICA;2022;1;2
104332;QUÍMICA INDUSTRIAL;2022;1;69
104682;ARTES DE LA GRABACION Y PRODUCCION MUSICAL;2022;1;39
104740;MAESTRÍA EN ARTES DIGITALES;2022;1;13
104905;MAESTRÍA EN CIENCIAS: INNOVACION EN EDUCACIÓN;2022;1;5
105852;CONTADURÍA PÚBLICA;2022;1;220
106188;INGENIERÍA DE LA CALIDAD;2022;1;88
106314;CINE;2022;1;31
106584;MAESTRÍA EN GESTIÓN DE ORGANIZACIONES;2022;1;8
106810;TECNOLOGIA EN SISTEMAS ELECTROMECANICOS;2022;1;161
106973;DOCTORADO EN INGENIERÍA;2022;1;3
107004;TECNOLOGIA EN AUTOMATIZACIÓN ELECTRONICA;2022;1;151
107381;TECNOLOGÍA EN GESTIÓN DE REDES DE  TELECOMUNICACIONES;2022;1;159
107390;INGENIERIA FINANCIERA;2022;1;125
107391;CIENCIAS AMBIENTALES;2022;1;64
107534;TECNOLOGIA EN SISTEMAS DE PRODUCCIÓN;2022;1;98
107535;TECNOLOGIA EN DESARROLLO DE SOFTWARE;2022;1;532
107695;ESPECIALIZACIÓN EN GESTIÓN DE SISTEMAS ENERGÉTICOS INDUSTRIALES;2022;1;6
107696;TECNOLOGÍA EN GESTIÓN ADMINISTRATIVA;2022;1;216
107943;TECNOLOGÍA EN ANÁLISIS DE COSTOS Y PRESUPUESTOS;2022;1;91
108394;TECNOLOGÍA EN DISEÑO Y PROGRAMACIÓN DE SOLUCIONES DE SOFTWARE COMO SERVICIO;2022;1;76
108639;TECNOLOGÍA EN DESARROLLO DE APLICACIONES PARA DISPOSITIVOS MÓVILES;2022;1;46
108789;TECNOLOGIA EN CONTROL DE LA CALIDAD;2022;1;60
109927;INTERPRETACIÓN Y TRADUCCIÓN LENGUA DE SEÑAS COLOMBIANA - ESPAÑOL;2022;1;30
55072;ADMINISTRACION TECNOLOGICA;2023;1;27
4750;TECNOLOGIA EN ANALISIS DE COSTOS Y PRESUPUESTOS;2023;1;130
104682;ARTES DE LA GRABACION Y PRODUCCION MUSICAL;2023;1;19
90355;ARTES VISUALES;2023;1;20
107004;TECNOLOGIA EN AUTOMATIZACION ELECTRONICA;2023;1;31
53800;TECNOLOGIA EN CALIDAD;2023;1;3
107391;CIENCIAS AMBIENTALES;2023;1;8
106314;CINE;2023;1;18
4277;TECNOLOGIA EN CONSTRUCCION DE ACABADOS ARQUITECTONICOS;2023;1;25
105852;CONTADURIA PUBLICA;2023;1;123
108789;TECNOLOGIA EN CONTROL DE LA CALIDAD;2023;1;35
108639;TECNOLOGIA EN DESARROLLO DE APLICACIONES PARA DISPOSITIVOS MOVILES;2023;1;13
107535;TECNOLOGIA EN DESARROLLO DE SOFTWARE;2023;1;193
1518;TECNOLOGIA EN DISEÑO INDUSTRIAL;2023;1;21
108394;TECNOLOGIA EN DISEÑO Y PROGRAMACION DE SOLUCIONES DE SOFTWARE COMO SERVICIO;2023;1;25
106973;DOCTORADO EN INGENIERIA;2023;1;1
11085;TECNOLOGIA EN ELECTRONICA;2023;1;1
15600;TECNOLOGIA EN GESTION ADMINISTRATIVA;2023;1;204
107381;TECNOLOGIA EN GESTION DE REDES DE  TELECOMUNICACIONES;2023;1;38
17720;TECNOLOGIA EN INFORMATICA MUSICAL;2023;1;11
53340;INGENIERIA BIOMEDICA;2023;1;63
106188;INGENIERIA DE LA CALIDAD;2023;1;42
52131;INGENIERIA DE PRODUCCION;2023;1;54
52205;INGENIERIA DE SISTEMAS;2023;1;65
52299;INGENIERIA DE TELECOMUNICACIONES;2023;1;22
52130;INGENIERIA ELECTROMECANICA;2023;1;41
52129;INGENIERIA ELECTRONICA;2023;1;28
52272;INGENIERIA EN DISEÑO INDUSTRIAL;2023;1;41
107390;INGENIERIA FINANCIERA;2023;1;107
52204;INGENIERIA FINANCIERA Y DE NEGOCIOS;2023;1;1
90442;INGENIERIA MECATRONICA;2023;1;56
109927;INTERPRETACION Y TRADUCCION LENGUA DE SEÑAS COLOMBIANA - ESPAÑOL;2023;1;2
104905;MAESTRIA EN CIENCIAS: INNOVACION EN EDUCACION;2023;1;2
102977;MAESTRIA EN DESARROLLO SOSTENIBLE;2023;1;1
101977;MAESTRIA EN GESTION DE LA INNOVACION TECNOLOGICA, COOPERACION Y DESARROLLO REGIONAL;2023;1;2
106584;MAESTRIA EN GESTION DE ORGANIZACIONES;2023;1;1
104318;MAESTRIA EN INGENIERIA BIOMEDICA;2023;1;1
9466;TECNOLOGIA EN MANTENIMIENTO DE EQUIPO BIOMEDICO;2023;1;19
6536;TECNOLOGIA EN PRODUCCION;2023;1;1
104332;QUIMICA INDUSTRIAL;2023;1;33
107534;TECNOLOGIA EN SISTEMAS DE PRODUCCION;2023;1;29
106810;TECNOLOGIA EN SISTEMAS ELECTROMECANICOS;2023;1;43
55072;ADMINISTRACION TECNOLOGICA;2024;1;48
4750;TECNOLOGIA EN ANALISIS DE COSTOS Y PRESUPUESTOS;2024;1;143
104682;ARTES DE LA GRABACION Y PRODUCCION MUSICAL;2024;1;22
90355;ARTES VISUALES;2024;1;14
107004;TECNOLOGIA EN AUTOMATIZACION ELECTRONICA;2024;1;26
53800;TECNOLOGIA EN CALIDAD;2024;1;4
107391;CIENCIAS AMBIENTALES;2024;1;11
106314;CINE;2024;1;18
4277;TECNOLOGIA EN CONSTRUCCION DE ACABADOS ARQUITECTONICOS;2024;1;24
105852;CONTADURIA PUBLICA;2024;1;106
108789;TECNOLOGIA EN CONTROL DE LA CALIDAD;2024;1;19
108639;TECNOLOGIA EN DESARROLLO DE APLICACIONES PARA DISPOSITIVOS MOVILES;2024;1;13
107535;TECNOLOGIA EN DESARROLLO DE SOFTWARE;2024;1;170
1518;TECNOLOGIA EN DISEÑO INDUSTRIAL;2024;1;28
108394;TECNOLOGIA EN DISEÑO Y PROGRAMACION DE SOLUCIONES DE SOFTWARE COMO SERVICIO;2024;1;18
106973;DOCTORADO EN INGENIERIA;2024;1;2
11085;TECNOLOGIA EN ELECTRONICA;2024;1;1
110901;ESPECIALIZACION EN CIBERSEGURIDAD;2024;1;7
55018;ESPECIALIZACION EN FINANZAS;2024;1;4
55019;ESPECIALIZACION EN FORMULACION Y EVALUACION DE PROYECTOS;2024;1;3
110940;ESPECIALIZACION EN GESTION DEL MANTENIMIENTO INDUSTRIAL;2024;1;3
111033;ESPECIALIZACION EN INGENIERIA DE SOFTWARE;2024;1;2
15600;TECNOLOGIA EN GESTION ADMINISTRATIVA;2024;1;226
107381;TECNOLOGIA EN GESTION DE REDES DE  TELECOMUNICACIONES;2024;1;23
17720;TECNOLOGIA EN INFORMATICA MUSICAL;2024;1;21
53340;INGENIERIA BIOMEDICA;2024;1;41
106188;INGENIERIA DE LA CALIDAD;2024;1;36
52131;INGENIERIA DE PRODUCCION;2024;1;30
52205;INGENIERIA DE SISTEMAS;2024;1;61
52299;INGENIERIA DE TELECOMUNICACIONES;2024;1;13
52130;INGENIERIA ELECTROMECANICA;2024;1;35
52129;INGENIERIA ELECTRONICA;2024;1;16
52272;INGENIERIA EN DISEÑO INDUSTRIAL;2024;1;51
107390;INGENIERIA FINANCIERA;2024;1;90
52204;INGENIERIA FINANCIERA Y DE NEGOCIOS;2024;1;1
90442;INGENIERIA MECATRONICA;2024;1;74
109927;INTERPRETACION Y TRADUCCION LENGUA DE SEÑAS COLOMBIANA - ESPAÑOL;2024;1;1
53892;MAESTRIA EN AUTOMATIZACION Y CONTROL INDUSTRIAL;2024;1;1
104905;MAESTRIA EN CIENCIAS: INNOVACION EN EDUCACION;2024;1;1
101977;MAESTRIA EN GESTION DE LA INNOVACION TECNOLOGICA, COOPERACION Y DESARROLLO REGIONAL;2024;1;2
53798;MAESTRIA EN GESTION ENERGETICA INDUSTRIAL;2024;1;1
104318;MAESTRIA EN INGENIERIA BIOMEDICA;2024;1;1
103841;MAESTRIA EN SEGURIDAD INFORMATICA;2024;1;3
9466;TECNOLOGIA EN MANTENIMIENTO DE EQUIPO BIOMEDICO;2024;1;19
6536;TECNOLOGIA EN PRODUCCION;2024;1;2
104332;QUIMICA INDUSTRIAL;2024;1;13
8485;TECNOLOGIA EN SISTEMAS DE INFORMACION;2024;1;2
107534;TECNOLOGIA EN SISTEMAS DE PRODUCCION;2024;1;22
106810;TECNOLOGIA EN SISTEMAS ELECTROMECANICOS;2024;1;39
6537;TECNOLOGIA EN TELECOMUNICACIONES;2024;1;3
2114;TECNOLOGIA EN ELECTROMECANICA;2014;2;379
6537;TECNOLOGIA EN TELECOMUNICACIONES;2014;2;371
9466;TECNOLOGIA EN MANTENIMIENTO DE EQUIPO BIOMEDICO;2014;2;132
11085;TECNOLOGIA EN ELECTRONICA;2014;2;172
15600;TECNOLOGIA EN GESTION ADMINISTRATIVA;2014;2;895
17720;TECNOLOGIA EN INFORMATICA MUSICAL;2014;2;112
52129;INGENIERIA ELECTRONICA;2014;2;68
52130;INGENIERIA ELECTROMECANICA;2014;2;111
52131;INGENIERIA DE PRODUCCION;2014;2;82
52204;INGENIERIA FINANCIERA Y DE NEGOCIOS;2014;2;140
52205;INGENIERIA DE SISTEMAS;2014;2;104
52272;INGENIERIA EN DISEÑO INDUSTRIAL;2014;2;72
52299;INGENIERIA DE TELECOMUNICACIONES;2014;2;78
53340;INGENIERIA BIOMEDICA;2014;2;341
53798;MAESTRIA EN GESTION ENERGETICA INDUSTRIAL;2014;2;10
53799;TECNOLOGIA EN CONSTRUCCION DE ACABADOS ARQUITECTONICOS;2014;2;186
53800;TECNOLOGIA EN CALIDAD;2014;2;168
53801;TECNOLOGIA EN SISTEMAS DE INFORMACION;2014;2;633
53802;TECNOLOGIA EN PRODUCCION;2014;2;393
53803;TECNOLOGIA EN ANALISIS DE COSTOS Y PRESUPUESTOS;2014;2;880
53806;TECNOLOGIA EN DISEÑO INDUSTRIAL;2014;2;317
53892;MAESTRIA EN AUTOMATIZACION Y CONTROL INDUSTRIAL;2014;2;9
55018;ESPECIALIZACION EN FINANZAS;2014;2;24
55019;ESPECIALIZACION EN FORMULACION Y EVALUACION DE PROYECTOS;2014;2;81
55072;ADMINISTRACION TECNOLOGICA;2014;2;270
90355;ARTES VISUALES;2014;2;92
90442;INGENIERIA MECATRONICA;2014;2;290
101804;MAESTRIA EN ESTUDIOS DE CIENCIA, TECNOLOGIA, SOCIEDAD E INNOVACION;2014;2;1
101977;MAESTRIA EN GESTION DE LA INNOVACION TECNOLOGICA, COOPERACION Y DESARROLLO REGIONAL;2014;2;1
102977;MAESTRIA EN DESARROLLO SOSTENIBLE;2014;2;13
2114;TECNOLOGIA EN ELECTROMECANICA;2015;2;329
6537;TECNOLOGIA EN TELECOMUNICACIONES;2015;2;306
9466;TECNOLOGIA EN MANTENIMIENTO DE EQUIPO BIOMEDICO;2015;2;92
11085;TECNOLOGIA EN ELECTRONICA;2015;2;161
15600;TECNOLOGIA EN GESTION ADMINISTRATIVA;2015;2;1033
17720;TECNOLOGIA EN INFORMATICA MUSICAL;2015;2;85
52129;INGENIERIA ELECTRONICA;2015;2;65
52130;INGENIERIA ELECTROMECANICA;2015;2;93
52131;INGENIERIA DE PRODUCCION;2015;2;115
52204;INGENIERIA FINANCIERA Y DE NEGOCIOS;2015;2;135
52205;INGENIERIA DE SISTEMAS;2015;2;99
52299;INGENIERIA DE TELECOMUNICACIONES;2015;2;93
53340;INGENIERIA BIOMEDICA;2015;2;388
53798;MAESTRIA EN GESTION ENERGETICA INDUSTRIAL;2015;2;10
53799;TECNOLOGIA EN CONSTRUCCION DE ACABADOS ARQUITECTONICOS;2015;2;119
53800;TECNOLOGIA EN CALIDAD;2015;2;188
53801;TECNOLOGIA EN SISTEMAS DE INFORMACION;2015;2;626
53802;TECNOLOGIA EN PRODUCCION;2015;2;324
53803;TECNOLOGIA EN ANALISIS DE COSTOS Y PRESUPUESTOS;2015;2;794
53806;TECNOLOGIA EN DISEÑO INDUSTRIAL;2015;2;170
53892;MAESTRIA EN AUTOMATIZACION Y CONTROL INDUSTRIAL;2015;2;11
55018;ESPECIALIZACION EN FINANZAS;2015;2;43
55019;ESPECIALIZACION EN FORMULACION Y EVALUACION DE PROYECTOS;2015;2;81
55072;ADMINISTRACION TECNOLOGICA;2015;2;245
90355;ARTES VISUALES;2015;2;59
90442;INGENIERIA MECATRONICA;2015;2;319
101804;MAESTRIA EN ESTUDIOS DE CIENCIA, TECNOLOGIA, SOCIEDAD E INNOVACION;2015;2;11
102977;MAESTRIA EN DESARROLLO SOSTENIBLE;2015;2;11
103841;MAESTRIA EN SEGURIDAD INFORMATICA;2015;2;19
103928;INGENIERIA EN DISEÑO INDUSTRIAL;2015;2;147
104318;MAESTRIA EN INGENIERIA BIOMEDICA;2015;2;9
104332;QUIMICA INDUSTRIAL;2015;2;33
104365;MAESTRIA EN CIENCIAS BASICAS: INNOVACIONES EN EDUCACION;2015;2;22
2114;TECNOLOGIA EN ELECTROMECANICA;2016;2;293
6537;TECNOLOGIA EN TELECOMUNICACIONES;2016;2;254
9466;TECNOLOGIA EN MANTENIMIENTO DE EQUIPO BIOMEDICO;2016;2;94
11085;TECNOLOGIA EN ELECTRONICA;2016;2;144
15600;TECNOLOGIA EN GESTION ADMINISTRATIVA;2016;2;920
17720;TECNOLOGIA EN INFORMATICA MUSICAL;2016;2;96
52129;INGENIERIA ELECTRÓNICA;2016;2;39
52130;INGENIERIA ELECTROMECÁNICA;2016;2;59
52131;INGENIERIA DE PRODUCCIÓN;2016;2;105
52204;INGENIERIA FINANCIERA Y DE NEGOCIOS;2016;2;154
52205;INGENIERIA DE SISTEMAS;2016;2;87
52299;INGENIERÍA DE TELECOMUNICACIONES;2016;2;53
53340;INGENIERÍA BIOMÉDICA;2016;2;301
53798;MAESTRÍA EN GESTIÓN ENERGÉTICA INDUSTRIAL;2016;2;10
53799;TECNOLOGIA EN CONSTRUCCION DE ACABADOS ARQUITECTONICOS;2016;2;142
53800;TECNOLOGIA EN CALIDAD;2016;2;147
53801;TECNOLOGIA EN SISTEMAS DE INFORMACION;2016;2;629
53802;TECNOLOGIA EN PRODUCCIÓN;2016;2;389
53803;TECNOLOGIA EN ANALISIS DE COSTOS Y PRESUPUESTOS;2016;2;683
53806;TECNOLOGÍA EN DISEÑO INDUSTRIAL;2016;2;143
53892;MAESTRÍA EN AUTOMATIZACIÓN Y CONTROL INDUSTRIAL;2016;2;9
55018;ESPECIALIZACIÓN EN FINANZAS;2016;2;20
55019;ESPECIALIZACIÓN EN FORMULACIÓN Y EVALUACIÓN DE PROYECTOS;2016;2;79
55072;ADMINISTRACIÓN TECNÓLOGICA;2016;2;289
90355;ARTES VISUALES;2016;2;88
90442;INGENIERÍA MECATRÓNICA;2016;2;277
101804;MAESTRÍA EN ESTUDIOS DE CIENCIA, TECNOLOGÍA, SOCIEDAD E INNOVACIÓN;2016;2;1
101977;MAESTRÍA EN GESTIÓN DE LA INNOVACIÓN TECNOLÓGICA, COOPERACIÓN Y DESARROLLO REGIONAL;2016;2;14
102977;MAESTRÍA EN DESARROLLO SOSTENIBLE;2016;2;11
103841;MAESTRIA EN SEGURIDAD INFORMÁTICA;2016;2;12
103928;INGENIERÍA EN DISEÑO INDUSTRIAL;2016;2;189
104318;MAESTRÍA EN INGENIERÍA BIOMÉDICA;2016;2;9
104332;QUÍMICA INDUSTRIAL;2016;2;57
104682;ARTES DE LA GRABACION Y PRODUCCION MUSICAL;2016;2;46
104740;MAESTRÍA EN ARTES DIGITALES;2016;2;10
104905;MAESTRÍA EN CIENCIAS: INNOVACION EN EDUCACIÓN;2016;2;92
2114;TECNOLOGIA EN ELECTROMECANICA;2017;2;325
6537;TECNOLOGIA EN TELECOMUNICACIONES;2017;2;230
9466;TECNOLOGIA EN MANTENIMIENTO DE EQUIPO BIOMEDICO;2017;2;128
11085;TECNOLOGIA EN ELECTRONICA;2017;2;162
15600;TECNOLOGIA EN GESTION ADMINISTRATIVA;2017;2;1061
17720;TECNOLOGIA EN INFORMATICA MUSICAL;2017;2;98
52129;INGENIERIA ELECTR¿NICA;2017;2;50
52130;INGENIERIA ELECTROMEC¿NICA;2017;2;96
52131;INGENIERIA DE PRODUCCIÓN;2017;2;106
52204;INGENIERIA FINANCIERA Y DE NEGOCIOS;2017;2;172
52205;INGENIERIA DE SISTEMAS;2017;2;107
52299;INGENIER¿A DE TELECOMUNICACIONES;2017;2;64
53340;INGENIERÍA BIOMÉDICA;2017;2;318
53798;MAESTRÍA EN GESTIÓN ENERGÉTICA INDUSTRIAL;2017;2;13
53799;TECNOLOGIA EN CONSTRUCCION DE ACABADOS ARQUITECTONICOS;2017;2;162
53800;TECNOLOGIA EN CALIDAD;2017;2;158
53801;TECNOLOGIA EN SISTEMAS DE INFORMACION;2017;2;701
53802;TECNOLOGIA EN PRODUCCIÓN;2017;2;353
53803;TECNOLOGIA EN ANALISIS DE COSTOS Y PRESUPUESTOS;2017;2;724
53806;TECNOLOG¿A EN DISE¿O INDUSTRIAL;2017;2;155
53892;MAESTRÍA EN AUTOMATIZACIÓN Y CONTROL INDUSTRIAL;2017;2;10
55018;ESPECIALIZACIÓN EN FINANZAS;2017;2;30
55019;ESPECIALIZACIÓN EN FORMULACIÓN Y EVALUACIÓN DE PROYECTOS;2017;2;99
55072;ADMINISTRACIÓN TECNÓLOGICA;2017;2;302
90355;ARTES VISUALES;2017;2;88
90442;INGENIERÍA MECATRÓNICA;2017;2;293
101804;MAESTRÍA EN ESTUDIOS DE CIENCIA, TECNOLOGÍA, SOCIEDAD E INNOVACIÓN;2017;2;1
101977;MAESTRÍA EN GESTIÓN DE LA INNOVACIÓN TECNOLÓGICA, COOPERACIÓN Y DESARROLLO REGIONAL;2017;2;17
102977;MAESTRÍA EN DESARROLLO SOSTENIBLE;2017;2;24
103841;MAESTRIA EN SEGURIDAD INFORMÁTICA;2017;2;14
103928;INGENIERÍA EN DISEÑO INDUSTRIAL;2017;2;176
104318;MAESTRÍA EN INGENIERÍA BIOMÉDICA;2017;2;8
104332;QUÍMICA INDUSTRIAL;2017;2;77
104682;ARTES DE LA GRABACION Y PRODUCCION MUSICAL;2017;2;71
104740;MAESTRÍA EN ARTES DIGITALES;2017;2;7
104905;MAESTRÍA EN CIENCIAS: INNOVACION EN EDUCACIÓN;2017;2;15
105852;CONTADURÍA PÚBLICA;2017;2;167
106188;INGENIER¿A DE LA CALIDAD;2017;2;76
106314;CINE;2017;2;52
6537;TECNOLOGIA EN TELECOMUNICACIONES;2018;2;64
9466;TECNOLOGIA EN MANTENIMIENTO DE EQUIPO BIOMEDICO;2018;2;292
15600;TECNOLOGIA EN GESTION ADMINISTRATIVA;2018;2;1354
17720;TECNOLOGIA EN INFORMATICA MUSICAL;2018;2;122
52129;INGENIERIA ELECTR¿NICA;2018;2;50
52130;INGENIERIA ELECTROMEC¿NICA;2018;2;71
52131;INGENIERIA DE PRODUCCI¿N;2018;2;101
52204;INGENIERIA FINANCIERA Y DE NEGOCIOS;2018;2;200
52205;INGENIERIA DE SISTEMAS;2018;2;108
52299;INGENIER¿A DE TELECOMUNICACIONES;2018;2;66
53340;INGENIERÍA BIOMÉDICA;2018;2;292
53798;MAESTRÍA EN GESTIÓN ENERGÉTICA INDUSTRIAL;2018;2;5
53799;TECNOLOGIA EN CONSTRUCCION DE ACABADOS ARQUITECTONICOS;2018;2;166
53800;TECNOLOGIA EN CALIDAD;2018;2;315
53801;TECNOLOGIA EN SISTEMAS DE INFORMACION;2018;2;156
53802;TECNOLOGIA EN PRODUCCIÓN;2018;2;364
53803;TECNOLOGIA EN ANALISIS DE COSTOS Y PRESUPUESTOS;2018;2;788
53806;TECNOLOGÍA EN DISEÑO INDUSTRIAL;2018;2;170
53892;MAESTRÍA EN AUTOMATIZACIÓN Y CONTROL INDUSTRIAL;2018;2;5
55018;ESPECIALIZACIÓN EN FINANZAS;2018;2;20
55019;ESPECIALIZACIÓN EN FORMULACIÓN Y EVALUACIÓN DE PROYECTOS;2018;2;71
55072;ADMINISTRACI¿N TECN¿LOGICA;2018;2;286
90355;ARTES VISUALES;2018;2;76
90442;INGENIERÍA MECATRÓNICA;2018;2;347
101804;MAESTR¿A EN ESTUDIOS DE CIENCIA, TECNOLOG¿A, SOCIEDAD E INNOVACI¿N;2018;2;10
101977;MAESTRÍA EN GESTIÓN DE LA INNOVACIÓN TECNOLÓGICA, COOPERACIÓN Y DESARROLLO REGIONAL;2018;2;18
102977;MAESTRÍA EN DESARROLLO SOSTENIBLE;2018;2;19
103841;MAESTRIA EN SEGURIDAD INFORMÁTICA;2018;2;20
103928;INGENIERÍA EN DISEÑO INDUSTRIAL;2018;2;135
104318;MAESTRÍA EN INGENIERÍA BIOMÉDICA;2018;2;8
104332;QUÍMICA INDUSTRIAL;2018;2;88
104682;ARTES DE LA GRABACION Y PRODUCCION MUSICAL;2018;2;90
104905;MAESTRÍA EN CIENCIAS: INNOVACION EN EDUCACIÓN;2018;2;10
105852;CONTADURÍA PÚBLICA;2018;2;211
106188;INGENIERÍA DE LA CALIDAD;2018;2;128
106314;CINE;2018;2;79
106505;MAESTRÍA EN METROLOGÍA;2018;2;7
106584;MAESTRÍA EN GESTIÓN DE ORGANIZACIONES;2018;2;15
106810;TECNOLOGIA EN SISTEMAS ELECTROMECANICOS;2018;2;155
107004;TECNOLOGIA EN AUTOMATIZACI¿N ELECTRONICA;2018;2;222
52299;INGENIERÍA DE TELECOMUNICACIONES;2019;2;39
107695;ESPECIALIZACIÓN EN GESTIÓN DE SISTEMAS ENERGÉTICOS INDUSTRIALES;2019;2;12
53800;TECNOLOGIA EN CALIDAD;2019;2;224
107004;TECNOLOGIA EN AUTOMATIZACIÓN ELECTRONICA;2019;2;69
15600;TECNOLOGIA EN GESTION ADMINISTRATIVA;2019;2;754
104318;MAESTRÍA EN INGENIERÍA BIOMÉDICA;2019;2;8
106973;DOCTORADO EN INGENIERÍA;2019;2;4
104332;QUÍMICA INDUSTRIAL;2019;2;69
106188;INGENIERÍA DE LA CALIDAD;2019;2;99
17720;TECNOLOGIA EN INFORMATICA MUSICAL;2019;2;103
53799;TECNOLOGIA EN CONSTRUCCION DE ACABADOS ARQUITECTONICOS;2019;2;141
107943;TECNOLOGÍA EN ANÁLISIS DE COSTOS Y PRESUPUESTOS;2019;2;10
52205;INGENIERIA DE SISTEMAS;2019;2;79
106314;CINE;2019;2;56
107534;TECNOLOGIA EN SISTEMAS DE PRODUCCIÓN;2019;2;142
52131;INGENIERIA DE PRODUCCIÓN;2019;2;106
53892;MAESTRÍA EN AUTOMATIZACIÓN Y CONTROL INDUSTRIAL;2019;2;7
107535;TECNOLOGIA EN DESARROLLO DE SOFTWARE;2019;2;475
53806;TECNOLOGÍA EN DISEÑO INDUSTRIAL;2019;2;153
104682;ARTES DE LA GRABACION Y PRODUCCION MUSICAL;2019;2;58
104905;MAESTRÍA EN CIENCIAS: INNOVACION EN EDUCACIÓN;2019;2;5
102977;MAESTRÍA EN DESARROLLO SOSTENIBLE;2019;2;7
52130;INGENIERIA ELECTROMECÁNICA;2019;2;53
55019;ESPECIALIZACIÓN EN FORMULACIÓN Y EVALUACIÓN DE PROYECTOS;2019;2;79
90355;ARTES VISUALES;2019;2;45
53798;MAESTRÍA EN GESTIÓN ENERGÉTICA INDUSTRIAL;2019;2;3
107391;CIENCIAS AMBIENTALES;2019;2;67
105852;CONTADURÍA PÚBLICA;2019;2;307
52129;INGENIERIA ELECTRÓNICA;2019;2;28
53803;TECNOLOGIA EN ANALISIS DE COSTOS Y PRESUPUESTOS;2019;2;479
107696;TECNOLOGÍA EN GESTIÓN ADMINISTRATIVA;2019;2;129
104740;MAESTRÍA EN ARTES DIGITALES;2019;2;12
106505;MAESTRÍA EN METROLOGÍA;2019;2;9
103928;INGENIERÍA EN DISEÑO INDUSTRIAL;2019;2;100
55018;ESPECIALIZACIÓN EN FINANZAS;2019;2;34
107423;MAESTRÍA EN ESTUDIOS DE CIENCIA, TECNOLOGÍA, SOCIEDAD E INNOVACIÓN;2019;2;7
107381;TECNOLOGÍA EN GESTIÓN DE REDES DE  TELECOMUNICACIONES;2019;2;145
107390;INGENIERIA FINANCIERA;2019;2;145
90442;INGENIERÍA MECATRÓNICA;2019;2;172
103841;MAESTRIA EN SEGURIDAD INFORMÁTICA;2019;2;13
55072;ADMINISTRACIÓN TECNÓLOGICA;2019;2;196
101804;MAESTRÍA EN ESTUDIOS DE CIENCIA, TECNOLOGÍA, SOCIEDAD E INNOVACIÓN;2019;2;9
101977;MAESTRÍA EN GESTIÓN DE LA INNOVACIÓN TECNOLÓGICA, COOPERACIÓN Y DESARROLLO REGIONAL;2019;2;11
53340;INGENIERÍA BIOMÉDICA;2019;2;167
9466;TECNOLOGIA EN MANTENIMIENTO DE EQUIPO BIOMEDICO;2019;2;172
106584;MAESTRÍA EN GESTIÓN DE ORGANIZACIONES;2019;2;17
106810;TECNOLOGIA EN SISTEMAS ELECTROMECANICOS;2019;2;156
9466;TECNOLOGIA EN MANTENIMIENTO DE EQUIPO BIOMEDICO;2020;2;196
15600;TECNOLOGIA EN GESTION ADMINISTRATIVA;2020;2;774
17720;TECNOLOGIA EN INFORMATICA MUSICAL;2020;2;108
52129;INGENIERIA ELECTRÓNICA;2020;2;24
52130;INGENIERIA ELECTROMECÁNICA;2020;2;37
52131;INGENIERIA DE PRODUCCIÓN;2020;2;69
52205;INGENIERIA DE SISTEMAS;2020;2;78
52299;INGENIERÍA DE TELECOMUNICACIONES;2020;2;33
53340;INGENIERÍA BIOMÉDICA;2020;2;149
53798;MAESTRÍA EN GESTIÓN ENERGÉTICA INDUSTRIAL;2020;2;6
53799;TECNOLOGIA EN CONSTRUCCION DE ACABADOS ARQUITECTONICOS;2020;2;146
53803;TECNOLOGIA EN ANALISIS DE COSTOS Y PRESUPUESTOS;2020;2;326
53806;TECNOLOGÍA EN DISEÑO INDUSTRIAL;2020;2;126
53892;MAESTRÍA EN AUTOMATIZACIÓN Y CONTROL INDUSTRIAL;2020;2;9
55018;ESPECIALIZACIÓN EN FINANZAS;2020;2;20
55019;ESPECIALIZACIÓN EN FORMULACIÓN Y EVALUACIÓN DE PROYECTOS;2020;2;62
55072;ADMINISTRACIÓN TECNÓLOGICA;2020;2;149
90355;ARTES VISUALES;2020;2;34
90442;INGENIERÍA MECATRÓNICA;2020;2;126
101977;MAESTRÍA EN GESTIÓN DE LA INNOVACIÓN TECNOLÓGICA, COOPERACIÓN Y DESARROLLO REGIONAL;2020;2;16
102977;MAESTRÍA EN DESARROLLO SOSTENIBLE;2020;2;13
103841;MAESTRIA EN SEGURIDAD INFORMÁTICA;2020;2;8
103928;INGENIERÍA EN DISEÑO INDUSTRIAL;2020;2;98
104318;MAESTRÍA EN INGENIERÍA BIOMÉDICA;2020;2;6
104332;QUÍMICA INDUSTRIAL;2020;2;53
104682;ARTES DE LA GRABACION Y PRODUCCION MUSICAL;2020;2;70
104740;MAESTRÍA EN ARTES DIGITALES;2020;2;10
104905;MAESTRÍA EN CIENCIAS: INNOVACION EN EDUCACIÓN;2020;2;29
105852;CONTADURÍA PÚBLICA;2020;2;236
106188;INGENIERÍA DE LA CALIDAD;2020;2;62
106314;CINE;2020;2;64
106505;MAESTRÍA EN METROLOGÍA;2020;2;2
106584;MAESTRÍA EN GESTIÓN DE ORGANIZACIONES;2020;2;7
106810;TECNOLOGIA EN SISTEMAS ELECTROMECANICOS;2020;2;156
106973;DOCTORADO EN INGENIERÍA;2020;2;1
107004;TECNOLOGIA EN AUTOMATIZACIÓN ELECTRONICA;2020;2;92
107381;TECNOLOGÍA EN GESTIÓN DE REDES DE  TELECOMUNICACIONES;2020;2;194
107390;INGENIERIA FINANCIERA;2020;2;188
107391;CIENCIAS AMBIENTALES;2020;2;63
107423;MAESTRÍA EN ESTUDIOS DE CIENCIA, TECNOLOGÍA, SOCIEDAD E INNOVACIÓN;2020;2;15
107534;TECNOLOGIA EN SISTEMAS DE PRODUCCIÓN;2020;2;162
107535;TECNOLOGIA EN DESARROLLO DE SOFTWARE;2020;2;584
107695;ESPECIALIZACIÓN EN GESTIÓN DE SISTEMAS ENERGÉTICOS INDUSTRIALES;2020;2;6
107696;TECNOLOGÍA EN GESTIÓN ADMINISTRATIVA;2020;2;188
107943;TECNOLOGÍA EN ANÁLISIS DE COSTOS Y PRESUPUESTOS;2020;2;113
108394;TECNOLOGÍA EN DISEÑO Y PROGRAMACIÓN DE SOLUCIONES DE SOFTWARE COMO SERVICIO;2020;2;19
108639;TECNOLOGÍA EN DESARROLLO DE APLICACIONES PARA DISPOSITIVOS MÓVILES;2020;2;24
108789;TECNOLOGIA EN CONTROL DE LA CALIDAD;2020;2;234
9466;TECNOLOGIA EN MANTENIMIENTO DE EQUIPO BIOMEDICO;2021;2;194
15600;TECNOLOGIA EN GESTION ADMINISTRATIVA;2021;2;574
17720;TECNOLOGIA EN INFORMATICA MUSICAL;2021;2;44
52129;INGENIERIA ELECTRÓNICA;2021;2;18
52130;INGENIERIA ELECTROMECÁNICA;2021;2;48
52131;INGENIERIA DE PRODUCCIÓN;2021;2;71
52205;INGENIERIA DE SISTEMAS;2021;2;102
52299;INGENIERÍA DE TELECOMUNICACIONES;2021;2;17
53340;INGENIERÍA BIOMÉDICA;2021;2;112
53798;MAESTRÍA EN GESTIÓN ENERGÉTICA INDUSTRIAL;2021;2;1
53799;TECNOLOGIA EN CONSTRUCCION DE ACABADOS ARQUITECTONICOS;2021;2;157
53803;TECNOLOGIA EN ANALISIS DE COSTOS Y PRESUPUESTOS;2021;2;383
53806;TECNOLOGÍA EN DISEÑO INDUSTRIAL;2021;2;45
53892;MAESTRÍA EN AUTOMATIZACIÓN Y CONTROL INDUSTRIAL;2021;2;7
55018;ESPECIALIZACIÓN EN FINANZAS;2021;2;27
55019;ESPECIALIZACIÓN EN FORMULACIÓN Y EVALUACIÓN DE PROYECTOS;2021;2;92
55072;ADMINISTRACIÓN TECNÓLOGICA;2021;2;299
90355;ARTES VISUALES;2021;2;44
90442;INGENIERÍA MECATRÓNICA;2021;2;242
101977;MAESTRÍA EN GESTIÓN DE LA INNOVACIÓN TECNOLÓGICA, COOPERACIÓN Y DESARROLLO REGIONAL;2021;2;9
102977;MAESTRÍA EN DESARROLLO SOSTENIBLE;2021;2;9
103841;MAESTRIA EN SEGURIDAD INFORMÁTICA;2021;2;19
103928;INGENIERÍA EN DISEÑO INDUSTRIAL;2021;2;64
104318;MAESTRÍA EN INGENIERÍA BIOMÉDICA;2021;2;4
104332;QUÍMICA INDUSTRIAL;2021;2;85
104682;ARTES DE LA GRABACION Y PRODUCCION MUSICAL;2021;2;43
104740;MAESTRÍA EN ARTES DIGITALES;2021;2;6
104905;MAESTRÍA EN CIENCIAS: INNOVACION EN EDUCACIÓN;2021;2;14
105852;CONTADURÍA PÚBLICA;2021;2;217
106188;INGENIERÍA DE LA CALIDAD;2021;2;111
106314;CINE;2021;2;37
106505;MAESTRÍA EN METROLOGÍA;2021;2;2
106584;MAESTRÍA EN GESTIÓN DE ORGANIZACIONES;2021;2;12
106810;TECNOLOGIA EN SISTEMAS ELECTROMECANICOS;2021;2;190
106973;DOCTORADO EN INGENIERÍA;2021;2;3
107004;TECNOLOGIA EN AUTOMATIZACIÓN ELECTRONICA;2021;2;111
107381;TECNOLOGÍA EN GESTIÓN DE REDES DE  TELECOMUNICACIONES;2021;2;175
107390;INGENIERIA FINANCIERA;2021;2;129
107391;CIENCIAS AMBIENTALES;2021;2;89
107423;MAESTRÍA EN ESTUDIOS DE CIENCIA, TECNOLOGÍA, SOCIEDAD E INNOVACIÓN;2021;2;13
107534;TECNOLOGIA EN SISTEMAS DE PRODUCCIÓN;2021;2;146
107535;TECNOLOGIA EN DESARROLLO DE SOFTWARE;2021;2;539
107695;ESPECIALIZACIÓN EN GESTIÓN DE SISTEMAS ENERGÉTICOS INDUSTRIALES;2021;2;10
107696;TECNOLOGÍA EN GESTIÓN ADMINISTRATIVA;2021;2;108
107943;TECNOLOGÍA EN ANÁLISIS DE COSTOS Y PRESUPUESTOS;2021;2;117
108394;TECNOLOGÍA EN DISEÑO Y PROGRAMACIÓN DE SOLUCIONES DE SOFTWARE COMO SERVICIO;2021;2;139
108639;TECNOLOGÍA EN DESARROLLO DE APLICACIONES PARA DISPOSITIVOS MÓVILES;2021;2;92
108789;TECNOLOGIA EN CONTROL DE LA CALIDAD;2021;2;103
109927;INTERPRETACIÓN Y TRADUCCIÓN LENGUA DE SEÑAS COLOMBIANA - ESPAÑOL;2021;2;26
9466;TECNOLOGIA EN MANTENIMIENTO DE EQUIPO BIOMEDICO;2022;2;64
15600;TECNOLOGIA EN GESTION ADMINISTRATIVA;2022;2;475
17720;TECNOLOGIA EN INFORMATICA MUSICAL;2022;2;55
52129;INGENIERIA ELECTRÓNICA;2022;2;29
52130;INGENIERIA ELECTROMECÁNICA;2022;2;29
52131;INGENIERIA DE PRODUCCIÓN;2022;2;48
52205;INGENIERIA DE SISTEMAS;2022;2;58
52299;INGENIERÍA DE TELECOMUNICACIONES;2022;2;19
53340;INGENIERÍA BIOMÉDICA;2022;2;157
53799;TECNOLOGIA EN CONSTRUCCION DE ACABADOS ARQUITECTONICOS;2022;2;86
53803;TECNOLOGIA EN ANALISIS DE COSTOS Y PRESUPUESTOS;2022;2;415
53806;TECNOLOGÍA EN DISEÑO INDUSTRIAL;2022;2;86
53892;MAESTRÍA EN AUTOMATIZACIÓN Y CONTROL INDUSTRIAL;2022;2;9
55018;ESPECIALIZACIÓN EN FINANZAS;2022;2;24
55019;ESPECIALIZACIÓN EN FORMULACIÓN Y EVALUACIÓN DE PROYECTOS;2022;2;80
55072;ADMINISTRACIÓN TECNÓLOGICA;2022;2;313
90355;ARTES VISUALES;2022;2;37
90442;INGENIERÍA MECATRÓNICA;2022;2;265
101977;MAESTRÍA EN GESTIÓN DE LA INNOVACIÓN TECNOLÓGICA, COOPERACIÓN Y DESARROLLO REGIONAL;2022;2;12
102977;MAESTRÍA EN DESARROLLO SOSTENIBLE;2022;2;6
103841;MAESTRIA EN SEGURIDAD INFORMÁTICA;2022;2;10
103928;INGENIERÍA EN DISEÑO INDUSTRIAL;2022;2;102
104318;MAESTRÍA EN INGENIERÍA BIOMÉDICA;2022;2;2
104332;QUÍMICA INDUSTRIAL;2022;2;90
104682;ARTES DE LA GRABACION Y PRODUCCION MUSICAL;2022;2;64
104740;MAESTRÍA EN ARTES DIGITALES;2022;2;6
104905;MAESTRÍA EN CIENCIAS: INNOVACION EN EDUCACIÓN;2022;2;8
105852;CONTADURÍA PÚBLICA;2022;2;306
106188;INGENIERÍA DE LA CALIDAD;2022;2;116
106314;CINE;2022;2;61
106505;MAESTRÍA EN METROLOGÍA;2022;2;3
106584;MAESTRÍA EN GESTIÓN DE ORGANIZACIONES;2022;2;7
106810;TECNOLOGIA EN SISTEMAS ELECTROMECANICOS;2022;2;167
107004;TECNOLOGIA EN AUTOMATIZACIÓN ELECTRONICA;2022;2;156
107381;TECNOLOGÍA EN GESTIÓN DE REDES DE  TELECOMUNICACIONES;2022;2;186
107390;INGENIERIA FINANCIERA;2022;2;106
107391;CIENCIAS AMBIENTALES;2022;2;101
107423;MAESTRÍA EN ESTUDIOS DE CIENCIA, TECNOLOGÍA, SOCIEDAD E INNOVACIÓN;2022;2;14
107534;TECNOLOGIA EN SISTEMAS DE PRODUCCIÓN;2022;2;116
107535;TECNOLOGIA EN DESARROLLO DE SOFTWARE;2022;2;662
107695;ESPECIALIZACIÓN EN GESTIÓN DE SISTEMAS ENERGÉTICOS INDUSTRIALES;2022;2;7
107696;TECNOLOGÍA EN GESTIÓN ADMINISTRATIVA;2022;2;276
107943;TECNOLOGÍA EN ANÁLISIS DE COSTOS Y PRESUPUESTOS;2022;2;143
108394;TECNOLOGÍA EN DISEÑO Y PROGRAMACIÓN DE SOLUCIONES DE SOFTWARE COMO SERVICIO;2022;2;104
108639;TECNOLOGÍA EN DESARROLLO DE APLICACIONES PARA DISPOSITIVOS MÓVILES;2022;2;45
108789;TECNOLOGIA EN CONTROL DE LA CALIDAD;2022;2;102
109927;INTERPRETACIÓN Y TRADUCCIÓN LENGUA DE SEÑAS COLOMBIANA - ESPAÑOL;2022;2;26
110901;ESPECIALIZACIÓN EN CIBERSEGURIDAD;2022;2;37
110902;ESPECIALIZACIÓN EN INGENIERÍA DE SOFTWARE;2022;2;28
110940;ESPECIALIZACIÓN EN GESTIÓN DEL MANTENIMIENTO INDUSTRIAL;2022;2;29
55072;ADMINISTRACION TECNOLOGICA;2023;2;22
4750;TECNOLOGIA EN ANALISIS DE COSTOS Y PRESUPUESTOS;2023;2;147
104682;ARTES DE LA GRABACION Y PRODUCCION MUSICAL;2023;2;13
90355;ARTES VISUALES;2023;2;10
107004;TECNOLOGIA EN AUTOMATIZACION ELECTRONICA;2023;2;29
53800;TECNOLOGIA EN CALIDAD;2023;2;4
107391;CIENCIAS AMBIENTALES;2023;2;19
106314;CINE;2023;2;10
4277;TECNOLOGIA EN CONSTRUCCION DE ACABADOS ARQUITECTONICOS;2023;2;25
105852;CONTADURIA PUBLICA;2023;2;113
108789;TECNOLOGIA EN CONTROL DE LA CALIDAD;2023;2;21
108639;TECNOLOGIA EN DESARROLLO DE APLICACIONES PARA DISPOSITIVOS MOVILES;2023;2;6
107535;TECNOLOGIA EN DESARROLLO DE SOFTWARE;2023;2;188
1518;TECNOLOGIA EN DISEÑO INDUSTRIAL;2023;2;23
108394;TECNOLOGIA EN DISEÑO Y PROGRAMACION DE SOLUCIONES DE SOFTWARE COMO SERVICIO;2023;2;42
106973;DOCTORADO EN INGENIERIA;2023;2;1
11085;TECNOLOGIA EN ELECTRONICA;2023;2;1
110901;ESPECIALIZACION EN CIBERSEGURIDAD;2023;2;1
55018;ESPECIALIZACION EN FINANZAS;2023;2;1
55019;ESPECIALIZACION EN FORMULACION Y EVALUACION DE PROYECTOS;2023;2;6
110940;ESPECIALIZACION EN GESTION DEL MANTENIMIENTO INDUSTRIAL;2023;2;4
111033;ESPECIALIZACION EN INGENIERIA DE SOFTWARE;2023;2;1
15600;TECNOLOGIA EN GESTION ADMINISTRATIVA;2023;2;215
111337;TECNOLOGIA EN GESTION COMERCIAL;2023;2;1
107381;TECNOLOGIA EN GESTION DE REDES DE  TELECOMUNICACIONES;2023;2;22
17720;TECNOLOGIA EN INFORMATICA MUSICAL;2023;2;10
53340;INGENIERIA BIOMEDICA;2023;2;43
106188;INGENIERIA DE LA CALIDAD;2023;2;34
52131;INGENIERIA DE PRODUCCION;2023;2;43
52205;INGENIERIA DE SISTEMAS;2023;2;46
52299;INGENIERIA DE TELECOMUNICACIONES;2023;2;13
52130;INGENIERIA ELECTROMECANICA;2023;2;25
52129;INGENIERIA ELECTRONICA;2023;2;17
52272;INGENIERIA EN DISEÑO INDUSTRIAL;2023;2;41
107390;INGENIERIA FINANCIERA;2023;2;66
52204;INGENIERIA FINANCIERA Y DE NEGOCIOS;2023;2;4
90442;INGENIERIA MECATRONICA;2023;2;55
109927;INTERPRETACION Y TRADUCCION LENGUA DE SEÑAS COLOMBIANA - ESPAÑOL;2023;2;4
104740;MAESTRIA EN ARTES DIGITALES;2023;2;1
53892;MAESTRIA EN AUTOMATIZACION Y CONTROL INDUSTRIAL;2023;2;2
104905;MAESTRIA EN CIENCIAS: INNOVACION EN EDUCACION;2023;2;1
102977;MAESTRIA EN DESARROLLO SOSTENIBLE;2023;2;1
101977;MAESTRIA EN GESTION DE LA INNOVACION TECNOLOGICA, COOPERACION Y DESARROLLO REGIONAL;2023;2;2
106584;MAESTRIA EN GESTION DE ORGANIZACIONES;2023;2;1
104318;MAESTRIA EN INGENIERIA BIOMEDICA;2023;2;1
9466;TECNOLOGIA EN MANTENIMIENTO DE EQUIPO BIOMEDICO;2023;2;15
6536;TECNOLOGIA EN PRODUCCION;2023;2;5
104332;QUIMICA INDUSTRIAL;2023;2;22
8485;TECNOLOGIA EN SISTEMAS DE INFORMACION;2023;2;6
107534;TECNOLOGIA EN SISTEMAS DE PRODUCCION;2023;2;19
106810;TECNOLOGIA EN SISTEMAS ELECTROMECANICOS;2023;2;39
6537;TECNOLOGIA EN TELECOMUNICACIONES;2023;2;2
