CÓDIGO SNIES DEL PROGRAMA;PROGRAMA ACADÉMICO;AÑO;SEMESTRE;GRADUADOS
53802;TECNOLOGIA EN PRODUCCION;2015;1;35
15600;TECNOLOGIA EN GESTION ADMINISTRATIVA;2015;1;194
17720;TECNOLOGIA EN INFORMATICA MUSICAL;2014;1;34
6537;TECNOLOGIA EN TELECOMUNICACIONES;2014;1;73
52204;INGENIERIA FINANCIERA Y DE NEGOCIOS;2015;1;112
53801;TECNOLOGIA EN SISTEMAS DE INFORMACION;2015;1;61
15600;TECNOLOGIA EN GESTION ADMINISTRATIVA;2014;1;176
6537;TECNOLOGIA EN TELECOMUNICACIONES;2015;2;62
52272;INGENIERIA EN DISEÑO INDUSTRIAL;2015;2;38
53803;TECNOLOGIA EN ANALISIS DE COSTOS Y PRESUPUESTOS;2014;1;166
52204;INGENIERIA FINANCIERA Y DE NEGOCIOS;2014;1;120
53806;TECNOLOGIA EN DISEÑO INDUSTRIAL;2015;1;34
53801;TECNOLOGIA EN SISTEMAS DE INFORMACION;2014;1;110
15600;TECNOLOGIA EN GESTION ADMINISTRATIVA;2015;2;155
52131;INGENIERIA DE PRODUCCION;2015;1;143
53803;TECNOLOGIA EN ANALISIS DE COSTOS Y PRESUPUESTOS;2015;2;169
2114;TECNOLOGIA EN ELECTROMECANICA;2014;1;74
6537;TECNOLOGIA EN TELECOMUNICACIONES;2014;2;89
52299;INGENIERIA DE TELECOMUNICACIONES;2014;1;95
53802;TECNOLOGIA EN PRODUCCION;2015;2;113
52129;INGENIERIA ELECTRONICA;2014;1;40
52204;INGENIERIA FINANCIERA Y DE NEGOCIOS;2014;2;128
52205;INGENIERIA DE SISTEMAS;2014;1;86
52299;INGENIERIA DE TELECOMUNICACIONES;2014;2;51
52131;INGENIERIA DE PRODUCCION;2014;2;90
53799;TECNOLOGIA EN CONSTRUCCION DE ACABADOS ARQUITECTONICOS;2014;1;39
15600;TECNOLOGIA EN GESTION ADMINISTRATIVA;2014;2;257
52130;INGENIERIA ELECTROMECANICA;2015;2;34
53803;TECNOLOGIA EN ANALISIS DE COSTOS Y PRESUPUESTOS;2014;2;170
52299;INGENIERIA DE TELECOMUNICACIONES;2015;1;32
53340;INGENIERIA BIOMEDICA;2015;1;18
53802;TECNOLOGIA EN PRODUCCION;2014;1;132
53801;TECNOLOGIA EN SISTEMAS DE INFORMACION;2014;2;78
52131;INGENIERIA DE PRODUCCION;2014;1;78
53340;INGENIERIA BIOMEDICA;2015;2;59
11085;TECNOLOGIA EN ELECTRONICA;2014;1;41
55072;ADMINISTRACION TECNOLOGICA;2015;2;31
53799;TECNOLOGIA EN CONSTRUCCION DE ACABADOS ARQUITECTONICOS;2015;1;31
11085;TECNOLOGIA EN ELECTRONICA;2015;2;19
53806;TECNOLOGIA EN DISEÑO INDUSTRIAL;2014;1;77
52299;INGENIERIA DE TELECOMUNICACIONES;2015;2;30
53803;TECNOLOGIA EN ANALISIS DE COSTOS Y PRESUPUESTOS;2015;1;48
52130;INGENIERIA ELECTROMECANICA;2014;1;61
53802;TECNOLOGIA EN PRODUCCION;2014;2;117
2114;TECNOLOGIA EN ELECTROMECANICA;2015;2;49
52129;INGENIERIA ELECTRONICA;2015;1;18
52130;INGENIERIA ELECTROMECANICA;2014;2;47
55019;ESPECIALIZACION EN FORMULACION Y EVALUACION DE PROYECTOS;2014;2;37
53801;TECNOLOGIA EN SISTEMAS DE INFORMACION;2015;2;92
9466;TECNOLOGIA EN MANTENIMIENTO DE EQUIPO BIOMEDICO;2015;1;30
2114;TECNOLOGIA EN ELECTROMECANICA;2014;2;63
6537;TECNOLOGIA EN TELECOMUNICACIONES;2015;1;61
55019;ESPECIALIZACION EN FORMULACION Y EVALUACION DE PROYECTOS;2015;2;62
11085;TECNOLOGIA EN ELECTRONICA;2015;1;10
53806;TECNOLOGIA EN DISEÑO INDUSTRIAL;2014;2;65
9466;TECNOLOGIA EN MANTENIMIENTO DE EQUIPO BIOMEDICO;2014;2;29
52272;INGENIERIA EN DISEÑO INDUSTRIAL;2014;2;32
52204;INGENIERIA FINANCIERA Y DE NEGOCIOS;2015;2;91
52129;INGENIERIA ELECTRONICA;2014;2;20
17720;TECNOLOGIA EN INFORMATICA MUSICAL;2014;2;28
52131;INGENIERIA DE PRODUCCION;2015;2;71
53800;TECNOLOGIA EN CALIDAD;2015;2;33
53800;TECNOLOGIA EN CALIDAD;2014;2;49
53800;TECNOLOGIA EN CALIDAD;2015;1;47
11085;TECNOLOGIA EN ELECTRONICA;2014;2;30
53806;TECNOLOGIA EN DISEÑO INDUSTRIAL;2015;2;36
52130;INGENIERIA ELECTROMECANICA;2015;1;38
53800;TECNOLOGIA EN CALIDAD;2014;1;61
55019;ESPECIALIZACION EN FORMULACION Y EVALUACION DE PROYECTOS;2014;1;39
52129;INGENIERIA ELECTRONICA;2015;2;17
90355;ARTES VISUALES;2015;2;7
17720;TECNOLOGIA EN INFORMATICA MUSICAL;2015;1;7
53340;INGENIERIA BIOMEDICA;2014;1;45
52272;INGENIERIA EN DISEÑO INDUSTRIAL;2015;1;37
2114;TECNOLOGIA EN ELECTROMECANICA;2015;1;42
52205;INGENIERIA DE SISTEMAS;2014;2;45
52205;INGENIERIA DE SISTEMAS;2015;1;28
55018;ESPECIALIZACION EN FINANZAS;2014;1;10
9466;TECNOLOGIA EN MANTENIMIENTO DE EQUIPO BIOMEDICO;2015;2;29
55072;ADMINISTRACION TECNOLOGICA;2014;2;4
9466;TECNOLOGIA EN MANTENIMIENTO DE EQUIPO BIOMEDICO;2014;1;41
55019;ESPECIALIZACION EN FORMULACION Y EVALUACION DE PROYECTOS;2015;1;45
17720;TECNOLOGIA EN INFORMATICA MUSICAL;2015;2;13
55018;ESPECIALIZACION EN FINANZAS;2015;2;15
52272;INGENIERIA EN DISEÑO INDUSTRIAL;2014;1;36
52205;INGENIERIA DE SISTEMAS;2015;2;27
53340;INGENIERIA BIOMEDICA;2014;2;30
53892;MAESTRIA EN AUTOMATIZACION Y CONTROL INDUSTRIAL;2014;2;2
55072;ADMINISTRACION TECNOLOGICA;2015;1;7
53799;TECNOLOGIA EN CONSTRUCCION DE ACABADOS ARQUITECTONICOS;2015;2;36
53892;MAESTRIA EN AUTOMATIZACION Y CONTROL INDUSTRIAL;2014;1;10
17719;TECNOLOGIA EN ANALISIS DE COSTOS Y PRESUPUESTOS;2015;1;4
53799;TECNOLOGIA EN CONSTRUCCION DE ACABADOS ARQUITECTONICOS;2014;2;26
53892;MAESTRIA EN AUTOMATIZACION Y CONTROL INDUSTRIAL;2015;1;1
101804;MAESTRÍA EN ESTUDIOS DE CIENCIA, TECNOLOGÍA, SOCIEDAD E INNOVACIÓN;2015;1;1
55018;ESPECIALIZACION EN FINANZAS;2015;1;12
101977;MAESTRIA EN GESTION DE LA INNOVACION TECNOLOGICA, COOPERACION Y DESARROLLO REGIONAL;2015;2;3
17719;TECNOLOGIA EN ANALISIS DE COSTOS Y PRESUPUESTOS;2015;2;4
90442;INGENIERIA MECATRONICA;2015;2;5
17719;TECNOLOGIA EN ANALISIS DE COSTOS Y PRESUPUESTOS;2014;1;26
53892;MAESTRIA EN AUTOMATIZACION Y CONTROL INDUSTRIAL;2015;2;5
11111;ESPECIALIZACION EN GESTION ENERGETICA INDUSTRIAL;2014;2;6
101804;MAESTRÍA EN ESTUDIOS DE CIENCIA, TECNOLOGÍA, SOCIEDAD E INNOVACIÓN;2015;2;1
53798;MAESTRIA EN GESTION ENERGETICA INDUSTRIAL;2014;1;5
53798;MAESTRIA EN GESTION ENERGETICA INDUSTRIAL;2014;2;1
53798;MAESTRIA EN GESTION ENERGETICA INDUSTRIAL;2015;1;4
55018;ESPECIALIZACION EN FINANZAS;2014;2;2
17719;TECNOLOGIA EN ANALISIS DE COSTOS Y PRESUPUESTOS;2014;2;8
53798;MAESTRIA EN GESTION ENERGETICA INDUSTRIAL;2015;2;2
11111;ESPECIALIZACION EN GESTION ENERGETICA INDUSTRIAL;2015;1;1
101804;MAESTRIA EN ESTUDIOS DE CIENCIA, TECNOLOGIA, SOCIEDAD E INNOVACION;2016;1;2
101804;MAESTRIA EN ESTUDIOS DE CIENCIA, TECNOLOGIA, SOCIEDAD E INNOVACION;2016;2;1
101977;MAESTRIA EN GESTION DE LA INNOVACION TECNOLOGICA, COOPERACION Y DESARROLLO REGIONAL;2016;1;2
101977;MAESTRIA EN GESTION DE LA INNOVACION TECNOLOGICA, COOPERACION Y DESARROLLO REGIONAL;2016;2;2
11085;TECNOLOGIA EN ELECTRONICA;2016;2;31
11085;TECNOLOGIA EN ELECTRONICA;2016;1;19
15600;TECNOLOGIA EN GESTION ADMINISTRATIVA;2016;1;184
15600;TECNOLOGIA EN GESTION ADMINISTRATIVA;2016;2;265
17719;TECNOLOGIA EN ANALISIS DE COSTOS Y PRESUPUESTOS;2016;1;8
17719;TECNOLOGIA EN ANALISIS DE COSTOS Y PRESUPUESTOS;2016;2;1
17720;TECNOLOGIA EN INFORMATICA MUSICAL;2016;1;14
17720;TECNOLOGIA EN INFORMATICA MUSICAL;2016;2;12
2114;TECNOLOGIA EN ELECTROMECANICA;2016;2;37
2114;TECNOLOGIA EN ELECTROMECANICA;2016;1;34
4750;TECNOLOGIA EN ANALISIS DE COSTOS Y PRESUPUESTOS;2016;2;2
52129;INGENIERIA ELECTRONICA;2016;2;24
52129;INGENIERIA ELECTRONICA;2016;1;6
52130;INGENIERIA ELECTROMECONICA;2016;2;38
52130;INGENIERIA ELECTROMECONICA;2016;1;26
52131;INGENIERIA DE PRODUCCION;2016;2;56
52131;INGENIERIA DE PRODUCCION;2016;1;56
52204;INGENIERIA FINANCIERA Y DE NEGOCIOS;2016;2;59
52204;INGENIERIA FINANCIERA Y DE NEGOCIOS;2016;1;63
52205;INGENIERIA DE SISTEMAS;2016;2;51
52205;INGENIERIA DE SISTEMAS;2016;1;19
52272;INGENIERIA EN DISEÑO INDUSTRIAL;2016;1;40
52272;INGENIERIA EN DISEÑO INDUSTRIAL;2016;2;28
52299;INGENIERIA DE TELECOMUNICACIONES;2016;2;16
52299;INGENIERIA DE TELECOMUNICACIONES;2016;1;24
53340;INGENIERIA BIOMEDICA;2016;1;40
53340;INGENIERIA BIOMEDICA;2016;2;34
53798;MAESTRIA EN GESTION ENERGETICA INDUSTRIAL;2016;1;1
53798;MAESTRIA EN GESTION ENERGETICA INDUSTRIAL;2016;2;2
53799;TECNOLOGIA EN CONSTRUCCION DE ACABADOS ARQUITECTONICOS;2016;2;40
53799;TECNOLOGIA EN CONSTRUCCION DE ACABADOS ARQUITECTONICOS;2016;1;22
53800;TECNOLOGIA EN CALIDAD;2016;1;43
53800;TECNOLOGIA EN CALIDAD;2016;2;32
53801;TECNOLOGIA EN SISTEMAS DE INFORMACION;2016;2;70
53801;TECNOLOGIA EN SISTEMAS DE INFORMACION;2016;1;65
53802;TECNOLOGIA EN PRODUCCION;2016;1;124
53802;TECNOLOGIA EN PRODUCCION;2016;2;124
53803;TECNOLOGIA EN ANALISIS DE COSTOS Y PRESUPUESTOS;2016;2;164
53803;TECNOLOGIA EN ANALISIS DE COSTOS Y PRESUPUESTOS;2016;1;160
53806;TECNOLOGIA EN DISEÑO INDUSTRIAL;2016;1;55
53806;TECNOLOGIA EN DISEÑO INDUSTRIAL;2016;2;41
53892;MAESTRIA EN AUTOMATIZACION Y CONTROL INDUSTRIAL;2016;2;5
53892;MAESTRIA EN AUTOMATIZACION Y CONTROL INDUSTRIAL;2016;1;3
55018;ESPECIALIZACION EN FINANZAS;2016;1;17
55018;ESPECIALIZACION EN FINANZAS;2016;2;28
55019;ESPECIALIZACION EN FORMULACION Y EVALUACION DE PROYECTOS;2016;1;72
55019;ESPECIALIZACION EN FORMULACION Y EVALUACION DE PROYECTOS;2016;2;59
55072;ADMINISTRACION TECNOLOGICA;2016;1;36
55072;ADMINISTRACION TECNOLOGICA;2016;2;42
6536;TECNOLOGIA EN PRODUCCION;2016;2;3
6537;TECNOLOGIA EN TELECOMUNICACIONES;2016;2;78
6537;TECNOLOGIA EN TELECOMUNICACIONES;2016;1;45
90355;ARTES VISUALES;2016;1;3
90355;ARTES VISUALES;2016;2;5
90442;INGENIERIA MECATRONICA;2016;2;13
90442;INGENIERIA MECATRONICA;2016;1;3
9466;TECNOLOGIA EN MANTENIMIENTO DE EQUIPO BIOMEDICO;2016;2;24
9466;TECNOLOGIA EN MANTENIMIENTO DE EQUIPO BIOMEDICO;2016;1;15
55019;ESPECIALIZACION EN FORMULACION Y EVALUACION DE PROYECTOS;2017;1;62
55019;ESPECIALIZACION EN FORMULACION Y EVALUACION DE PROYECTOS;2017;2;75
11111;ESPECIALIZACION EN GESTION ENERGETICA INDUSTRIAL;2017;1;1
55018;ESPECIALIZACION EN FINANZAS;2017;2;18
55018;ESPECIALIZACION EN FINANZAS;2017;1;8
53798;MAESTRIA EN GESTION ENERGETICA INDUSTRIAL;2017;1;3
101977;MAESTRIA EN GESTION DE LA INNOVACION TECNOLOGICA, COOPERACION Y DESARROLLO REGIONAL;2017;2;5
53798;MAESTRIA EN GESTION ENERGETICA INDUSTRIAL;2017;2;3
101977;MAESTRIA EN GESTION DE LA INNOVACION TECNOLOGICA, COOPERACION Y DESARROLLO REGIONAL;2017;1;4
102977;MAESTRIA EN DESARROLLO SOSTENIBLE;2017;2;2
104905;MAESTRIA EN CIENCIAS: INNOVACION EN EDUCACION;2017;2;12
53892;MAESTRIA EN AUTOMATIZACION Y CONTROL INDUSTRIAL;2017;2;1
101804;MAESTRIA EN ESTUDIOS DE CIENCIA, TECNOLOGIA, SOCIEDAD E INNOVACION;2017;1;2
101804;MAESTRIA EN ESTUDIOS DE CIENCIA, TECNOLOGIA, SOCIEDAD E INNOVACION;2017;2;8
53803;TECNOLOGIA EN ANALISIS DE COSTOS Y PRESUPUESTOS;2017;2;301
53803;TECNOLOGIA EN ANALISIS DE COSTOS Y PRESUPUESTOS;2017;1;64
17720;TECNOLOGIA EN INFORMATICA MUSICAL;2017;1;21
15600;TECNOLOGIA EN GESTION ADMINISTRATIVA;2017;1;238
15600;TECNOLOGIA EN GESTION ADMINISTRATIVA;2017;2;219
17720;TECNOLOGIA EN INFORMATICA MUSICAL;2017;2;27
6537;TECNOLOGIA EN TELECOMUNICACIONES;2017;1;37
6537;TECNOLOGIA EN TELECOMUNICACIONES;2017;2;85
53799;TECNOLOGIA EN CONSTRUCCION DE ACABADOS ARQUITECTONICOS;2017;2;21
53799;TECNOLOGIA EN CONSTRUCCION DE ACABADOS ARQUITECTONICOS;2017;1;31
53800;TECNOLOGIA EN CALIDAD;2017;2;19
53800;TECNOLOGIA EN CALIDAD;2017;1;34
53801;TECNOLOGIA EN SISTEMAS DE INFORMACION;2017;2;157
53801;TECNOLOGIA EN SISTEMAS DE INFORMACION;2017;1;52
53802;TECNOLOGIA EN PRODUCCION;2017;2;160
53802;TECNOLOGIA EN PRODUCCION;2017;1;38
53806;TECNOLOGIA EN DISEÑO INDUSTRIAL;2017;1;32
53806;TECNOLOGIA EN DISEÑO INDUSTRIAL;2017;2;48
11085;TECNOLOGIA EN ELECTRONICA;2017;1;18
11085;TECNOLOGIA EN ELECTRONICA;2017;2;56
2114;TECNOLOGIA EN ELECTROMECANICA;2017;2;101
2114;TECNOLOGIA EN ELECTROMECANICA;2017;1;23
9466;TECNOLOGIA EN MANTENIMIENTO DE EQUIPO BIOMEDICO;2017;1;13
9466;TECNOLOGIA EN MANTENIMIENTO DE EQUIPO BIOMEDICO;2017;2;20
53340;INGENIERIA BIOMEDICA;2017;2;63
53340;INGENIERIA BIOMEDICA;2017;1;43
52129;INGENIERIA ELECTRONICA;2017;1;20
52129;INGENIERIA ELECTRONICA;2017;2;21
52130;INGENIERIA ELECTROMECONICA;2017;2;60
52130;INGENIERIA ELECTROMECONICA;2017;1;46
52131;INGENIERIA DE PRODUCCION;2017;2;64
52131;INGENIERIA DE PRODUCCION;2017;1;72
52204;INGENIERIA FINANCIERA Y DE NEGOCIOS;2017;2;53
52204;INGENIERIA FINANCIERA Y DE NEGOCIOS;2017;1;68
103928;INGENIERIA EN DISEÑO INDUSTRIAL;2017;2;3
52205;INGENIERIA DE SISTEMAS;2017;2;38
52205;INGENIERIA DE SISTEMAS;2017;1;31
52299;INGENIERIA DE TELECOMUNICACIONES;2017;2;19
52299;INGENIERIA DE TELECOMUNICACIONES;2017;1;45
55072;ADMINISTRACION TECNOLOGICA;2017;2;51
55072;ADMINISTRACION TECNOLOGICA;2017;1;35
55105;FISICA;2017;2;2
52272;INGENIERIA EN DISEÑO INDUSTRIAL;2017;2;20
52272;INGENIERIA EN DISEÑO INDUSTRIAL;2017;1;27
90442;INGENIERIA MECATRONICA;2017;2;23
90442;INGENIERIA MECATRONICA;2017;1;19
90355;ARTES VISUALES;2017;2;13
90355;ARTES VISUALES;2017;1;5
2114;TECNOLOGIA EN ELECTROMECANICA;2018;1;15
2114;TECNOLOGIA EN ELECTROMECANICA;2018;2;50
6536;TECNOLOGIA EN PRODUCCION;2018;2;1
6537;TECNOLOGIA EN TELECOMUNICACIONES;2018;1;14
6537;TECNOLOGIA EN TELECOMUNICACIONES;2018;2;52
8485;TECNOLOGIA EN SISTEMAS DE INFORMACION;2018;2;1
9466;TECNOLOGIA EN MANTENIMIENTO DE EQUIPO BIOMEDICO;2018;1;13
9466;TECNOLOGIA EN MANTENIMIENTO DE EQUIPO BIOMEDICO;2018;2;16
11085;TECNOLOGIA EN ELECTRONICA;2018;1;10
11085;TECNOLOGIA EN ELECTRONICA;2018;2;32
15600;TECNOLOGIA EN GESTION ADMINISTRATIVA;2018;1;271
15600;TECNOLOGIA EN GESTION ADMINISTRATIVA;2018;2;263
17720;TECNOLOGIA EN INFORMATICA MUSICAL;2018;1;10
17720;TECNOLOGIA EN INFORMATICA MUSICAL;2018;2;20
52129;INGENIERIA ELECTRÓNICA;2018;1;16
52129;INGENIERIA ELECTRÓNICA;2018;2;28
52130;INGENIERIA ELECTROMECÁNICA;2018;1;58
52130;INGENIERIA ELECTROMECÁNICA;2018;2;63
52131;INGENIERIA DE PRODUCCIÓN;2018;1;56
52131;INGENIERIA DE PRODUCCIÓN;2018;2;74
52204;INGENIERIA FINANCIERA Y DE NEGOCIOS;2018;1;74
52204;INGENIERIA FINANCIERA Y DE NEGOCIOS;2018;2;101
52205;INGENIERIA DE SISTEMAS;2018;1;58
52205;INGENIERIA DE SISTEMAS;2018;2;58
52272;INGENIERIA EN DISEÑO INDUSTRIAL;2018;1;9
52272;INGENIERIA EN DISEÑO INDUSTRIAL;2018;2;7
52299;INGENIERÍA DE TELECOMUNICACIONES;2018;1;11
52299;INGENIERÍA DE TELECOMUNICACIONES;2018;2;43
53340;INGENIERÍA BIOMÉDICA;2018;1;54
53340;INGENIERÍA BIOMÉDICA;2018;2;75
53798;MAESTRÍA EN GESTIÓN ENERGÉTICA INDUSTRIAL;2018;1;2
53798;MAESTRÍA EN GESTIÓN ENERGÉTICA INDUSTRIAL;2018;2;7
53799;TECNOLOGIA EN CONSTRUCCION DE ACABADOS ARQUITECTONICOS;2018;1;45
53799;TECNOLOGIA EN CONSTRUCCION DE ACABADOS ARQUITECTONICOS;2018;2;25
53800;TECNOLOGIA EN CALIDAD;2018;1;30
53800;TECNOLOGIA EN CALIDAD;2018;2;44
53801;TECNOLOGIA EN SISTEMAS DE INFORMACION;2018;1;33
53801;TECNOLOGIA EN SISTEMAS DE INFORMACION;2018;2;87
53802;TECNOLOGIA EN PRODUCCIÓN;2018;1;33
53802;TECNOLOGIA EN PRODUCCIÓN;2018;2;98
53803;TECNOLOGIA EN ANALISIS DE COSTOS Y PRESUPUESTOS;2018;1;58
53803;TECNOLOGIA EN ANALISIS DE COSTOS Y PRESUPUESTOS;2018;2;161
53806;TECNOLOGÍA EN DISEÑO INDUSTRIAL;2018;1;41
53806;TECNOLOGÍA EN DISEÑO INDUSTRIAL;2018;2;31
53892;MAESTRÍA EN AUTOMATIZACIÓN Y CONTROL INDUSTRIAL;2018;1;6
53892;MAESTRÍA EN AUTOMATIZACIÓN Y CONTROL INDUSTRIAL;2018;2;4
55018;ESPECIALIZACIÓN EN FINANZAS;2018;1;27
55018;ESPECIALIZACIÓN EN FINANZAS;2018;2;26
55019;ESPECIALIZACIÓN EN FORMULACIÓN Y EVALUACIÓN DE PROYECTOS;2018;1;85
55019;ESPECIALIZACIÓN EN FORMULACIÓN Y EVALUACIÓN DE PROYECTOS;2018;2;74
55072;ADMINISTRACIÓN TECNÓLOGICA;2018;1;60
55072;ADMINISTRACIÓN TECNÓLOGICA;2018;2;62
55105;FÍSICA;2018;1;3
55105;FÍSICA;2018;2;2
90355;ARTES VISUALES;2018;1;14
90355;ARTES VISUALES;2018;2;12
90442;INGENIERÍA MECATRÓNICA;2018;1;20
90442;INGENIERÍA MECATRÓNICA;2018;2;26
101804;MAESTRÍA EN ESTUDIOS DE CIENCIA, TECNOLOGÍA, SOCIEDAD E INNOVACIÓN;2018;2;7
101804;MAESTRÍA EN ESTUDIOS DE CIENCIA, TECNOLOGÍA, SOCIEDAD E INNOVACIÓN;2018;1;1
101977;MAESTRÍA EN GESTIÓN DE LA INNOVACIÓN TECNOLÓGICA, COOPERACIÓN Y DESARROLLO REGIONAL;2018;1;6
101977;MAESTRÍA EN GESTIÓN DE LA INNOVACIÓN TECNOLÓGICA, COOPERACIÓN Y DESARROLLO REGIONAL;2018;2;9
102977;MAESTRÍA EN DESARROLLO SOSTENIBLE;2018;1;1
102977;MAESTRÍA EN DESARROLLO SOSTENIBLE;2018;2;5
103841;MAESTRIA EN SEGURIDAD INFORMÁTICA;2018;2;3
103928;INGENIERÍA EN DISEÑO INDUSTRIAL;2018;1;15
103928;INGENIERÍA EN DISEÑO INDUSTRIAL;2018;2;17
104318;MAESTRÍA EN INGENIERÍA BIOMÉDICA;2018;1;1
104740;MAESTRÍA EN ARTES DIGITALES;2018;2;5
104905;MAESTRÍA EN CIENCIAS: INNOVACION EN EDUCACIÓN;2018;2;63
104905;MAESTRÍA EN CIENCIAS: INNOVACION EN EDUCACIÓN;2018;1;5
6537;TECNOLOGIA EN TELECOMUNICACIONES;2019;2;81
52299;INGENIERÍA DE TELECOMUNICACIONES;2019;2;50
52204;INGENIERIA FINANCIERA Y DE NEGOCIOS;2019;2;123
2114;TECNOLOGIA EN ELECTROMECANICA;2019;2;96
53800;TECNOLOGIA EN CALIDAD;2019;2;47
103928;INGENIERÍA EN DISEÑO INDUSTRIAL;2019;2;44
55018;ESPECIALIZACIÓN EN FINANZAS;2019;2;31
90355;ARTES VISUALES;2019;2;11
103841;MAESTRIA EN SEGURIDAD INFORMÁTICA;2019;2;16
53798;MAESTRÍA EN GESTIÓN ENERGÉTICA INDUSTRIAL;2019;2;3
101804;MAESTRÍA EN ESTUDIOS DE CIENCIA, TECNOLOGÍA, SOCIEDAD E INNOVACIÓN;2019;2;9
52130;INGENIERIA ELECTROMECÁNICA;2019;2;65
8485;TECNOLOGIA EN SISTEMAS DE INFORMACION;2019;2;2
55018;ESPECIALIZACIÓN EN FINANZAS;2019;1;25
52205;INGENIERIA DE SISTEMAS;2019;1;79
15600;TECNOLOGIA EN GESTION ADMINISTRATIVA;2019;1;241
53806;TECNOLOGÍA EN DISEÑO INDUSTRIAL;2019;1;33
55072;ADMINISTRACIÓN TECNÓLOGICA;2019;1;89
53799;TECNOLOGIA EN CONSTRUCCION DE ACABADOS ARQUITECTONICOS;2019;1;31
17720;TECNOLOGIA EN INFORMATICA MUSICAL;2019;1;24
52272;INGENIERIA EN DISEÑO INDUSTRIAL;2019;1;3
103841;MAESTRIA EN SEGURIDAD INFORMÁTICA;2019;1;1
53892;MAESTRÍA EN AUTOMATIZACIÓN Y CONTROL INDUSTRIAL;2019;1;3
102977;MAESTRÍA EN DESARROLLO SOSTENIBLE;2019;1;4
90442;INGENIERÍA MECATRÓNICA;2019;1;27
101804;MAESTRÍA EN ESTUDIOS DE CIENCIA, TECNOLOGÍA, SOCIEDAD E INNOVACIÓN;2019;1;2
52131;INGENIERIA DE PRODUCCIÓN;2019;2;105
90442;INGENIERÍA MECATRÓNICA;2019;2;51
53806;TECNOLOGÍA EN DISEÑO INDUSTRIAL;2019;2;61
101977;MAESTRÍA EN GESTIÓN DE LA INNOVACIÓN TECNOLÓGICA, COOPERACIÓN Y DESARROLLO REGIONAL;2019;2;13
52129;INGENIERIA ELECTRÓNICA;2019;2;28
52204;INGENIERIA FINANCIERA Y DE NEGOCIOS;2019;1;72
53803;TECNOLOGIA EN ANALISIS DE COSTOS Y PRESUPUESTOS;2019;1;22
53801;TECNOLOGIA EN SISTEMAS DE INFORMACION;2019;1;18
104318;MAESTRÍA EN INGENIERÍA BIOMÉDICA;2019;1;2
11085;TECNOLOGIA EN ELECTRONICA;2019;1;4
53803;TECNOLOGIA EN ANALISIS DE COSTOS Y PRESUPUESTOS;2019;2;285
55019;ESPECIALIZACIÓN EN FORMULACIÓN Y EVALUACIÓN DE PROYECTOS;2019;2;93
53799;TECNOLOGIA EN CONSTRUCCION DE ACABADOS ARQUITECTONICOS;2019;2;53
53801;TECNOLOGIA EN SISTEMAS DE INFORMACION;2019;2;149
104905;MAESTRÍA EN CIENCIAS: INNOVACION EN EDUCACIÓN;2019;2;11
104740;MAESTRÍA EN ARTES DIGITALES;2019;2;6
102977;MAESTRÍA EN DESARROLLO SOSTENIBLE;2019;2;8
53340;INGENIERÍA BIOMÉDICA;2019;1;82
6537;TECNOLOGIA EN TELECOMUNICACIONES;2019;1;10
2114;TECNOLOGIA EN ELECTROMECANICA;2019;1;21
55072;ADMINISTRACIÓN TECNÓLOGICA;2019;2;117
15600;TECNOLOGIA EN GESTION ADMINISTRATIVA;2019;2;310
104682;ARTES DE LA GRABACION Y PRODUCCION MUSICAL;2019;2;8
17720;TECNOLOGIA EN INFORMATICA MUSICAL;2019;2;18
90355;ARTES VISUALES;2019;1;11
53800;TECNOLOGIA EN CALIDAD;2019;1;49
52299;INGENIERÍA DE TELECOMUNICACIONES;2019;1;27
53798;MAESTRÍA EN GESTIÓN ENERGÉTICA INDUSTRIAL;2019;1;4
52129;INGENIERIA ELECTRÓNICA;2019;1;13
53802;TECNOLOGIA EN PRODUCCIÓN;2019;2;158
53340;INGENIERÍA BIOMÉDICA;2019;2;114
52272;INGENIERIA EN DISEÑO INDUSTRIAL;2019;2;1
52131;INGENIERIA DE PRODUCCIÓN;2019;1;51
104905;MAESTRÍA EN CIENCIAS: INNOVACION EN EDUCACIÓN;2019;1;23
9466;TECNOLOGIA EN MANTENIMIENTO DE EQUIPO BIOMEDICO;2019;2;25
52205;INGENIERIA DE SISTEMAS;2019;2;102
11085;TECNOLOGIA EN ELECTRONICA;2019;2;58
104318;MAESTRÍA EN INGENIERÍA BIOMÉDICA;2019;2;5
9466;TECNOLOGIA EN MANTENIMIENTO DE EQUIPO BIOMEDICO;2019;1;14
53892;MAESTRÍA EN AUTOMATIZACIÓN Y CONTROL INDUSTRIAL;2019;2;12
8483;TECNOLOGIA EN CALIDAD;2019;2;1
55019;ESPECIALIZACIÓN EN FORMULACIÓN Y EVALUACIÓN DE PROYECTOS;2019;1;49
53802;TECNOLOGIA EN PRODUCCIÓN;2019;1;23
52130;INGENIERIA ELECTROMECÁNICA;2019;1;39
103928;INGENIERÍA EN DISEÑO INDUSTRIAL;2019;1;24
104740;MAESTRÍA EN ARTES DIGITALES;2019;1;2
2114;TECNOLOGIA EN ELECTROMECANICA;2020;1;15
2114;TECNOLOGIA EN ELECTROMECANICA;2020;2;85
6537;TECNOLOGIA EN TELECOMUNICACIONES;2020;1;6
6537;TECNOLOGIA EN TELECOMUNICACIONES;2020;2;45
9466;TECNOLOGIA EN MANTENIMIENTO DE EQUIPO BIOMEDICO;2020;1;3
9466;TECNOLOGIA EN MANTENIMIENTO DE EQUIPO BIOMEDICO;2020;2;13
11085;TECNOLOGIA EN ELECTRONICA;2020;1;8
11085;TECNOLOGIA EN ELECTRONICA;2020;2;38
15600;TECNOLOGIA EN GESTION ADMINISTRATIVA;2020;1;183
15600;TECNOLOGIA EN GESTION ADMINISTRATIVA;2020;2;240
17719;TECNOLOGIA EN ANALISIS DE COSTOS Y PRESUPUESTOS;2020;2;1
17720;TECNOLOGIA EN INFORMATICA MUSICAL;2020;1;9
17720;TECNOLOGIA EN INFORMATICA MUSICAL;2020;2;12
52129;INGENIERIA ELECTRÓNICA;2020;1;7
52129;INGENIERIA ELECTRÓNICA;2020;2;25
52130;INGENIERIA ELECTROMECÁNICA;2020;1;23
52130;INGENIERIA ELECTROMECÁNICA;2020;2;64
52131;INGENIERIA DE PRODUCCIÓN;2020;1;32
52131;INGENIERIA DE PRODUCCIÓN;2020;2;124
52204;INGENIERIA FINANCIERA Y DE NEGOCIOS;2020;1;35
52204;INGENIERIA FINANCIERA Y DE NEGOCIOS;2020;2;183
52205;INGENIERIA DE SISTEMAS;2020;1;31
52205;INGENIERIA DE SISTEMAS;2020;2;136
52299;INGENIERÍA DE TELECOMUNICACIONES;2020;1;35
52299;INGENIERÍA DE TELECOMUNICACIONES;2020;2;51
53340;INGENIERÍA BIOMÉDICA;2020;1;60
53340;INGENIERÍA BIOMÉDICA;2020;2;131
53798;MAESTRÍA EN GESTIÓN ENERGÉTICA INDUSTRIAL;2020;1;3
53798;MAESTRÍA EN GESTIÓN ENERGÉTICA INDUSTRIAL;2020;2;3
53799;TECNOLOGIA EN CONSTRUCCION DE ACABADOS ARQUITECTONICOS;2020;1;14
53799;TECNOLOGIA EN CONSTRUCCION DE ACABADOS ARQUITECTONICOS;2020;2;45
53800;TECNOLOGIA EN CALIDAD;2020;1;17
53800;TECNOLOGIA EN CALIDAD;2020;2;44
53801;TECNOLOGIA EN SISTEMAS DE INFORMACION;2020;1;19
53801;TECNOLOGIA EN SISTEMAS DE INFORMACION;2020;2;173
53802;TECNOLOGIA EN PRODUCCIÓN;2020;1;11
53802;TECNOLOGIA EN PRODUCCIÓN;2020;2;137
53803;TECNOLOGIA EN ANALISIS DE COSTOS Y PRESUPUESTOS;2020;1;23
53803;TECNOLOGIA EN ANALISIS DE COSTOS Y PRESUPUESTOS;2020;2;305
53806;TECNOLOGÍA EN DISEÑO INDUSTRIAL;2020;1;18
53806;TECNOLOGÍA EN DISEÑO INDUSTRIAL;2020;2;69
53892;MAESTRÍA EN AUTOMATIZACIÓN Y CONTROL INDUSTRIAL;2020;1;2
53892;MAESTRÍA EN AUTOMATIZACIÓN Y CONTROL INDUSTRIAL;2020;2;5
55018;ESPECIALIZACIÓN EN FINANZAS;2020;1;4
55018;ESPECIALIZACIÓN EN FINANZAS;2020;2;49
55019;ESPECIALIZACIÓN EN FORMULACIÓN Y EVALUACIÓN DE PROYECTOS;2020;1;27
55019;ESPECIALIZACIÓN EN FORMULACIÓN Y EVALUACIÓN DE PROYECTOS;2020;2;123
55072;ADMINISTRACIÓN TECNÓLOGICA;2020;1;71
55072;ADMINISTRACIÓN TECNÓLOGICA;2020;2;111
55105;FÍSICA;2020;2;1
90355;ARTES VISUALES;2020;1;11
90355;ARTES VISUALES;2020;2;25
90442;INGENIERÍA MECATRÓNICA;2020;1;19
90442;INGENIERÍA MECATRÓNICA;2020;2;71
101804;MAESTRÍA EN ESTUDIOS DE CIENCIA, TECNOLOGÍA, SOCIEDAD E INNOVACIÓN;2020;1;1
101804;MAESTRÍA EN ESTUDIOS DE CIENCIA, TECNOLOGÍA, SOCIEDAD E INNOVACIÓN;2020;2;1
101977;MAESTRÍA EN GESTIÓN DE LA INNOVACIÓN TECNOLÓGICA, COOPERACIÓN Y DESARROLLO REGIONAL;2020;1;2
101977;MAESTRÍA EN GESTIÓN DE LA INNOVACIÓN TECNOLÓGICA, COOPERACIÓN Y DESARROLLO REGIONAL;2020;2;7
102977;MAESTRÍA EN DESARROLLO SOSTENIBLE;2020;1;2
102977;MAESTRÍA EN DESARROLLO SOSTENIBLE;2020;2;10
103841;MAESTRIA EN SEGURIDAD INFORMÁTICA;2020;1;4
103841;MAESTRIA EN SEGURIDAD INFORMÁTICA;2020;2;6
103928;INGENIERÍA EN DISEÑO INDUSTRIAL;2020;1;4
103928;INGENIERÍA EN DISEÑO INDUSTRIAL;2020;2;52
104332;QUÍMICA INDUSTRIAL;2020;2;2
104682;ARTES DE LA GRABACION Y PRODUCCION MUSICAL;2020;1;1
104682;ARTES DE LA GRABACION Y PRODUCCION MUSICAL;2020;2;10
104740;MAESTRÍA EN ARTES DIGITALES;2020;2;4
104740;MAESTRÍA EN ARTES DIGITALES;2020;1;1
104905;MAESTRÍA EN CIENCIAS: INNOVACION EN EDUCACIÓN;2020;1;7
104905;MAESTRÍA EN CIENCIAS: INNOVACION EN EDUCACIÓN;2020;2;12
106584;MAESTRÍA EN GESTIÓN DE ORGANIZACIONES;2020;2;4
107390;INGENIERIA FINANCIERA;2020;2;7
107695;ESPECIALIZACIÓN EN GESTIÓN DE SISTEMAS ENERGÉTICOS INDUSTRIALES;2020;2;8
1518;TECNOLOGIA EN DISEÑO INDUSTRIAL;2021;2;1
2114;TECNOLOGIA EN ELECTROMECANICA;2021;1;19
2114;TECNOLOGIA EN ELECTROMECANICA;2021;2;34
4277;TECNOLOGIA EN CONSTRUCCION DE ACABADOS ARQUITECTONICOS;2021;2;1
6537;TECNOLOGIA EN TELECOMUNICACIONES;2021;1;3
6537;TECNOLOGIA EN TELECOMUNICACIONES;2021;2;22
9466;TECNOLOGIA EN MANTENIMIENTO DE EQUIPO BIOMEDICO;2021;1;7
9466;TECNOLOGIA EN MANTENIMIENTO DE EQUIPO BIOMEDICO;2021;2;12
11085;TECNOLOGIA EN ELECTRONICA;2021;1;3
11085;TECNOLOGIA EN ELECTRONICA;2021;2;22
15600;TECNOLOGIA EN GESTION ADMINISTRATIVA;2021;1;164
15600;TECNOLOGIA EN GESTION ADMINISTRATIVA;2021;2;266
17720;TECNOLOGIA EN INFORMATICA MUSICAL;2021;1;3
17720;TECNOLOGIA EN INFORMATICA MUSICAL;2021;2;20
52129;INGENIERIA ELECTRÓNICA;2021;2;27
52129;INGENIERIA ELECTRÓNICA;2021;1;2
52130;INGENIERIA ELECTROMECÁNICA;2021;1;5
52130;INGENIERIA ELECTROMECÁNICA;2021;2;37
52131;INGENIERIA DE PRODUCCIÓN;2021;1;16
52131;INGENIERIA DE PRODUCCIÓN;2021;2;44
52204;INGENIERIA FINANCIERA Y DE NEGOCIOS;2021;1;33
52204;INGENIERIA FINANCIERA Y DE NEGOCIOS;2021;2;101
52205;INGENIERIA DE SISTEMAS;2021;1;20
52205;INGENIERIA DE SISTEMAS;2021;2;87
52299;INGENIERÍA DE TELECOMUNICACIONES;2021;1;14
52299;INGENIERÍA DE TELECOMUNICACIONES;2021;2;63
53340;INGENIERÍA BIOMÉDICA;2021;1;20
53340;INGENIERÍA BIOMÉDICA;2021;2;70
53798;MAESTRÍA EN GESTIÓN ENERGÉTICA INDUSTRIAL;2021;1;2
53798;MAESTRÍA EN GESTIÓN ENERGÉTICA INDUSTRIAL;2021;2;1
53799;TECNOLOGIA EN CONSTRUCCION DE ACABADOS ARQUITECTONICOS;2021;1;10
53799;TECNOLOGIA EN CONSTRUCCION DE ACABADOS ARQUITECTONICOS;2021;2;16
53800;TECNOLOGIA EN CALIDAD;2021;1;9
53800;TECNOLOGIA EN CALIDAD;2021;2;33
53801;TECNOLOGIA EN SISTEMAS DE INFORMACION;2021;1;16
53801;TECNOLOGIA EN SISTEMAS DE INFORMACION;2021;2;118
53802;TECNOLOGIA EN PRODUCCIÓN;2021;1;11
53802;TECNOLOGIA EN PRODUCCIÓN;2021;2;85
53803;TECNOLOGIA EN ANALISIS DE COSTOS Y PRESUPUESTOS;2021;1;31
53803;TECNOLOGIA EN ANALISIS DE COSTOS Y PRESUPUESTOS;2021;2;144
53806;TECNOLOGÍA EN DISEÑO INDUSTRIAL;2021;1;6
53806;TECNOLOGÍA EN DISEÑO INDUSTRIAL;2021;2;50
53892;MAESTRÍA EN AUTOMATIZACIÓN Y CONTROL INDUSTRIAL;2021;1;3
53892;MAESTRÍA EN AUTOMATIZACIÓN Y CONTROL INDUSTRIAL;2021;2;7
55018;ESPECIALIZACIÓN EN FINANZAS;2021;2;22
55018;ESPECIALIZACIÓN EN FINANZAS;2021;1;1
55019;ESPECIALIZACIÓN EN FORMULACIÓN Y EVALUACIÓN DE PROYECTOS;2021;2;53
55072;ADMINISTRACIÓN TECNÓLOGICA;2021;1;22
55072;ADMINISTRACIÓN TECNÓLOGICA;2021;2;99
90355;ARTES VISUALES;2021;1;5
90355;ARTES VISUALES;2021;2;8
90442;INGENIERÍA MECATRÓNICA;2021;1;9
90442;INGENIERÍA MECATRÓNICA;2021;2;47
101804;MAESTRÍA EN ESTUDIOS DE CIENCIA, TECNOLOGÍA, SOCIEDAD E INNOVACIÓN;2021;2;4
101977;MAESTRÍA EN GESTIÓN DE LA INNOVACIÓN TECNOLÓGICA, COOPERACIÓN Y DESARROLLO REGIONAL;2021;1;3
101977;MAESTRÍA EN GESTIÓN DE LA INNOVACIÓN TECNOLÓGICA, COOPERACIÓN Y DESARROLLO REGIONAL;2021;2;6
102977;MAESTRÍA EN DESARROLLO SOSTENIBLE;2021;2;3
102977;MAESTRÍA EN DESARROLLO SOSTENIBLE;2021;1;1
103841;MAESTRIA EN SEGURIDAD INFORMÁTICA;2021;1;1
103841;MAESTRIA EN SEGURIDAD INFORMÁTICA;2021;2;3
103928;INGENIERÍA EN DISEÑO INDUSTRIAL;2021;1;4
103928;INGENIERÍA EN DISEÑO INDUSTRIAL;2021;2;27
104318;MAESTRÍA EN INGENIERÍA BIOMÉDICA;2021;2;4
104318;MAESTRÍA EN INGENIERÍA BIOMÉDICA;2021;1;1
104332;QUÍMICA INDUSTRIAL;2021;2;10
104682;ARTES DE LA GRABACION Y PRODUCCION MUSICAL;2021;1;4
104682;ARTES DE LA GRABACION Y PRODUCCION MUSICAL;2021;2;3
104740;MAESTRÍA EN ARTES DIGITALES;2021;1;2
104740;MAESTRÍA EN ARTES DIGITALES;2021;2;1
104905;MAESTRÍA EN CIENCIAS: INNOVACION EN EDUCACIÓN;2021;1;7
104905;MAESTRÍA EN CIENCIAS: INNOVACION EN EDUCACIÓN;2021;2;8
106188;INGENIERÍA DE LA CALIDAD;2021;1;3
106584;MAESTRÍA EN GESTIÓN DE ORGANIZACIONES;2021;2;5
106584;MAESTRÍA EN GESTIÓN DE ORGANIZACIONES;2021;1;1
106810;TECNOLOGIA EN SISTEMAS ELECTROMECANICOS;2021;2;2
107390;INGENIERIA FINANCIERA;2021;2;40
107390;INGENIERIA FINANCIERA;2021;1;3
107695;ESPECIALIZACIÓN EN GESTIÓN DE SISTEMAS ENERGÉTICOS INDUSTRIALES;2021;1;9
107695;ESPECIALIZACIÓN EN GESTIÓN DE SISTEMAS ENERGÉTICOS INDUSTRIALES;2021;2;7
2114;TECNOLOGIA EN ELECTROMECANICA;2022;1;17
2114;TECNOLOGIA EN ELECTROMECANICA;2022;2;36
6537;TECNOLOGIA EN TELECOMUNICACIONES;2022;1;16
6537;TECNOLOGIA EN TELECOMUNICACIONES;2022;2;17
8485;TECNOLOGIA EN SISTEMAS DE INFORMACION;2022;1;2
9466;TECNOLOGIA EN MANTENIMIENTO DE EQUIPO BIOMEDICO;2022;1;20
9466;TECNOLOGIA EN MANTENIMIENTO DE EQUIPO BIOMEDICO;2022;2;25
11085;TECNOLOGIA EN ELECTRONICA;2022;1;19
11085;TECNOLOGIA EN ELECTRONICA;2022;2;22
15600;TECNOLOGIA EN GESTION ADMINISTRATIVA;2022;1;339
15600;TECNOLOGIA EN GESTION ADMINISTRATIVA;2022;2;429
17720;TECNOLOGIA EN INFORMATICA MUSICAL;2022;1;26
17720;TECNOLOGIA EN INFORMATICA MUSICAL;2022;2;22
52129;INGENIERIA ELECTRÓNICA;2022;1;27
52129;INGENIERIA ELECTRÓNICA;2022;2;40
52130;INGENIERIA ELECTROMECÁNICA;2022;1;57
52130;INGENIERIA ELECTROMECÁNICA;2022;2;51
52131;INGENIERIA DE PRODUCCIÓN;2022;1;70
52131;INGENIERIA DE PRODUCCIÓN;2022;2;105
52204;INGENIERIA FINANCIERA Y DE NEGOCIOS;2022;1;73
52204;INGENIERIA FINANCIERA Y DE NEGOCIOS;2022;2;36
52205;INGENIERIA DE SISTEMAS;2022;1;77
52205;INGENIERIA DE SISTEMAS;2022;2;73
52299;INGENIERÍA DE TELECOMUNICACIONES;2022;1;58
52299;INGENIERÍA DE TELECOMUNICACIONES;2022;2;45
53340;INGENIERÍA BIOMÉDICA;2022;1;83
53340;INGENIERÍA BIOMÉDICA;2022;2;69
53798;MAESTRÍA EN GESTIÓN ENERGÉTICA INDUSTRIAL;2022;1;2
53798;MAESTRÍA EN GESTIÓN ENERGÉTICA INDUSTRIAL;2022;2;1
53799;TECNOLOGIA EN CONSTRUCCION DE ACABADOS ARQUITECTONICOS;2022;1;49
53799;TECNOLOGIA EN CONSTRUCCION DE ACABADOS ARQUITECTONICOS;2022;2;28
53800;TECNOLOGIA EN CALIDAD;2022;1;40
53800;TECNOLOGIA EN CALIDAD;2022;2;42
53801;TECNOLOGIA EN SISTEMAS DE INFORMACION;2022;1;71
53801;TECNOLOGIA EN SISTEMAS DE INFORMACION;2022;2;62
53802;TECNOLOGIA EN PRODUCCIÓN;2022;1;68
53802;TECNOLOGIA EN PRODUCCIÓN;2022;2;77
53803;TECNOLOGIA EN ANALISIS DE COSTOS Y PRESUPUESTOS;2022;1;152
53803;TECNOLOGIA EN ANALISIS DE COSTOS Y PRESUPUESTOS;2022;2;144
53806;TECNOLOGÍA EN DISEÑO INDUSTRIAL;2022;1;29
53806;TECNOLOGÍA EN DISEÑO INDUSTRIAL;2022;2;43
53892;MAESTRÍA EN AUTOMATIZACIÓN Y CONTROL INDUSTRIAL;2022;1;5
55018;ESPECIALIZACIÓN EN FINANZAS;2022;1;28
55018;ESPECIALIZACIÓN EN FINANZAS;2022;2;20
55019;ESPECIALIZACIÓN EN FORMULACIÓN Y EVALUACIÓN DE PROYECTOS;2022;1;72
55019;ESPECIALIZACIÓN EN FORMULACIÓN Y EVALUACIÓN DE PROYECTOS;2022;2;69
55072;ADMINISTRACIÓN TECNÓLOGICA;2022;1;90
55072;ADMINISTRACIÓN TECNÓLOGICA;2022;2;158
90355;ARTES VISUALES;2022;1;22
90355;ARTES VISUALES;2022;2;21
90442;INGENIERÍA MECATRÓNICA;2022;1;53
90442;INGENIERÍA MECATRÓNICA;2022;2;48
101804;MAESTRÍA EN ESTUDIOS DE CIENCIA, TECNOLOGÍA, SOCIEDAD E INNOVACIÓN;2022;1;4
101804;MAESTRÍA EN ESTUDIOS DE CIENCIA, TECNOLOGÍA, SOCIEDAD E INNOVACIÓN;2022;2;4
101977;MAESTRÍA EN GESTIÓN DE LA INNOVACIÓN TECNOLÓGICA, COOPERACIÓN Y DESARROLLO REGIONAL;2022;1;5
101977;MAESTRÍA EN GESTIÓN DE LA INNOVACIÓN TECNOLÓGICA, COOPERACIÓN Y DESARROLLO REGIONAL;2022;2;2
102977;MAESTRÍA EN DESARROLLO SOSTENIBLE;2022;1;3
102977;MAESTRÍA EN DESARROLLO SOSTENIBLE;2022;2;2
103841;MAESTRIA EN SEGURIDAD INFORMÁTICA;2022;1;10
103841;MAESTRIA EN SEGURIDAD INFORMÁTICA;2022;2;3
103928;INGENIERÍA EN DISEÑO INDUSTRIAL;2022;1;44
103928;INGENIERÍA EN DISEÑO INDUSTRIAL;2022;2;26
104318;MAESTRÍA EN INGENIERÍA BIOMÉDICA;2022;2;2
104332;QUÍMICA INDUSTRIAL;2022;1;15
104332;QUÍMICA INDUSTRIAL;2022;2;14
104682;ARTES DE LA GRABACION Y PRODUCCION MUSICAL;2022;1;15
104682;ARTES DE LA GRABACION Y PRODUCCION MUSICAL;2022;2;8
104740;MAESTRÍA EN ARTES DIGITALES;2022;1;7
104740;MAESTRÍA EN ARTES DIGITALES;2022;2;2
104905;MAESTRÍA EN CIENCIAS: INNOVACION EN EDUCACIÓN;2022;2;8
104905;MAESTRÍA EN CIENCIAS: INNOVACION EN EDUCACIÓN;2022;1;5
105852;CONTADURÍA PÚBLICA;2022;1;10
105852;CONTADURÍA PÚBLICA;2022;2;14
106188;INGENIERÍA DE LA CALIDAD;2022;1;6
106188;INGENIERÍA DE LA CALIDAD;2022;2;11
106314;CINE;2022;1;9
106505;MAESTRÍA EN METROLOGÍA;2022;2;4
106584;MAESTRÍA EN GESTIÓN DE ORGANIZACIONES;2022;1;7
106584;MAESTRÍA EN GESTIÓN DE ORGANIZACIONES;2022;2;5
106810;TECNOLOGIA EN SISTEMAS ELECTROMECANICOS;2022;1;4
106810;TECNOLOGIA EN SISTEMAS ELECTROMECANICOS;2022;2;5
107004;TECNOLOGIA EN AUTOMATIZACIÓN ELECTRONICA;2022;2;8
107381;TECNOLOGÍA EN GESTIÓN DE REDES DE  TELECOMUNICACIONES;2022;1;1
107381;TECNOLOGÍA EN GESTIÓN DE REDES DE  TELECOMUNICACIONES;2022;2;2
107390;INGENIERIA FINANCIERA;2022;1;83
107390;INGENIERIA FINANCIERA;2022;2;96
107534;TECNOLOGIA EN SISTEMAS DE PRODUCCIÓN;2022;1;1
107534;TECNOLOGIA EN SISTEMAS DE PRODUCCIÓN;2022;2;13
107535;TECNOLOGIA EN DESARROLLO DE SOFTWARE;2022;1;1
107535;TECNOLOGIA EN DESARROLLO DE SOFTWARE;2022;2;4
107695;ESPECIALIZACIÓN EN GESTIÓN DE SISTEMAS ENERGÉTICOS INDUSTRIALES;2022;1;6
107695;ESPECIALIZACIÓN EN GESTIÓN DE SISTEMAS ENERGÉTICOS INDUSTRIALES;2022;2;8
107696;TECNOLOGÍA EN GESTIÓN ADMINISTRATIVA;2022;2;6
55072;ADMINISTRACION TECNOLOGICA;2023;1;191
4750;TECNOLOGIA EN ANALISIS DE COSTOS Y PRESUPUESTOS;2023;1;236
104682;ARTES DE LA GRABACION Y PRODUCCION MUSICAL;2023;1;11
90355;ARTES VISUALES;2023;1;18
107004;TECNOLOGIA EN AUTOMATIZACION ELECTRONICA;2023;1;19
53800;TECNOLOGIA EN CALIDAD;2023;1;43
107391;CIENCIAS AMBIENTALES;2023;1;3
106314;CINE;2023;1;4
4277;TECNOLOGIA EN CONSTRUCCION DE ACABADOS ARQUITECTONICOS;2023;1;40
105852;CONTADURIA PUBLICA;2023;1;39
108789;TECNOLOGIA EN CONTROL DE LA CALIDAD;2023;1;5
107535;TECNOLOGIA EN DESARROLLO DE SOFTWARE;2023;1;44
1518;TECNOLOGIA EN DISEÑO INDUSTRIAL;2023;1;30
106973;DOCTORADO EN INGENIERIA;2023;1;1
2114;TECNOLOGIA EN ELECTROMECANICA;2023;1;25
11085;TECNOLOGIA EN ELECTRONICA;2023;1;16
110901;ESPECIALIZACION EN CIBERSEGURIDAD;2023;1;1
55018;ESPECIALIZACION EN FINANZAS;2023;1;42
55019;ESPECIALIZACION EN FORMULACION Y EVALUACION DE PROYECTOS;2023;1;67
107695;ESPECIALIZACION EN GESTION DE SISTEMAS ENERGETICOS INDUSTRIALES;2023;1;4
55105;FISICA;2023;1;1
15600;TECNOLOGIA EN GESTION ADMINISTRATIVA;2023;1;422
107381;TECNOLOGIA EN GESTION DE REDES DE  TELECOMUNICACIONES;2023;1;14
17720;TECNOLOGIA EN INFORMATICA MUSICAL;2023;1;15
53340;INGENIERIA BIOMEDICA;2023;1;111
106188;INGENIERIA DE LA CALIDAD;2023;1;15
52131;INGENIERIA DE PRODUCCION;2023;1;122
52205;INGENIERIA DE SISTEMAS;2023;1;97
52299;INGENIERIA DE TELECOMUNICACIONES;2023;1;61
52130;INGENIERIA ELECTROMECANICA;2023;1;58
52129;INGENIERIA ELECTRONICA;2023;1;36
52272;INGENIERIA EN DISEÑO INDUSTRIAL;2023;1;47
107390;INGENIERIA FINANCIERA;2023;1;157
52204;INGENIERIA FINANCIERA Y DE NEGOCIOS;2023;1;28
90442;INGENIERIA MECATRONICA;2023;1;79
104740;MAESTRIA EN ARTES DIGITALES;2023;1;5
53892;MAESTRIA EN AUTOMATIZACION Y CONTROL INDUSTRIAL;2023;1;5
104905;MAESTRIA EN CIENCIAS: INNOVACION EN EDUCACION;2023;1;8
102977;MAESTRIA EN DESARROLLO SOSTENIBLE;2023;1;2
101804;MAESTRIA EN ESTUDIOS DE CIENCIA, TECNOLOGIA, SOCIEDAD E INNOVACION;2023;1;1
101977;MAESTRIA EN GESTION DE LA INNOVACION TECNOLOGICA, COOPERACION Y DESARROLLO REGIONAL;2023;1;6
106584;MAESTRIA EN GESTION DE ORGANIZACIONES;2023;1;10
53798;MAESTRIA EN GESTION ENERGETICA INDUSTRIAL;2023;1;5
104318;MAESTRIA EN INGENIERIA BIOMEDICA;2023;1;4
103841;MAESTRIA EN SEGURIDAD INFORMATICA;2023;1;8
9466;TECNOLOGIA EN MANTENIMIENTO DE EQUIPO BIOMEDICO;2023;1;57
6536;TECNOLOGIA EN PRODUCCION;2023;1;69
104332;QUIMICA INDUSTRIAL;2023;1;18
8485;TECNOLOGIA EN SISTEMAS DE INFORMACION;2023;1;77
107534;TECNOLOGIA EN SISTEMAS DE PRODUCCION;2023;1;11
106810;TECNOLOGIA EN SISTEMAS ELECTROMECANICOS;2023;1;20
6537;TECNOLOGIA EN TELECOMUNICACIONES;2023;1;19
55072;ADMINISTRACION TECNOLOGICA;2023;2;42
4750;TECNOLOGIA EN ANALISIS DE COSTOS Y PRESUPUESTOS;2023;2;50
104682;ARTES DE LA GRABACION Y PRODUCCION MUSICAL;2023;2;3
90355;ARTES VISUALES;2023;2;4
107004;TECNOLOGIA EN AUTOMATIZACION ELECTRONICA;2023;2;5
53800;TECNOLOGIA EN CALIDAD;2023;2;15
107391;CIENCIAS AMBIENTALES;2023;2;2
106314;CINE;2023;2;8
4277;TECNOLOGIA EN CONSTRUCCION DE ACABADOS ARQUITECTONICOS;2023;2;16
105852;CONTADURIA PUBLICA;2023;2;12
108789;TECNOLOGIA EN CONTROL DE LA CALIDAD;2023;2;3
107535;TECNOLOGIA EN DESARROLLO DE SOFTWARE;2023;2;15
1518;TECNOLOGIA EN DISEÑO INDUSTRIAL;2023;2;12
2114;TECNOLOGIA EN ELECTROMECANICA;2023;2;6
11085;TECNOLOGIA EN ELECTRONICA;2023;2;1
110901;ESPECIALIZACION EN CIBERSEGURIDAD;2023;2;26
55018;ESPECIALIZACION EN FINANZAS;2023;2;5
55019;ESPECIALIZACION EN FORMULACION Y EVALUACION DE PROYECTOS;2023;2;57
107695;ESPECIALIZACION EN GESTION DE SISTEMAS ENERGETICOS INDUSTRIALES;2023;2;4
110940;ESPECIALIZACION EN GESTION DEL MANTENIMIENTO INDUSTRIAL;2023;2;21
111033;ESPECIALIZACION EN INGENIERIA DE SOFTWARE;2023;2;19
55105;FISICA;2023;2;1
15600;TECNOLOGIA EN GESTION ADMINISTRATIVA;2023;2;180
107381;TECNOLOGIA EN GESTION DE REDES DE  TELECOMUNICACIONES;2023;2;5
17720;TECNOLOGIA EN INFORMATICA MUSICAL;2023;2;11
53340;INGENIERIA BIOMEDICA;2023;2;61
106188;INGENIERIA DE LA CALIDAD;2023;2;7
52131;INGENIERIA DE PRODUCCION;2023;2;15
52205;INGENIERIA DE SISTEMAS;2023;2;24
52299;INGENIERIA DE TELECOMUNICACIONES;2023;2;12
52130;INGENIERIA ELECTROMECANICA;2023;2;18
52129;INGENIERIA ELECTRONICA;2023;2;6
52272;INGENIERIA EN DISEÑO INDUSTRIAL;2023;2;25
107390;INGENIERIA FINANCIERA;2023;2;24
52204;INGENIERIA FINANCIERA Y DE NEGOCIOS;2023;2;6
90442;INGENIERIA MECATRONICA;2023;2;41
104740;MAESTRIA EN ARTES DIGITALES;2023;2;1
53892;MAESTRIA EN AUTOMATIZACION Y CONTROL INDUSTRIAL;2023;2;5
104905;MAESTRIA EN CIENCIAS: INNOVACION EN EDUCACION;2023;2;7
102977;MAESTRIA EN DESARROLLO SOSTENIBLE;2023;2;1
101977;MAESTRIA EN GESTION DE LA INNOVACION TECNOLOGICA, COOPERACION Y DESARROLLO REGIONAL;2023;2;3
106584;MAESTRIA EN GESTION DE ORGANIZACIONES;2023;2;1
53798;MAESTRIA EN GESTION ENERGETICA INDUSTRIAL;2023;2;1
104318;MAESTRIA EN INGENIERIA BIOMEDICA;2023;2;3
106505;MAESTRIA EN METROLOGIA;2023;2;1
103841;MAESTRIA EN SEGURIDAD INFORMATICA;2023;2;1
9466;TECNOLOGIA EN MANTENIMIENTO DE EQUIPO BIOMEDICO;2023;2;24
6536;TECNOLOGIA EN PRODUCCION;2023;2;7
104332;QUIMICA INDUSTRIAL;2023;2;13
8485;TECNOLOGIA EN SISTEMAS DE INFORMACION;2023;2;21
107534;TECNOLOGIA EN SISTEMAS DE PRODUCCION;2023;2;6
106810;TECNOLOGIA EN SISTEMAS ELECTROMECANICOS;2023;2;4
6537;TECNOLOGIA EN TELECOMUNICACIONES;2023;2;8
55072;ADMINISTRACION TECNOLOGICA;2024;1;97
4750;TECNOLOGIA EN ANALISIS DE COSTOS Y PRESUPUESTOS;2024;1;93
104682;ARTES DE LA GRABACION Y PRODUCCION MUSICAL;2024;1;13
90355;ARTES VISUALES;2024;1;6
107004;TECNOLOGIA EN AUTOMATIZACION ELECTRONICA;2024;1;13
53800;TECNOLOGIA EN CALIDAD;2024;1;16
107391;CIENCIAS AMBIENTALES;2024;1;6
106314;CINE;2024;1;5
4277;TECNOLOGIA EN CONSTRUCCION DE ACABADOS ARQUITECTONICOS;2024;1;17
105852;CONTADURIA PUBLICA;2024;1;53
108789;TECNOLOGIA EN CONTROL DE LA CALIDAD;2024;1;13
108639;TECNOLOGIA EN DESARROLLO DE APLICACIONES PARA DISPOSITIVOS MOVILES;2024;1;1
107535;TECNOLOGIA EN DESARROLLO DE SOFTWARE;2024;1;51
1518;TECNOLOGIA EN DISEÑO INDUSTRIAL;2024;1;21
108394;TECNOLOGIA EN DISEÑO Y PROGRAMACION DE SOLUCIONES DE SOFTWARE COMO SERVICIO;2024;1;4
2114;TECNOLOGIA EN ELECTROMECANICA;2024;1;12
11085;TECNOLOGIA EN ELECTRONICA;2024;1;4
110901;ESPECIALIZACION EN CIBERSEGURIDAD;2024;1;38
55018;ESPECIALIZACION EN FINANZAS;2024;1;41
55019;ESPECIALIZACION EN FORMULACION Y EVALUACION DE PROYECTOS;2024;1;65
107695;ESPECIALIZACION EN GESTION DE SISTEMAS ENERGETICOS INDUSTRIALES;2024;1;7
110940;ESPECIALIZACION EN GESTION DEL MANTENIMIENTO INDUSTRIAL;2024;1;47
111033;ESPECIALIZACION EN INGENIERIA DE SOFTWARE;2024;1;36
55105;FISICA;2024;1;1
15600;TECNOLOGIA EN GESTION ADMINISTRATIVA;2024;1;247
107381;TECNOLOGIA EN GESTION DE REDES DE  TELECOMUNICACIONES;2024;1;8
17720;TECNOLOGIA EN INFORMATICA MUSICAL;2024;1;8
53340;INGENIERIA BIOMEDICA;2024;1;86
106188;INGENIERIA DE LA CALIDAD;2024;1;27
52131;INGENIERIA DE PRODUCCION;2024;1;45
52205;INGENIERIA DE SISTEMAS;2024;1;88
52299;INGENIERIA DE TELECOMUNICACIONES;2024;1;14
52130;INGENIERIA ELECTROMECANICA;2024;1;49
52129;INGENIERIA ELECTRONICA;2024;1;11
52272;INGENIERIA EN DISEÑO INDUSTRIAL;2024;1;22
107390;INGENIERIA FINANCIERA;2024;1;82
52204;INGENIERIA FINANCIERA Y DE NEGOCIOS;2024;1;5
90442;INGENIERIA MECATRONICA;2024;1;53
104740;MAESTRIA EN ARTES DIGITALES;2024;1;3
53892;MAESTRIA EN AUTOMATIZACION Y CONTROL INDUSTRIAL;2024;1;4
104905;MAESTRIA EN CIENCIAS: INNOVACION EN EDUCACION;2024;1;4
102977;MAESTRIA EN DESARROLLO SOSTENIBLE;2024;1;7
101804;MAESTRIA EN ESTUDIOS DE CIENCIA, TECNOLOGIA, SOCIEDAD E INNOVACION;2024;1;3
101977;MAESTRIA EN GESTION DE LA INNOVACION TECNOLOGICA, COOPERACION Y DESARROLLO REGIONAL;2024;1;6
106584;MAESTRIA EN GESTION DE ORGANIZACIONES;2024;1;6
53798;MAESTRIA EN GESTION ENERGETICA INDUSTRIAL;2024;1;3
104318;MAESTRIA EN INGENIERIA BIOMEDICA;2024;1;7
103841;MAESTRIA EN SEGURIDAD INFORMATICA;2024;1;4
9466;TECNOLOGIA EN MANTENIMIENTO DE EQUIPO BIOMEDICO;2024;1;42
6536;TECNOLOGIA EN PRODUCCION;2024;1;29
104332;QUIMICA INDUSTRIAL;2024;1;20
8485;TECNOLOGIA EN SISTEMAS DE INFORMACION;2024;1;36
107534;TECNOLOGIA EN SISTEMAS DE PRODUCCION;2024;1;10
106810;TECNOLOGIA EN SISTEMAS ELECTROMECANICOS;2024;1;20
6537;TECNOLOGIA EN TELECOMUNICACIONES;2024;1;6
