CÓDIGO SNIES DEL PROGRAMA;PROGRAMA ACADÉMICO;AÑO;SEMESTRE;MATRICULADOS
1518;TECNOLOGIA EN DISEÑO INDUSTRIAL;2022;1;6
2114;TECNOLOGIA EN ELECTROMECANICA;2022;1;128
4277;TECNOLOGIA EN CONSTRUCCION DE ACABADOS ARQUITECTONICOS;2022;1;1
4750;TECNOLOGIA EN ANALISIS DE COSTOS Y PRESUPUESTOS;2022;1;13
6536;TECNOLOGIA EN PRODUCCION;2022;1;3
6537;TECNOLOGIA EN TELECOMUNICACIONES;2022;1;85
8483;TECNOLOGIA EN CALIDAD;2022;1;2
8485;TECNOLOGIA EN SISTEMAS DE INFORMACION;2022;1;3
9466;TECNOLOGIA EN MANTENIMIENTO DE EQUIPO BIOMEDICO;2022;1;626
11085;TECNOLOGIA EN ELECTRONICA;2022;1;83
15600;TECNOLOGIA EN GESTION ADMINISTRATIVA;2022;1;3183
17720;TECNOLOGIA EN INFORMATICA MUSICAL;2022;1;317
52129;INGENIERIA ELECTRÓNICA;2022;1;187
52130;INGENIERIA ELECTROMECÁNICA;2022;1;337
52131;INGENIERIA DE PRODUCCIÓN;2022;1;525
52204;INGENIERIA FINANCIERA Y DE NEGOCIOS;2022;1;77
52205;INGENIERIA DE SISTEMAS;2022;1;501
52299;INGENIERÍA DE TELECOMUNICACIONES;2022;1;231
53340;INGENIERÍA BIOMÉDICA;2022;1;1396
53798;MAESTRÍA EN GESTIÓN ENERGÉTICA INDUSTRIAL;2022;1;18
53799;TECNOLOGIA EN CONSTRUCCION DE ACABADOS ARQUITECTONICOS;2022;1;529
53800;TECNOLOGIA EN CALIDAD;2022;1;250
53801;TECNOLOGIA EN SISTEMAS DE INFORMACION;2022;1;370
53802;TECNOLOGIA EN PRODUCCIÓN;2022;1;246
53803;TECNOLOGIA EN ANALISIS DE COSTOS Y PRESUPUESTOS;2022;1;1914
53806;TECNOLOGÍA EN DISEÑO INDUSTRIAL;2022;1;423
53892;MAESTRÍA EN AUTOMATIZACIÓN Y CONTROL INDUSTRIAL;2022;1;40
55018;ESPECIALIZACIÓN EN FINANZAS;2022;1;40
55019;ESPECIALIZACIÓN EN FORMULACIÓN Y EVALUACIÓN DE PROYECTOS;2022;1;117
55072;ADMINISTRACIÓN TECNÓLOGICA;2022;1;1784
55105;FÍSICA;2022;1;2
90355;ARTES VISUALES;2022;1;325
90442;INGENIERÍA MECATRÓNICA;2022;1;1718
101804;MAESTRÍA EN ESTUDIOS DE CIENCIA, TECNOLOGÍA, SOCIEDAD E INNOVACIÓN;2022;1;8
101977;MAESTRÍA EN GESTIÓN DE LA INNOVACIÓN TECNOLÓGICA, COOPERACIÓN Y DESARROLLO REGIONAL;2022;1;22
102977;MAESTRÍA EN DESARROLLO SOSTENIBLE;2022;1;21
103841;MAESTRIA EN SEGURIDAD INFORMÁTICA;2022;1;46
103928;INGENIERÍA EN DISEÑO INDUSTRIAL;2022;1;731
104318;MAESTRÍA EN INGENIERÍA BIOMÉDICA;2022;1;18
104332;QUÍMICA INDUSTRIAL;2022;1;448
104682;ARTES DE LA GRABACION Y PRODUCCION MUSICAL;2022;1;385
104740;MAESTRÍA EN ARTES DIGITALES;2022;1;28
104905;MAESTRÍA EN CIENCIAS: INNOVACION EN EDUCACIÓN;2022;1;35
105852;CONTADURÍA PÚBLICA;2022;1;1493
106188;INGENIERÍA DE LA CALIDAD;2022;1;421
106314;CINE;2022;1;315
106505;MAESTRÍA EN METROLOGÍA;2022;1;1
106584;MAESTRÍA EN GESTIÓN DE ORGANIZACIONES;2022;1;32
106810;TECNOLOGIA EN SISTEMAS ELECTROMECANICOS;2022;1;608
106973;DOCTORADO EN INGENIERÍA;2022;1;22
107004;TECNOLOGIA EN AUTOMATIZACIÓN ELECTRONICA;2022;1;448
107381;TECNOLOGÍA EN GESTIÓN DE REDES DE  TELECOMUNICACIONES;2022;1;507
107390;INGENIERIA FINANCIERA;2022;1;729
107391;CIENCIAS AMBIENTALES;2022;1;308
107423;MAESTRÍA EN ESTUDIOS DE CIENCIA, TECNOLOGÍA, SOCIEDAD E INNOVACIÓN;2022;1;11
107534;TECNOLOGIA EN SISTEMAS DE PRODUCCIÓN;2022;1;433
107535;TECNOLOGIA EN DESARROLLO DE SOFTWARE;2022;1;1917
107695;ESPECIALIZACIÓN EN GESTIÓN DE SISTEMAS ENERGÉTICOS INDUSTRIALES;2022;1;12
107696;TECNOLOGÍA EN GESTIÓN ADMINISTRATIVA;2022;1;499
107943;TECNOLOGÍA EN ANÁLISIS DE COSTOS Y PRESUPUESTOS;2022;1;193
108394;TECNOLOGÍA EN DISEÑO Y PROGRAMACIÓN DE SOLUCIONES DE SOFTWARE COMO SERVICIO;2022;1;124
108639;TECNOLOGÍA EN DESARROLLO DE APLICACIONES PARA DISPOSITIVOS MÓVILES;2022;1;65
108789;TECNOLOGIA EN CONTROL DE LA CALIDAD;2022;1;339
109927;INTERPRETACIÓN Y TRADUCCIÓN LENGUA DE SEÑAS COLOMBIANA - ESPAÑOL;2022;1;45
2114;TECNOLOGIA EN ELECTROMECANICA;2014;1;1171
6537;TECNOLOGIA EN TELECOMUNICACIONES;2014;1;1364
9466;TECNOLOGIA EN MANTENIMIENTO DE EQUIPO BIOMEDICO;2014;1;447
11085;TECNOLOGIA EN ELECTRONICA;2014;1;676
15600;TECNOLOGIA EN GESTION ADMINISTRATIVA;2014;1;3135
17719;TECNOLOGIA EN ANALISIS DE COSTOS Y PRESUPUESTOS;2014;1;31
17720;TECNOLOGIA EN INFORMATICA MUSICAL;2014;1;372
52129;INGENIERIA ELECTRONICA;2014;1;211
52130;INGENIERIA ELECTROMECANICA;2014;1;452
52131;INGENIERIA DE PRODUCCION;2014;1;594
52204;INGENIERIA FINANCIERA Y DE NEGOCIOS;2014;1;668
52205;INGENIERIA DE SISTEMAS;2014;1;462
52272;INGENIERIA EN DISEÑO INDUSTRIAL;2014;1;205
52299;INGENIERIA DE TELECOMUNICACIONES;2014;1;384
53340;INGENIERIA BIOMEDICA;2014;1;1622
53798;MAESTRIA EN GESTION ENERGETICA INDUSTRIAL;2014;1;17
53799;TECNOLOGIA EN CONSTRUCCION DE ACABADOS ARQUITECTONICOS;2014;1;548
53800;TECNOLOGIA EN CALIDAD;2014;1;834
53801;TECNOLOGIA EN SISTEMAS DE INFORMACION;2014;1;2317
53802;TECNOLOGIA EN PRODUCCION;2014;1;1693
53803;TECNOLOGIA EN ANALISIS DE COSTOS Y PRESUPUESTOS;2014;1;2471
53806;TECNOLOGIA EN DISEÑO INDUSTRIAL;2014;1;1157
53892;MAESTRIA EN AUTOMATIZACION Y CONTROL INDUSTRIAL;2014;1;31
55018;ESPECIALIZACION EN FINANZAS;2014;1;20
55019;ESPECIALIZACION EN FORMULACION Y EVALUACION DE PROYECTOS;2014;1;88
55072;ADMINISTRACION TECNOLOGICA;2014;1;839
55105;FISICA;2014;1;21
90355;ARTES VISUALES;2014;1;248
90442;INGENIERIA MECATRONICA;2014;1;962
101804;MAESTRIA EN ESTUDIOS DE CIENCIA, TECNOLOGIA, SOCIEDAD E INNOVACION;2014;1;16
101977;MAESTRIA EN GESTION DE LA INNOVACION TECNOLOGICA, COOPERACION Y DESARROLLO REGIONAL;2014;1;22
2114;TECNOLOGIA EN ELECTROMECANICA;2015;1;1097
6537;TECNOLOGIA EN TELECOMUNICACIONES;2015;1;1207
9466;TECNOLOGIA EN MANTENIMIENTO DE EQUIPO BIOMEDICO;2015;1;373
11085;TECNOLOGIA EN ELECTRONICA;2015;1;640
15600;TECNOLOGIA EN GESTION ADMINISTRATIVA;2015;1;3122
17719;TECNOLOGIA EN ANALISIS DE COSTOS Y PRESUPUESTOS;2015;1;9
17720;TECNOLOGIA EN INFORMATICA MUSICAL;2015;1;358
52129;INGENIERIA ELECTRONICA;2015;1;237
52130;INGENIERIA ELECTROMECANICA;2015;1;465
52131;INGENIERIA DE PRODUCCION;2015;1;493
52204;INGENIERIA FINANCIERA Y DE NEGOCIOS;2015;1;637
52205;INGENIERIA DE SISTEMAS;2015;1;437
52272;INGENIERIA EN DISEÑO INDUSTRIAL;2015;1;166
52299;INGENIERIA DE TELECOMUNICACIONES;2015;1;353
53340;INGENIERIA BIOMEDICA;2015;1;1742
53798;MAESTRIA EN GESTION ENERGETICA INDUSTRIAL;2015;1;25
53799;TECNOLOGIA EN CONSTRUCCION DE ACABADOS ARQUITECTONICOS;2015;1;592
53800;TECNOLOGIA EN CALIDAD;2015;1;701
53801;TECNOLOGIA EN SISTEMAS DE INFORMACION;2015;1;2112
53802;TECNOLOGIA EN PRODUCCION;2015;1;1541
53803;TECNOLOGIA EN ANALISIS DE COSTOS Y PRESUPUESTOS;2015;1;2600
53806;TECNOLOGIA EN DISEÑO INDUSTRIAL;2015;1;1036
53892;MAESTRIA EN AUTOMATIZACION Y CONTROL INDUSTRIAL;2015;1;39
55018;ESPECIALIZACION EN FINANZAS;2015;1;31
55019;ESPECIALIZACION EN FORMULACION Y EVALUACION DE PROYECTOS;2015;1;145
55072;ADMINISTRACION TECNOLOGICA;2015;1;1048
55105;FISICA;2015;1;14
90355;ARTES VISUALES;2015;1;291
90442;INGENIERIA MECATRONICA;2015;1;1181
101804;MAESTRIA EN ESTUDIOS DE CIENCIA, TECNOLOGIA, SOCIEDAD E INNOVACION;2015;1;23
101977;MAESTRIA EN GESTION DE LA INNOVACION TECNOLOGICA, COOPERACION Y DESARROLLO REGIONAL;2015;1;32
102977;MAESTRIA EN DESARROLLO SOSTENIBLE;2015;1;11
103841;MAESTRIA EN SEGURIDAD INFORMATICA;2015;1;10
103928;INGENIERIA EN DISEÑO INDUSTRIAL;2015;1;60
2114;TECNOLOGIA EN ELECTROMECANICA;2016;1;1094
6537;TECNOLOGIA EN TELECOMUNICACIONES;2016;1;1099
9466;TECNOLOGIA EN MANTENIMIENTO DE EQUIPO BIOMEDICO;2016;1;310
11085;TECNOLOGIA EN ELECTRONICA;2016;1;628
15600;TECNOLOGIA EN GESTION ADMINISTRATIVA;2016;1;3367
17719;TECNOLOGIA EN ANALISIS DE COSTOS Y PRESUPUESTOS;2016;1;3
17720;TECNOLOGIA EN INFORMATICA MUSICAL;2016;1;322
52129;INGENIERIA ELECTRÓNICA;2016;1;231
52130;INGENIERIA ELECTROMECÁNICA;2016;1;467
52131;INGENIERIA DE PRODUCCIÓN;2016;1;511
52204;INGENIERIA FINANCIERA Y DE NEGOCIOS;2016;1;635
52205;INGENIERIA DE SISTEMAS;2016;1;436
52272;INGENIERIA EN DISEÑO INDUSTRIAL;2016;1;81
52299;INGENIERÍA DE TELECOMUNICACIONES;2016;1;360
53340;INGENIERÍA BIOMÉDICA;2016;1;1856
53798;MAESTRÍA EN GESTIÓN ENERGÉTICA INDUSTRIAL;2016;1;27
53799;TECNOLOGIA EN CONSTRUCCION DE ACABADOS ARQUITECTONICOS;2016;1;543
53800;TECNOLOGIA EN CALIDAD;2016;1;731
53801;TECNOLOGIA EN SISTEMAS DE INFORMACION;2016;1;2205
53802;TECNOLOGIA EN PRODUCCIÓN;2016;1;1478
53803;TECNOLOGIA EN ANALISIS DE COSTOS Y PRESUPUESTOS;2016;1;2576
53806;TECNOLOGÍA EN DISEÑO INDUSTRIAL;2016;1;890
53892;MAESTRÍA EN AUTOMATIZACIÓN Y CONTROL INDUSTRIAL;2016;1;37
55018;ESPECIALIZACIÓN EN FINANZAS;2016;1;44
55019;ESPECIALIZACIÓN EN FORMULACIÓN Y EVALUACIÓN DE PROYECTOS;2016;1;150
55072;ADMINISTRACIÓN TECNÓLOGICA;2016;1;1192
55105;FÍSICA;2016;1;13
90355;ARTES VISUALES;2016;1;319
90442;INGENIERÍA MECATRÓNICA;2016;1;1393
101804;MAESTRÍA EN ESTUDIOS DE CIENCIA, TECNOLOGÍA, SOCIEDAD E INNOVACIÓN;2016;1;29
101977;MAESTRÍA EN GESTIÓN DE LA INNOVACIÓN TECNOLÓGICA, COOPERACIÓN Y DESARROLLO REGIONAL;2016;1;41
102977;MAESTRÍA EN DESARROLLO SOSTENIBLE;2016;1;18
103841;MAESTRIA EN SEGURIDAD INFORMÁTICA;2016;1;33
103928;INGENIERÍA EN DISEÑO INDUSTRIAL;2016;1;285
104318;MAESTRÍA EN INGENIERÍA BIOMÉDICA;2016;1;7
104332;QUÍMICA INDUSTRIAL;2016;1;70
104682;ARTES DE LA GRABACION Y PRODUCCION MUSICAL;2016;1;75
104740;MAESTRÍA EN ARTES DIGITALES;2016;1;13
104905;MAESTRÍA EN CIENCIAS: INNOVACION EN EDUCACIÓN;2016;1;23
2114;TECNOLOGIA EN ELECTROMECANICA;2017;1;1034
6537;TECNOLOGIA EN TELECOMUNICACIONES;2017;1;881
9466;TECNOLOGIA EN MANTENIMIENTO DE EQUIPO BIOMEDICO;2017;1;296
11085;TECNOLOGIA EN ELECTRONICA;2017;1;587
15600;TECNOLOGIA EN GESTION ADMINISTRATIVA;2017;1;3368
17720;TECNOLOGIA EN INFORMATICA MUSICAL;2017;1;334
52129;INGENIERIA ELECTR¿NICA;2017;1;202
52130;INGENIERIA ELECTROMECÁNICA;2017;1;395
52131;INGENIERIA DE PRODUCCIÓN;2017;1;503
52204;INGENIERIA FINANCIERA Y DE NEGOCIOS;2017;1;661
52205;INGENIERIA DE SISTEMAS;2017;1;426
52272;INGENIERIA EN DISEÑO INDUSTRIAL;2017;1;25
52299;INGENIER¿A DE TELECOMUNICACIONES;2017;1;351
53340;INGENIERÍA BIOMÉDICA;2017;1;1830
53798;MAESTRÍA EN GESTIÓN ENERGÉTICA INDUSTRIAL;2017;1;21
53799;TECNOLOGIA EN CONSTRUCCION DE ACABADOS ARQUITECTONICOS;2017;1;477
53800;TECNOLOGIA EN CALIDAD;2017;1;624
53801;TECNOLOGIA EN SISTEMAS DE INFORMACION;2017;1;2207
53802;TECNOLOGIA EN PRODUCCIÓN;2017;1;1366
53803;TECNOLOGIA EN ANALISIS DE COSTOS Y PRESUPUESTOS;2017;1;2584
53806;TECNOLOG¿A EN DISE¿O INDUSTRIAL;2017;1;706
53892;MAESTRÍA EN AUTOMATIZACIÓN Y CONTROL INDUSTRIAL;2017;1;40
55018;ESPECIALIZACIÓN EN FINANZAS;2017;1;43
55019;ESPECIALIZACIÓN EN FORMULACIÓN Y EVALUACIÓN DE PROYECTOS;2017;1;134
55072;ADMINISTRACIÓN TECNÓLOGICA;2017;1;1282
55105;FÍSICA;2017;1;13
90355;ARTES VISUALES;2017;1;371
90442;INGENIERÍA MECATRÓNICA;2017;1;1526
101804;MAESTRÍA EN ESTUDIOS DE CIENCIA, TECNOLOGÍA, SOCIEDAD E INNOVACIÓN;2017;1;24
101977;MAESTRÍA EN GESTIÓN DE LA INNOVACIÓN TECNOLÓGICA, COOPERACIÓN Y DESARROLLO REGIONAL;2017;1;41
102977;MAESTRÍA EN DESARROLLO SOSTENIBLE;2017;1;19
103841;MAESTRIA EN SEGURIDAD INFORMÁTICA;2017;1;40
103928;INGENIERÍA EN DISEÑO INDUSTRIAL;2017;1;506
104318;MAESTRÍA EN INGENIERÍA BIOMÉDICA;2017;1;14
104332;QUÍMICA INDUSTRIAL;2017;1;157
104682;ARTES DE LA GRABACION Y PRODUCCION MUSICAL;2017;1;137
104740;MAESTRÍA EN ARTES DIGITALES;2017;1;17
104905;MAESTRÍA EN CIENCIAS: INNOVACION EN EDUCACIÓN;2017;1;114
105852;CONTADURÍA PÚBLICA;2017;1;149
2114;TECNOLOGIA EN ELECTROMECANICA;2018;1;1005
6537;TECNOLOGIA EN TELECOMUNICACIONES;2018;1;781
9466;TECNOLOGIA EN MANTENIMIENTO DE EQUIPO BIOMEDICO;2018;1;371
11085;TECNOLOGIA EN ELECTRONICA;2018;1;573
15600;TECNOLOGIA EN GESTION ADMINISTRATIVA;2018;1;3420
17720;TECNOLOGIA EN INFORMATICA MUSICAL;2018;1;326
52129;INGENIERIA ELECTRÓNICA;2018;1;227
52130;INGENIERIA ELECTROMECÁNICA;2018;1;424
52131;INGENIERIA DE PRODUCCIÓN;2018;1;531
52204;INGENIERIA FINANCIERA Y DE NEGOCIOS;2018;1;797
52205;INGENIERIA DE SISTEMAS;2018;1;568
52272;INGENIERIA EN DISEÑO INDUSTRIAL;2018;1;9
52299;INGENIERÍA DE TELECOMUNICACIONES;2018;1;368
53340;INGENIERÍA BIOMÉDICA;2018;1;1767
53798;MAESTRÍA EN GESTIÓN ENERGÉTICA INDUSTRIAL;2018;1;25
53799;TECNOLOGIA EN CONSTRUCCION DE ACABADOS ARQUITECTONICOS;2018;1;464
53800;TECNOLOGIA EN CALIDAD;2018;1;622
53801;TECNOLOGIA EN SISTEMAS DE INFORMACION;2018;1;2238
53802;TECNOLOGIA EN PRODUCCIÓN;2018;1;1260
53803;TECNOLOGIA EN ANALISIS DE COSTOS Y PRESUPUESTOS;2018;1;2465
53806;TECNOLOGÍA EN DISEÑO INDUSTRIAL;2018;1;624
53892;MAESTRÍA EN AUTOMATIZACIÓN Y CONTROL INDUSTRIAL;2018;1;42
55018;ESPECIALIZACIÓN EN FINANZAS;2018;1;51
55019;ESPECIALIZACIÓN EN FORMULACIÓN Y EVALUACIÓN DE PROYECTOS;2018;1;130
55072;ADMINISTRACIÓN TECNÓLOGICA;2018;1;1402
55105;FÍSICA;2018;1;7
90355;ARTES VISUALES;2018;1;352
90442;INGENIERÍA MECATRÓNICA;2018;1;1515
101804;MAESTRÍA EN ESTUDIOS DE CIENCIA, TECNOLOGÍA, SOCIEDAD E INNOVACIÓN;2018;1;15
101977;MAESTRÍA EN GESTIÓN DE LA INNOVACIÓN TECNOLÓGICA, COOPERACIÓN Y DESARROLLO REGIONAL;2018;1;46
102977;MAESTRÍA EN DESARROLLO SOSTENIBLE;2018;1;31
103841;MAESTRIA EN SEGURIDAD INFORMÁTICA;2018;1;32
103928;INGENIERÍA EN DISEÑO INDUSTRIAL;2018;1;608
104318;MAESTRÍA EN INGENIERÍA BIOMÉDICA;2018;1;13
104332;QUÍMICA INDUSTRIAL;2018;1;225
104682;ARTES DE LA GRABACION Y PRODUCCION MUSICAL;2018;1;200
104740;MAESTRÍA EN ARTES DIGITALES;2018;1;25
104905;MAESTRÍA EN CIENCIAS: INNOVACION EN EDUCACIÓN;2018;1;117
105852;CONTADURÍA PÚBLICA;2018;1;378
106188;INGENIERÍA DE LA CALIDAD;2018;1;88
106314;CINE;2018;1;87
2114;TECNOLOGIA EN ELECTROMECANICA;2019;1;650
6537;TECNOLOGIA EN TELECOMUNICACIONES;2019;1;417
9466;TECNOLOGIA EN MANTENIMIENTO DE EQUIPO BIOMEDICO;2019;1;522
11085;TECNOLOGIA EN ELECTRONICA;2019;1;341
15600;TECNOLOGIA EN GESTION ADMINISTRATIVA;2019;1;3444
17720;TECNOLOGIA EN INFORMATICA MUSICAL;2019;1;310
52129;INGENIERIA ELECTRÓNICA;2019;1;210
52130;INGENIERIA ELECTROMECÁNICA;2019;1;367
52131;INGENIERIA DE PRODUCCIÓN;2019;1;510
52204;INGENIERIA FINANCIERA Y DE NEGOCIOS;2019;1;703
52205;INGENIERIA DE SISTEMAS;2019;1;526
52272;INGENIERIA EN DISEÑO INDUSTRIAL;2019;1;1
52299;INGENIERÍA DE TELECOMUNICACIONES;2019;1;323
53340;INGENIERÍA BIOMÉDICA;2019;1;1622
53798;MAESTRÍA EN GESTIÓN ENERGÉTICA INDUSTRIAL;2019;1;18
53799;TECNOLOGIA EN CONSTRUCCION DE ACABADOS ARQUITECTONICOS;2019;1;461
53800;TECNOLOGIA EN CALIDAD;2019;1;585
53801;TECNOLOGIA EN SISTEMAS DE INFORMACION;2019;1;1444
53802;TECNOLOGIA EN PRODUCCIÓN;2019;1;971
53803;TECNOLOGIA EN ANALISIS DE COSTOS Y PRESUPUESTOS;2019;1;2343
53806;TECNOLOGÍA EN DISEÑO INDUSTRIAL;2019;1;543
53892;MAESTRÍA EN AUTOMATIZACIÓN Y CONTROL INDUSTRIAL;2019;1;32
55018;ESPECIALIZACIÓN EN FINANZAS;2019;1;37
55019;ESPECIALIZACIÓN EN FORMULACIÓN Y EVALUACIÓN DE PROYECTOS;2019;1;121
55072;ADMINISTRACIÓN TECNÓLOGICA;2019;1;1386
55105;FÍSICA;2019;1;5
90355;ARTES VISUALES;2019;1;327
90442;INGENIERÍA MECATRÓNICA;2019;1;1638
101804;MAESTRÍA EN ESTUDIOS DE CIENCIA, TECNOLOGÍA, SOCIEDAD E INNOVACIÓN;2019;1;13
101977;MAESTRÍA EN GESTIÓN DE LA INNOVACIÓN TECNOLÓGICA, COOPERACIÓN Y DESARROLLO REGIONAL;2019;1;44
102977;MAESTRÍA EN DESARROLLO SOSTENIBLE;2019;1;39
103841;MAESTRIA EN SEGURIDAD INFORMÁTICA;2019;1;46
103928;INGENIERÍA EN DISEÑO INDUSTRIAL;2019;1;675
104318;MAESTRÍA EN INGENIERÍA BIOMÉDICA;2019;1;12
104332;QUÍMICA INDUSTRIAL;2019;1;303
104682;ARTES DE LA GRABACION Y PRODUCCION MUSICAL;2019;1;277
104740;MAESTRÍA EN ARTES DIGITALES;2019;1;12
104905;MAESTRÍA EN CIENCIAS: INNOVACION EN EDUCACIÓN;2019;1;51
105852;CONTADURÍA PÚBLICA;2019;1;619
106188;INGENIERÍA DE LA CALIDAD;2019;1;242
106314;CINE;2019;1;183
106505;MAESTRÍA EN METROLOGÍA;2019;1;11
106584;MAESTRÍA EN GESTIÓN DE ORGANIZACIONES;2019;1;24
106810;TECNOLOGIA EN SISTEMAS ELECTROMECANICOS;2019;1;220
106973;DOCTORADO EN INGENIERÍA;2019;1;5
107004;TECNOLOGIA EN AUTOMATIZACIÓN ELECTRONICA;2019;1;206
107381;TECNOLOGÍA EN GESTIÓN DE REDES DE  TELECOMUNICACIONES;2019;1;105
107390;INGENIERIA FINANCIERA;2019;1;132
107391;CIENCIAS AMBIENTALES;2019;1;62
107534;TECNOLOGIA EN SISTEMAS DE PRODUCCIÓN;2019;1;167
107535;TECNOLOGIA EN DESARROLLO DE SOFTWARE;2019;1;72
2114;TECNOLOGIA EN ELECTROMECANICA;2020;1;366
6537;TECNOLOGIA EN TELECOMUNICACIONES;2020;1;232
9466;TECNOLOGIA EN MANTENIMIENTO DE EQUIPO BIOMEDICO;2020;1;491
11085;TECNOLOGIA EN ELECTRONICA;2020;1;195
15600;TECNOLOGIA EN GESTION ADMINISTRATIVA;2020;1;3174
17720;TECNOLOGIA EN INFORMATICA MUSICAL;2020;1;311
52129;INGENIERIA ELECTRÓNICA;2020;1;191
52130;INGENIERIA ELECTROMECÁNICA;2020;1;331
52131;INGENIERIA DE PRODUCCIÓN;2020;1;498
52204;INGENIERIA FINANCIERA Y DE NEGOCIOS;2020;1;490
52205;INGENIERIA DE SISTEMAS;2020;1;506
52299;INGENIERÍA DE TELECOMUNICACIONES;2020;1;288
53340;INGENIERÍA BIOMÉDICA;2020;1;1533
53798;MAESTRÍA EN GESTIÓN ENERGÉTICA INDUSTRIAL;2020;1;15
53799;TECNOLOGIA EN CONSTRUCCION DE ACABADOS ARQUITECTONICOS;2020;1;496
53800;TECNOLOGIA EN CALIDAD;2020;1;453
53801;TECNOLOGIA EN SISTEMAS DE INFORMACION;2020;1;1029
53802;TECNOLOGIA EN PRODUCCIÓN;2020;1;635
53803;TECNOLOGIA EN ANALISIS DE COSTOS Y PRESUPUESTOS;2020;1;2095
53806;TECNOLOGÍA EN DISEÑO INDUSTRIAL;2020;1;531
53892;MAESTRÍA EN AUTOMATIZACIÓN Y CONTROL INDUSTRIAL;2020;1;27
55018;ESPECIALIZACIÓN EN FINANZAS;2020;1;52
55019;ESPECIALIZACIÓN EN FORMULACIÓN Y EVALUACIÓN DE PROYECTOS;2020;1;128
55072;ADMINISTRACIÓN TECNÓLOGICA;2020;1;1343
55105;FÍSICA;2020;1;4
90355;ARTES VISUALES;2020;1;333
90442;INGENIERÍA MECATRÓNICA;2020;1;1576
101804;MAESTRÍA EN ESTUDIOS DE CIENCIA, TECNOLOGÍA, SOCIEDAD E INNOVACIÓN;2020;1;22
101977;MAESTRÍA EN GESTIÓN DE LA INNOVACIÓN TECNOLÓGICA, COOPERACIÓN Y DESARROLLO REGIONAL;2020;1;30
102977;MAESTRÍA EN DESARROLLO SOSTENIBLE;2020;1;21
103841;MAESTRIA EN SEGURIDAD INFORMÁTICA;2020;1;41
103928;INGENIERÍA EN DISEÑO INDUSTRIAL;2020;1;702
104318;MAESTRÍA EN INGENIERÍA BIOMÉDICA;2020;1;16
104332;QUÍMICA INDUSTRIAL;2020;1;350
104682;ARTES DE LA GRABACION Y PRODUCCION MUSICAL;2020;1;311
104740;MAESTRÍA EN ARTES DIGITALES;2020;1;18
104905;MAESTRÍA EN CIENCIAS: INNOVACION EN EDUCACIÓN;2020;1;35
105852;CONTADURÍA PÚBLICA;2020;1;925
106188;INGENIERÍA DE LA CALIDAD;2020;1;298
106314;CINE;2020;1;231
106505;MAESTRÍA EN METROLOGÍA;2020;1;9
106584;MAESTRÍA EN GESTIÓN DE ORGANIZACIONES;2020;1;47
106810;TECNOLOGIA EN SISTEMAS ELECTROMECANICOS;2020;1;386
106973;DOCTORADO EN INGENIERÍA;2020;1;8
107004;TECNOLOGIA EN AUTOMATIZACIÓN ELECTRONICA;2020;1;313
107381;TECNOLOGÍA EN GESTIÓN DE REDES DE  TELECOMUNICACIONES;2020;1;239
107390;INGENIERIA FINANCIERA;2020;1;359
107391;CIENCIAS AMBIENTALES;2020;1;146
107534;TECNOLOGIA EN SISTEMAS DE PRODUCCIÓN;2020;1;233
107535;TECNOLOGIA EN DESARROLLO DE SOFTWARE;2020;1;631
107695;ESPECIALIZACIÓN EN GESTIÓN DE SISTEMAS ENERGÉTICOS INDUSTRIALES;2020;1;17
107696;TECNOLOGÍA EN GESTIÓN ADMINISTRATIVA;2020;1;155
107943;TECNOLOGÍA EN ANÁLISIS DE COSTOS Y PRESUPUESTOS;2020;1;46
108789;TECNOLOGIA EN CONTROL DE LA CALIDAD;2020;1;135
2114;TECNOLOGIA EN ELECTROMECANICA;2021;1;224
4750;TECNOLOGIA EN ANALISIS DE COSTOS Y PRESUPUESTOS;2021;1;1
6536;TECNOLOGIA EN PRODUCCION;2021;1;3
6537;TECNOLOGIA EN TELECOMUNICACIONES;2021;1;146
8483;TECNOLOGIA EN CALIDAD;2021;1;1
9466;TECNOLOGIA EN MANTENIMIENTO DE EQUIPO BIOMEDICO;2021;1;647
11085;TECNOLOGIA EN ELECTRONICA;2021;1;132
15600;TECNOLOGIA EN GESTION ADMINISTRATIVA;2021;1;3726
17720;TECNOLOGIA EN INFORMATICA MUSICAL;2021;1;418
52129;INGENIERIA ELECTRÓNICA;2021;1;235
52130;INGENIERIA ELECTROMECÁNICA;2021;1;377
52131;INGENIERIA DE PRODUCCIÓN;2021;1;505
52204;INGENIERIA FINANCIERA Y DE NEGOCIOS;2021;1;259
52205;INGENIERIA DE SISTEMAS;2021;1;526
52299;INGENIERÍA DE TELECOMUNICACIONES;2021;1;302
53340;INGENIERÍA BIOMÉDICA;2021;1;1595
53798;MAESTRÍA EN GESTIÓN ENERGÉTICA INDUSTRIAL;2021;1;17
53799;TECNOLOGIA EN CONSTRUCCION DE ACABADOS ARQUITECTONICOS;2021;1;570
53800;TECNOLOGIA EN CALIDAD;2021;1;350
53801;TECNOLOGIA EN SISTEMAS DE INFORMACION;2021;1;664
53802;TECNOLOGIA EN PRODUCCIÓN;2021;1;435
53803;TECNOLOGIA EN ANALISIS DE COSTOS Y PRESUPUESTOS;2021;1;2117
53806;TECNOLOGÍA EN DISEÑO INDUSTRIAL;2021;1;573
53892;MAESTRÍA EN AUTOMATIZACIÓN Y CONTROL INDUSTRIAL;2021;1;37
55018;ESPECIALIZACIÓN EN FINANZAS;2021;1;51
55019;ESPECIALIZACIÓN EN FORMULACIÓN Y EVALUACIÓN DE PROYECTOS;2021;1;130
55072;ADMINISTRACIÓN TECNÓLOGICA;2021;1;1560
55105;FÍSICA;2021;1;2
90355;ARTES VISUALES;2021;1;356
90442;INGENIERÍA MECATRÓNICA;2021;1;1645
101804;MAESTRÍA EN ESTUDIOS DE CIENCIA, TECNOLOGÍA, SOCIEDAD E INNOVACIÓN;2021;1;18
101977;MAESTRÍA EN GESTIÓN DE LA INNOVACIÓN TECNOLÓGICA, COOPERACIÓN Y DESARROLLO REGIONAL;2021;1;29
102977;MAESTRÍA EN DESARROLLO SOSTENIBLE;2021;1;25
103841;MAESTRIA EN SEGURIDAD INFORMÁTICA;2021;1;44
103928;INGENIERÍA EN DISEÑO INDUSTRIAL;2021;1;749
104318;MAESTRÍA EN INGENIERÍA BIOMÉDICA;2021;1;20
104332;QUÍMICA INDUSTRIAL;2021;1;414
104682;ARTES DE LA GRABACION Y PRODUCCION MUSICAL;2021;1;393
104740;MAESTRÍA EN ARTES DIGITALES;2021;1;22
104905;MAESTRÍA EN CIENCIAS: INNOVACION EN EDUCACIÓN;2021;1;35
105852;CONTADURÍA PÚBLICA;2021;1;1301
106188;INGENIERÍA DE LA CALIDAD;2021;1;351
106314;CINE;2021;1;320
106505;MAESTRÍA EN METROLOGÍA;2021;1;7
106584;MAESTRÍA EN GESTIÓN DE ORGANIZACIONES;2021;1;44
106810;TECNOLOGIA EN SISTEMAS ELECTROMECANICOS;2021;1;523
106973;DOCTORADO EN INGENIERÍA;2021;1;15
107004;TECNOLOGIA EN AUTOMATIZACIÓN ELECTRONICA;2021;1;383
107381;TECNOLOGÍA EN GESTIÓN DE REDES DE  TELECOMUNICACIONES;2021;1;452
107390;INGENIERIA FINANCIERA;2021;1;654
107391;CIENCIAS AMBIENTALES;2021;1;247
107423;MAESTRÍA EN ESTUDIOS DE CIENCIA, TECNOLOGÍA, SOCIEDAD E INNOVACIÓN;2021;1;4
107534;TECNOLOGIA EN SISTEMAS DE PRODUCCIÓN;2021;1;425
107535;TECNOLOGIA EN DESARROLLO DE SOFTWARE;2021;1;1424
107695;ESPECIALIZACIÓN EN GESTIÓN DE SISTEMAS ENERGÉTICOS INDUSTRIALES;2021;1;16
107696;TECNOLOGÍA EN GESTIÓN ADMINISTRATIVA;2021;1;375
107943;TECNOLOGÍA EN ANÁLISIS DE COSTOS Y PRESUPUESTOS;2021;1;131
108394;TECNOLOGÍA EN DISEÑO Y PROGRAMACIÓN DE SOLUCIONES DE SOFTWARE COMO SERVICIO;2021;1;46
108639;TECNOLOGÍA EN DESARROLLO DE APLICACIONES PARA DISPOSITIVOS MÓVILES;2021;1;38
108789;TECNOLOGIA EN CONTROL DE LA CALIDAD;2021;1;366
55072;ADMINISTRACION TECNOLOGICA;2023;1;1612
4750;TECNOLOGIA EN ANALISIS DE COSTOS Y PRESUPUESTOS;2023;1;2070
104682;ARTES DE LA GRABACION Y PRODUCCION MUSICAL;2023;1;417
90355;ARTES VISUALES;2023;1;361
107004;TECNOLOGIA EN AUTOMATIZACION ELECTRONICA;2023;1;480
53800;TECNOLOGIA EN CALIDAD;2023;1;140
107391;CIENCIAS AMBIENTALES;2023;1;399
106314;CINE;2023;1;368
4277;TECNOLOGIA EN CONSTRUCCION DE ACABADOS ARQUITECTONICOS;2023;1;446
105852;CONTADURIA PUBLICA;2023;1;1655
108789;TECNOLOGIA EN CONTROL DE LA CALIDAD;2023;1;369
108639;TECNOLOGIA EN DESARROLLO DE APLICACIONES PARA DISPOSITIVOS MOVILES;2023;1;137
107535;TECNOLOGIA EN DESARROLLO DE SOFTWARE;2023;1;2488
1518;TECNOLOGIA EN DISEÑO INDUSTRIAL;2023;1;388
108394;TECNOLOGIA EN DISEÑO Y PROGRAMACION DE SOLUCIONES DE SOFTWARE COMO SERVICIO;2023;1;289
106973;DOCTORADO EN INGENIERIA;2023;1;19
2114;TECNOLOGIA EN ELECTROMECANICA;2023;1;61
11085;TECNOLOGIA EN ELECTRONICA;2023;1;28
110901;ESPECIALIZACION EN CIBERSEGURIDAD;2023;1;68
55018;ESPECIALIZACION EN FINANZAS;2023;1;70
55019;ESPECIALIZACION EN FORMULACION Y EVALUACION DE PROYECTOS;2023;1;140
107695;ESPECIALIZACION EN GESTION DE SISTEMAS ENERGETICOS INDUSTRIALES;2023;1;13
110940;ESPECIALIZACION EN GESTION DEL MANTENIMIENTO INDUSTRIAL;2023;1;76
111033;ESPECIALIZACION EN INGENIERIA DE SOFTWARE;2023;1;59
55105;FISICA;2023;1;2
15600;TECNOLOGIA EN GESTION ADMINISTRATIVA;2023;1;3422
111337;TECNOLOGIA EN GESTION COMERCIAL;2023;1;501
17720;TECNOLOGIA EN INFORMATICA MUSICAL;2023;1;324
53340;INGENIERIA BIOMEDICA;2023;1;1331
106188;INGENIERIA DE LA CALIDAD;2023;1;475
52131;INGENIERIA DE PRODUCCION;2023;1;386
52205;INGENIERIA DE SISTEMAS;2023;1;462
52299;INGENIERIA DE TELECOMUNICACIONES;2023;1;142
52130;INGENIERIA ELECTROMECANICA;2023;1;288
52129;INGENIERIA ELECTRONICA;2023;1;153
52272;INGENIERIA EN DISEÑO INDUSTRIAL;2023;1;737
107390;INGENIERIA FINANCIERA;2023;1;636
52204;INGENIERIA FINANCIERA Y DE NEGOCIOS;2023;1;27
90442;INGENIERIA MECATRONICA;2023;1;1671
109927;INTERPRETACION Y TRADUCCION LENGUA DE SEÑAS COLOMBIANA - ESPAÑOL;2023;1;90
104740;MAESTRIA EN ARTES DIGITALES;2023;1;14
53892;MAESTRIA EN AUTOMATIZACION Y CONTROL INDUSTRIAL;2023;1;32
104905;MAESTRIA EN CIENCIAS: INNOVACION EN EDUCACION;2023;1;21
102977;MAESTRIA EN DESARROLLO SOSTENIBLE;2023;1;18
101804;MAESTRIA EN ESTUDIOS DE CIENCIA, TECNOLOGIA, SOCIEDAD E INNOVACION;2023;1;25
101977;MAESTRIA EN GESTION DE LA INNOVACION TECNOLOGICA, COOPERACION Y DESARROLLO REGIONAL;2023;1;18
106584;MAESTRIA EN GESTION DE ORGANIZACIONES;2023;1;26
53798;MAESTRIA EN GESTION ENERGETICA INDUSTRIAL;2023;1;19
104318;MAESTRIA EN INGENIERIA BIOMEDICA;2023;1;14
106505;MAESTRIA EN METROLOGIA;2023;1;7
103841;MAESTRIA EN SEGURIDAD INFORMATICA;2023;1;45
9466;TECNOLOGIA EN MANTENIMIENTO DE EQUIPO BIOMEDICO;2023;1;564
6536;TECNOLOGIA EN PRODUCCION;2023;1;118
104332;QUIMICA INDUSTRIAL;2023;1;500
8485;TECNOLOGIA EN SISTEMAS DE INFORMACION;2023;1;181
107534;TECNOLOGIA EN SISTEMAS DE PRODUCCION;2023;1;424
106810;TECNOLOGIA EN SISTEMAS ELECTROMECANICOS;2023;1;643
6537;TECNOLOGIA EN TELECOMUNICACIONES;2023;1;43
55072;ADMINISTRACION TECNOLOGICA;2024;1;1445
4750;TECNOLOGIA EN ANALISIS DE COSTOS Y PRESUPUESTOS;2024;1;1884
104682;ARTES DE LA GRABACION Y PRODUCCION MUSICAL;2024;1;439
90355;ARTES VISUALES;2024;1;363
107004;TECNOLOGIA EN AUTOMATIZACION ELECTRONICA;2024;1;501
53800;TECNOLOGIA EN CALIDAD;2024;1;58
107391;CIENCIAS AMBIENTALES;2024;1;453
106314;CINE;2024;1;385
4277;TECNOLOGIA EN CONSTRUCCION DE ACABADOS ARQUITECTONICOS;2024;1;393
105852;CONTADURIA PUBLICA;2024;1;1637
108789;TECNOLOGIA EN CONTROL DE LA CALIDAD;2024;1;371
108639;TECNOLOGIA EN DESARROLLO DE APLICACIONES PARA DISPOSITIVOS MOVILES;2024;1;197
107535;TECNOLOGIA EN DESARROLLO DE SOFTWARE;2024;1;3247
1518;TECNOLOGIA EN DISEÑO INDUSTRIAL;2024;1;334
108394;TECNOLOGIA EN DISEÑO Y PROGRAMACION DE SOLUCIONES DE SOFTWARE COMO SERVICIO;2024;1;386
106973;DOCTORADO EN INGENIERIA;2024;1;21
2114;TECNOLOGIA EN ELECTROMECANICA;2024;1;23
11085;TECNOLOGIA EN ELECTRONICA;2024;1;9
110901;ESPECIALIZACION EN CIBERSEGURIDAD;2024;1;92
55018;ESPECIALIZACION EN FINANZAS;2024;1;76
55019;ESPECIALIZACION EN FORMULACION Y EVALUACION DE PROYECTOS;2024;1;116
107695;ESPECIALIZACION EN GESTION DE SISTEMAS ENERGETICOS INDUSTRIALES;2024;1;8
110940;ESPECIALIZACION EN GESTION DEL MANTENIMIENTO INDUSTRIAL;2024;1;81
111033;ESPECIALIZACION EN INGENIERIA DE SOFTWARE;2024;1;72
55105;FISICA;2024;1;1
15600;TECNOLOGIA EN GESTION ADMINISTRATIVA;2024;1;3095
111337;TECNOLOGIA EN GESTION COMERCIAL;2024;1;85
107381;TECNOLOGIA EN GESTION DE REDES DE  TELECOMUNICACIONES;2024;1;539
17720;TECNOLOGIA EN INFORMATICA MUSICAL;2024;1;317
53340;INGENIERIA BIOMEDICA;2024;1;1287
106188;INGENIERIA DE LA CALIDAD;2024;1;470
52131;INGENIERIA DE PRODUCCION;2024;1;317
52205;INGENIERIA DE SISTEMAS;2024;1;383
52299;INGENIERIA DE TELECOMUNICACIONES;2024;1;105
52130;INGENIERIA ELECTROMECANICA;2024;1;224
52129;INGENIERIA ELECTRONICA;2024;1;133
52272;INGENIERIA EN DISEÑO INDUSTRIAL;2024;1;730
107390;INGENIERIA FINANCIERA;2024;1;545
52204;INGENIERIA FINANCIERA Y DE NEGOCIOS;2024;1;15
90442;INGENIERIA MECATRONICA;2024;1;1603
109927;INTERPRETACION Y TRADUCCION LENGUA DE SEÑAS COLOMBIANA - ESPAÑOL;2024;1;146
104740;MAESTRIA EN ARTES DIGITALES;2024;1;14
53892;MAESTRIA EN AUTOMATIZACION Y CONTROL INDUSTRIAL;2024;1;30
104905;MAESTRIA EN CIENCIAS: INNOVACION EN EDUCACION;2024;1;16
102977;MAESTRIA EN DESARROLLO SOSTENIBLE;2024;1;14
101804;MAESTRIA EN ESTUDIOS DE CIENCIA, TECNOLOGIA, SOCIEDAD E INNOVACION;2024;1;31
101977;MAESTRIA EN GESTION DE LA INNOVACION TECNOLOGICA, COOPERACION Y DESARROLLO REGIONAL;2024;1;20
106584;MAESTRIA EN GESTION DE ORGANIZACIONES;2024;1;18
53798;MAESTRIA EN GESTION ENERGETICA INDUSTRIAL;2024;1;13
104318;MAESTRIA EN INGENIERIA BIOMEDICA;2024;1;19
106505;MAESTRIA EN METROLOGIA;2024;1;11
103841;MAESTRIA EN SEGURIDAD INFORMATICA;2024;1;50
9466;TECNOLOGIA EN MANTENIMIENTO DE EQUIPO BIOMEDICO;2024;1;451
6536;TECNOLOGIA EN PRODUCCION;2024;1;39
104332;QUIMICA INDUSTRIAL;2024;1;469
8485;TECNOLOGIA EN SISTEMAS DE INFORMACION;2024;1;67
107534;TECNOLOGIA EN SISTEMAS DE PRODUCCION;2024;1;391
106810;TECNOLOGIA EN SISTEMAS ELECTROMECANICOS;2024;1;620
6537;TECNOLOGIA EN TELECOMUNICACIONES;2024;1;33
2114;TECNOLOGIA EN ELECTROMECANICA;2014;2;1158
6537;TECNOLOGIA EN TELECOMUNICACIONES;2014;2;1258
9466;TECNOLOGIA EN MANTENIMIENTO DE EQUIPO BIOMEDICO;2014;2;431
11085;TECNOLOGIA EN ELECTRONICA;2014;2;611
15600;TECNOLOGIA EN GESTION ADMINISTRATIVA;2014;2;3157
17719;TECNOLOGIA EN ANALISIS DE COSTOS Y PRESUPUESTOS;2014;2;13
17720;TECNOLOGIA EN INFORMATICA MUSICAL;2014;2;350
52129;INGENIERIA ELECTRONICA;2014;2;222
52130;INGENIERIA ELECTROMECANICA;2014;2;471
52131;INGENIERIA DE PRODUCCION;2014;2;549
52204;INGENIERIA FINANCIERA Y DE NEGOCIOS;2014;2;632
52205;INGENIERIA DE SISTEMAS;2014;2;452
52272;INGENIERIA EN DISEÑO INDUSTRIAL;2014;2;217
52299;INGENIERIA DE TELECOMUNICACIONES;2014;2;346
53340;INGENIERIA BIOMEDICA;2014;2;1635
53798;MAESTRIA EN GESTION ENERGETICA INDUSTRIAL;2014;2;25
53799;TECNOLOGIA EN CONSTRUCCION DE ACABADOS ARQUITECTONICOS;2014;2;561
53800;TECNOLOGIA EN CALIDAD;2014;2;732
53801;TECNOLOGIA EN SISTEMAS DE INFORMACION;2014;2;2209
53802;TECNOLOGIA EN PRODUCCION;2014;2;1634
53803;TECNOLOGIA EN ANALISIS DE COSTOS Y PRESUPUESTOS;2014;2;2621
53806;TECNOLOGIA EN DISEÑO INDUSTRIAL;2014;2;1111
53892;MAESTRIA EN AUTOMATIZACION Y CONTROL INDUSTRIAL;2014;2;33
55018;ESPECIALIZACION EN FINANZAS;2014;2;35
55019;ESPECIALIZACION EN FORMULACION Y EVALUACION DE PROYECTOS;2014;2;121
55072;ADMINISTRACION TECNOLOGICA;2014;2;950
55105;FISICA;2014;2;16
90355;ARTES VISUALES;2014;2;277
90442;INGENIERIA MECATRONICA;2014;2;1015
101804;MAESTRIA EN ESTUDIOS DE CIENCIA, TECNOLOGIA, SOCIEDAD E INNOVACION;2014;2;16
101977;MAESTRIA EN GESTION DE LA INNOVACION TECNOLOGICA, COOPERACION Y DESARROLLO REGIONAL;2014;2;22
102977;MAESTRIA EN DESARROLLO SOSTENIBLE;2014;2;12
2114;TECNOLOGIA EN ELECTROMECANICA;2015;2;1106
6537;TECNOLOGIA EN TELECOMUNICACIONES;2015;2;1120
9466;TECNOLOGIA EN MANTENIMIENTO DE EQUIPO BIOMEDICO;2015;2;350
11085;TECNOLOGIA EN ELECTRONICA;2015;2;637
15600;TECNOLOGIA EN GESTION ADMINISTRATIVA;2015;2;3427
17719;TECNOLOGIA EN ANALISIS DE COSTOS Y PRESUPUESTOS;2015;2;5
17720;TECNOLOGIA EN INFORMATICA MUSICAL;2015;2;333
52129;INGENIERIA ELECTRONICA;2015;2;245
52130;INGENIERIA ELECTROMECANICA;2015;2;457
52131;INGENIERIA DE PRODUCCION;2015;2;503
52204;INGENIERIA FINANCIERA Y DE NEGOCIOS;2015;2;643
52205;INGENIERIA DE SISTEMAS;2015;2;457
52272;INGENIERIA EN DISEÑO INDUSTRIAL;2015;2;117
52299;INGENIERIA DE TELECOMUNICACIONES;2015;2;363
53340;INGENIERIA BIOMEDICA;2015;2;1809
53798;MAESTRIA EN GESTION ENERGETICA INDUSTRIAL;2015;2;31
53799;TECNOLOGIA EN CONSTRUCCION DE ACABADOS ARQUITECTONICOS;2015;2;560
53800;TECNOLOGIA EN CALIDAD;2015;2;712
53801;TECNOLOGIA EN SISTEMAS DE INFORMACION;2015;2;2176
53802;TECNOLOGIA EN PRODUCCION;2015;2;1469
53803;TECNOLOGIA EN ANALISIS DE COSTOS Y PRESUPUESTOS;2015;2;2696
53806;TECNOLOGIA EN DISEÑO INDUSTRIAL;2015;2;961
53892;MAESTRIA EN AUTOMATIZACION Y CONTROL INDUSTRIAL;2015;2;33
55018;ESPECIALIZACION EN FINANZAS;2015;2;47
55019;ESPECIALIZACION EN FORMULACION Y EVALUACION DE PROYECTOS;2015;2;141
55072;ADMINISTRACION TECNOLOGICA;2015;2;1101
55105;FISICA;2015;2;13
90355;ARTES VISUALES;2015;2;306
90442;INGENIERIA MECATRONICA;2015;2;1251
101804;MAESTRIA EN ESTUDIOS DE CIENCIA, TECNOLOGIA, SOCIEDAD E INNOVACION;2015;2;26
101977;MAESTRIA EN GESTION DE LA INNOVACION TECNOLOGICA, COOPERACION Y DESARROLLO REGIONAL;2015;2;27
102977;MAESTRIA EN DESARROLLO SOSTENIBLE;2015;2;21
103841;MAESTRIA EN SEGURIDAD INFORMATICA;2015;2;27
103928;INGENIERIA EN DISEÑO INDUSTRIAL;2015;2;177
104318;MAESTRIA EN INGENIERIA BIOMEDICA;2015;2;9
104332;QUIMICA INDUSTRIAL;2015;2;24
104905;MAESTRIA EN CIENCIAS: INNOVACION EN EDUCACION;2015;2;16
2114;TECNOLOGIA EN ELECTROMECANICA;2016;2;1039
6537;TECNOLOGIA EN TELECOMUNICACIONES;2016;2;977
9466;TECNOLOGIA EN MANTENIMIENTO DE EQUIPO BIOMEDICO;2016;2;284
11085;TECNOLOGIA EN ELECTRONICA;2016;2;582
15600;TECNOLOGIA EN GESTION ADMINISTRATIVA;2016;2;3482
17719;TECNOLOGIA EN ANALISIS DE COSTOS Y PRESUPUESTOS;2016;2;1
17720;TECNOLOGIA EN INFORMATICA MUSICAL;2016;2;324
52129;INGENIERIA ELECTRÓNICA;2016;2;225
52130;INGENIERIA ELECTROMECÁNICA;2016;2;419
52131;INGENIERIA DE PRODUCCIÓN;2016;2;480
52204;INGENIERIA FINANCIERA Y DE NEGOCIOS;2016;2;641
52205;INGENIERIA DE SISTEMAS;2016;2;441
52272;INGENIERIA EN DISEÑO INDUSTRIAL;2016;2;51
52299;INGENIERÍA DE TELECOMUNICACIONES;2016;2;333
53340;INGENIERÍA BIOMÉDICA;2016;2;1790
53798;MAESTRÍA EN GESTIÓN ENERGÉTICA INDUSTRIAL;2016;2;24
53799;TECNOLOGIA EN CONSTRUCCION DE ACABADOS ARQUITECTONICOS;2016;2;510
53800;TECNOLOGIA EN CALIDAD;2016;2;677
53801;TECNOLOGIA EN SISTEMAS DE INFORMACION;2016;2;2149
53802;TECNOLOGIA EN PRODUCCIÓN;2016;2;1456
53803;TECNOLOGIA EN ANALISIS DE COSTOS Y PRESUPUESTOS;2016;2;2605
53806;TECNOLOGÍA EN DISEÑO INDUSTRIAL;2016;2;800
53892;MAESTRÍA EN AUTOMATIZACIÓN Y CONTROL INDUSTRIAL;2016;2;39
55018;ESPECIALIZACIÓN EN FINANZAS;2016;2;33
55019;ESPECIALIZACIÓN EN FORMULACIÓN Y EVALUACIÓN DE PROYECTOS;2016;2;150
55072;ADMINISTRACIÓN TECNÓLOGICA;2016;2;1258
55105;FÍSICA;2016;2;13
90355;ARTES VISUALES;2016;2;344
90442;INGENIERÍA MECATRÓNICA;2016;2;1406
101804;MAESTRÍA EN ESTUDIOS DE CIENCIA, TECNOLOGÍA, SOCIEDAD E INNOVACIÓN;2016;2;25
101977;MAESTRÍA EN GESTIÓN DE LA INNOVACIÓN TECNOLÓGICA, COOPERACIÓN Y DESARROLLO REGIONAL;2016;2;50
102977;MAESTRÍA EN DESARROLLO SOSTENIBLE;2016;2;23
103841;MAESTRIA EN SEGURIDAD INFORMÁTICA;2016;2;41
103928;INGENIERÍA EN DISEÑO INDUSTRIAL;2016;2;393
104318;MAESTRÍA EN INGENIERÍA BIOMÉDICA;2016;2;16
104332;QUÍMICA INDUSTRIAL;2016;2;103
104682;ARTES DE LA GRABACION Y PRODUCCION MUSICAL;2016;2;101
104740;MAESTRÍA EN ARTES DIGITALES;2016;2;21
104905;MAESTRÍA EN CIENCIAS: INNOVACION EN EDUCACIÓN;2016;2;105
2114;TECNOLOGIA EN ELECTROMECANICA;2017;2;1034
6537;TECNOLOGIA EN TELECOMUNICACIONES;2017;2;824
9466;TECNOLOGIA EN MANTENIMIENTO DE EQUIPO BIOMEDICO;2017;2;314
11085;TECNOLOGIA EN ELECTRONICA;2017;2;567
15600;TECNOLOGIA EN GESTION ADMINISTRATIVA;2017;2;3558
17720;TECNOLOGIA EN INFORMATICA MUSICAL;2017;2;307
52129;INGENIERIA ELECTR¿NICA;2017;2;219
52130;INGENIERIA ELECTROMECÁNICA;2017;2;430
52131;INGENIERIA DE PRODUCCIÓN;2017;2;539
52204;INGENIERIA FINANCIERA Y DE NEGOCIOS;2017;2;761
52205;INGENIERIA DE SISTEMAS;2017;2;541
52272;INGENIERIA EN DISEÑO INDUSTRIAL;2017;2;15
52299;INGENIER¿A DE TELECOMUNICACIONES;2017;2;380
53340;INGENIERÍA BIOMÉDICA;2017;2;1811
53798;MAESTRÍA EN GESTIÓN ENERGÉTICA INDUSTRIAL;2017;2;27
53799;TECNOLOGIA EN CONSTRUCCION DE ACABADOS ARQUITECTONICOS;2017;2;493
53800;TECNOLOGIA EN CALIDAD;2017;2;612
53801;TECNOLOGIA EN SISTEMAS DE INFORMACION;2017;2;2251
53802;TECNOLOGIA EN PRODUCCIÓN;2017;2;1348
53803;TECNOLOGIA EN ANALISIS DE COSTOS Y PRESUPUESTOS;2017;2;2559
53806;TECNOLOG¿A EN DISE¿O INDUSTRIAL;2017;2;641
53892;MAESTRÍA EN AUTOMATIZACIÓN Y CONTROL INDUSTRIAL;2017;2;40
55018;ESPECIALIZACIÓN EN FINANZAS;2017;2;54
55019;ESPECIALIZACIÓN EN FORMULACIÓN Y EVALUACIÓN DE PROYECTOS;2017;2;151
55072;ADMINISTRACIÓN TECNÓLOGICA;2017;2;1372
55105;FÍSICA;2017;2;10
90355;ARTES VISUALES;2017;2;373
90442;INGENIERÍA MECATRÓNICA;2017;2;1497
101804;MAESTRÍA EN ESTUDIOS DE CIENCIA, TECNOLOGÍA, SOCIEDAD E INNOVACIÓN;2017;2;22
101977;MAESTRÍA EN GESTIÓN DE LA INNOVACIÓN TECNOLÓGICA, COOPERACIÓN Y DESARROLLO REGIONAL;2017;2;45
102977;MAESTRÍA EN DESARROLLO SOSTENIBLE;2017;2;38
103841;MAESTRIA EN SEGURIDAD INFORMÁTICA;2017;2;41
103928;INGENIERÍA EN DISEÑO INDUSTRIAL;2017;2;569
104318;MAESTRÍA EN INGENIERÍA BIOMÉDICA;2017;2;16
104332;QUÍMICA INDUSTRIAL;2017;2;182
104682;ARTES DE LA GRABACION Y PRODUCCION MUSICAL;2017;2;178
104740;MAESTRÍA EN ARTES DIGITALES;2017;2;24
104905;MAESTRÍA EN CIENCIAS: INNOVACION EN EDUCACIÓN;2017;2;115
105852;CONTADURÍA PÚBLICA;2017;2;277
106188;INGENIER¿A DE LA CALIDAD;2017;2;62
106314;CINE;2017;2;48
2114;TECNOLOGIA EN ELECTROMECANICA;2018;2;809
6537;TECNOLOGIA EN TELECOMUNICACIONES;2018;2;599
9466;TECNOLOGIA EN MANTENIMIENTO DE EQUIPO BIOMEDICO;2018;2;474
11085;TECNOLOGIA EN ELECTRONICA;2018;2;441
15600;TECNOLOGIA EN GESTION ADMINISTRATIVA;2018;2;3533
17720;TECNOLOGIA EN INFORMATICA MUSICAL;2018;2;323
52129;INGENIERIA ELECTRÓNICA;2018;2;220
52130;INGENIERIA ELECTROMECÁNICA;2018;2;391
52131;INGENIERIA DE PRODUCCIÓN;2018;2;507
52204;INGENIERIA FINANCIERA Y DE NEGOCIOS;2018;2;798
52205;INGENIERIA DE SISTEMAS;2018;2;553
52272;INGENIERIA EN DISEÑO INDUSTRIAL;2018;2;2
52299;INGENIERÍA DE TELECOMUNICACIONES;2018;2;359
53340;INGENIERÍA BIOMÉDICA;2018;2;1699
53798;MAESTRÍA EN GESTIÓN ENERGÉTICA INDUSTRIAL;2018;2;22
53799;TECNOLOGIA EN CONSTRUCCION DE ACABADOS ARQUITECTONICOS;2018;2;461
53800;TECNOLOGIA EN CALIDAD;2018;2;673
53801;TECNOLOGIA EN SISTEMAS DE INFORMACION;2018;2;1820
53802;TECNOLOGIA EN PRODUCCIÓN;2018;2;1242
53803;TECNOLOGIA EN ANALISIS DE COSTOS Y PRESUPUESTOS;2018;2;2479
53806;TECNOLOGÍA EN DISEÑO INDUSTRIAL;2018;2;586
53892;MAESTRÍA EN AUTOMATIZACIÓN Y CONTROL INDUSTRIAL;2018;2;34
55018;ESPECIALIZACIÓN EN FINANZAS;2018;2;43
55019;ESPECIALIZACIÓN EN FORMULACIÓN Y EVALUACIÓN DE PROYECTOS;2018;2;110
55072;ADMINISTRACIÓN TECNÓLOGICA;2018;2;1400
55105;FÍSICA;2018;2;5
90355;ARTES VISUALES;2018;2;351
90442;INGENIERÍA MECATRÓNICA;2018;2;1528
101804;MAESTRÍA EN ESTUDIOS DE CIENCIA, TECNOLOGÍA, SOCIEDAD E INNOVACIÓN;2018;2;16
101977;MAESTRÍA EN GESTIÓN DE LA INNOVACIÓN TECNOLÓGICA, COOPERACIÓN Y DESARROLLO REGIONAL;2018;2;47
102977;MAESTRÍA EN DESARROLLO SOSTENIBLE;2018;2;46
103841;MAESTRIA EN SEGURIDAD INFORMÁTICA;2018;2;40
103928;INGENIERÍA EN DISEÑO INDUSTRIAL;2018;2;607
104318;MAESTRÍA EN INGENIERÍA BIOMÉDICA;2018;2;18
104332;QUÍMICA INDUSTRIAL;2018;2;254
104682;ARTES DE LA GRABACION Y PRODUCCION MUSICAL;2018;2;260
104740;MAESTRÍA EN ARTES DIGITALES;2018;2;19
104905;MAESTRÍA EN CIENCIAS: INNOVACION EN EDUCACIÓN;2018;2;57
105852;CONTADURÍA PÚBLICA;2018;2;499
106188;INGENIERÍA DE LA CALIDAD;2018;2;160
106314;CINE;2018;2;146
106505;MAESTRÍA EN METROLOGÍA;2018;2;7
106584;MAESTRÍA EN GESTIÓN DE ORGANIZACIONES;2018;2;11
106810;TECNOLOGIA EN SISTEMAS ELECTROMECANICOS;2018;2;119
107004;TECNOLOGIA EN AUTOMATIZACIÓN ELECTRONICA;2018;2;172
2114;TECNOLOGIA EN ELECTROMECANICA;2019;2;503
6537;TECNOLOGIA EN TELECOMUNICACIONES;2019;2;310
9466;TECNOLOGIA EN MANTENIMIENTO DE EQUIPO BIOMEDICO;2019;2;482
11085;TECNOLOGIA EN ELECTRONICA;2019;2;265
15600;TECNOLOGIA EN GESTION ADMINISTRATIVA;2019;2;3302
17720;TECNOLOGIA EN INFORMATICA MUSICAL;2019;2;327
52129;INGENIERIA ELECTRÓNICA;2019;2;203
52130;INGENIERIA ELECTROMECÁNICA;2019;2;357
52131;INGENIERIA DE PRODUCCIÓN;2019;2;528
52204;INGENIERIA FINANCIERA Y DE NEGOCIOS;2019;2;589
52205;INGENIERIA DE SISTEMAS;2019;2;515
52272;INGENIERIA EN DISEÑO INDUSTRIAL;2019;2;1
52299;INGENIERÍA DE TELECOMUNICACIONES;2019;2;304
53340;INGENIERÍA BIOMÉDICA;2019;2;1551
53798;MAESTRÍA EN GESTIÓN ENERGÉTICA INDUSTRIAL;2019;2;15
53799;TECNOLOGIA EN CONSTRUCCION DE ACABADOS ARQUITECTONICOS;2019;2;490
53800;TECNOLOGIA EN CALIDAD;2019;2;611
53801;TECNOLOGIA EN SISTEMAS DE INFORMACION;2019;2;1193
53802;TECNOLOGIA EN PRODUCCIÓN;2019;2;754
53803;TECNOLOGIA EN ANALISIS DE COSTOS Y PRESUPUESTOS;2019;2;2205
53806;TECNOLOGÍA EN DISEÑO INDUSTRIAL;2019;2;562
53892;MAESTRÍA EN AUTOMATIZACIÓN Y CONTROL INDUSTRIAL;2019;2;30
55018;ESPECIALIZACIÓN EN FINANZAS;2019;2;48
55019;ESPECIALIZACIÓN EN FORMULACIÓN Y EVALUACIÓN DE PROYECTOS;2019;2;134
55072;ADMINISTRACIÓN TECNÓLOGICA;2019;2;1355
55105;FÍSICA;2019;2;4
90355;ARTES VISUALES;2019;2;331
90442;INGENIERÍA MECATRÓNICA;2019;2;1536
101804;MAESTRÍA EN ESTUDIOS DE CIENCIA, TECNOLOGÍA, SOCIEDAD E INNOVACIÓN;2019;2;20
101977;MAESTRÍA EN GESTIÓN DE LA INNOVACIÓN TECNOLÓGICA, COOPERACIÓN Y DESARROLLO REGIONAL;2019;2;35
102977;MAESTRÍA EN DESARROLLO SOSTENIBLE;2019;2;29
103841;MAESTRIA EN SEGURIDAD INFORMÁTICA;2019;2;38
103928;INGENIERÍA EN DISEÑO INDUSTRIAL;2019;2;669
104318;MAESTRÍA EN INGENIERÍA BIOMÉDICA;2019;2;11
104332;QUÍMICA INDUSTRIAL;2019;2;308
104682;ARTES DE LA GRABACION Y PRODUCCION MUSICAL;2019;2;284
104740;MAESTRÍA EN ARTES DIGITALES;2019;2;16
104905;MAESTRÍA EN CIENCIAS: INNOVACION EN EDUCACIÓN;2019;2;41
105852;CONTADURÍA PÚBLICA;2019;2;784
106188;INGENIERÍA DE LA CALIDAD;2019;2;258
106314;CINE;2019;2;213
106505;MAESTRÍA EN METROLOGÍA;2019;2;5
106584;MAESTRÍA EN GESTIÓN DE ORGANIZACIONES;2019;2;36
106810;TECNOLOGIA EN SISTEMAS ELECTROMECANICOS;2019;2;270
106973;DOCTORADO EN INGENIERÍA;2019;2;6
107004;TECNOLOGIA EN AUTOMATIZACIÓN ELECTRONICA;2019;2;217
107381;TECNOLOGÍA EN GESTIÓN DE REDES DE  TELECOMUNICACIONES;2019;2;186
107390;INGENIERIA FINANCIERA;2019;2;246
107391;CIENCIAS AMBIENTALES;2019;2;97
107534;TECNOLOGIA EN SISTEMAS DE PRODUCCIÓN;2019;2;218
107535;TECNOLOGIA EN DESARROLLO DE SOFTWARE;2019;2;396
107695;ESPECIALIZACIÓN EN GESTIÓN DE SISTEMAS ENERGÉTICOS INDUSTRIALES;2019;2;9
107696;TECNOLOGÍA EN GESTIÓN ADMINISTRATIVA;2019;2;100
2114;TECNOLOGIA EN ELECTROMECANICA;2020;2;308
6537;TECNOLOGIA EN TELECOMUNICACIONES;2020;2;184
9466;TECNOLOGIA EN MANTENIMIENTO DE EQUIPO BIOMEDICO;2020;2;608
11085;TECNOLOGIA EN ELECTRONICA;2020;2;158
15600;TECNOLOGIA EN GESTION ADMINISTRATIVA;2020;2;3614
17720;TECNOLOGIA EN INFORMATICA MUSICAL;2020;2;393
52129;INGENIERIA ELECTRÓNICA;2020;2;219
52130;INGENIERIA ELECTROMECÁNICA;2020;2;341
52131;INGENIERIA DE PRODUCCIÓN;2020;2;518
52204;INGENIERIA FINANCIERA Y DE NEGOCIOS;2020;2;372
52205;INGENIERIA DE SISTEMAS;2020;2;521
52299;INGENIERÍA DE TELECOMUNICACIONES;2020;2;299
53340;INGENIERÍA BIOMÉDICA;2020;2;1575
53798;MAESTRÍA EN GESTIÓN ENERGÉTICA INDUSTRIAL;2020;2;17
53799;TECNOLOGIA EN CONSTRUCCION DE ACABADOS ARQUITECTONICOS;2020;2;584
53800;TECNOLOGIA EN CALIDAD;2020;2;404
53801;TECNOLOGIA EN SISTEMAS DE INFORMACION;2020;2;868
53802;TECNOLOGIA EN PRODUCCIÓN;2020;2;530
53803;TECNOLOGIA EN ANALISIS DE COSTOS Y PRESUPUESTOS;2020;2;2145
53806;TECNOLOGÍA EN DISEÑO INDUSTRIAL;2020;2;560
53892;MAESTRÍA EN AUTOMATIZACIÓN Y CONTROL INDUSTRIAL;2020;2;32
55018;ESPECIALIZACIÓN EN FINANZAS;2020;2;42
55019;ESPECIALIZACIÓN EN FORMULACIÓN Y EVALUACIÓN DE PROYECTOS;2020;2;115
55072;ADMINISTRACIÓN TECNÓLOGICA;2020;2;1406
55105;FÍSICA;2020;2;3
90355;ARTES VISUALES;2020;2;339
90442;INGENIERÍA MECATRÓNICA;2020;2;1590
101804;MAESTRÍA EN ESTUDIOS DE CIENCIA, TECNOLOGÍA, SOCIEDAD E INNOVACIÓN;2020;2;19
101977;MAESTRÍA EN GESTIÓN DE LA INNOVACIÓN TECNOLÓGICA, COOPERACIÓN Y DESARROLLO REGIONAL;2020;2;35
102977;MAESTRÍA EN DESARROLLO SOSTENIBLE;2020;2;34
103841;MAESTRIA EN SEGURIDAD INFORMÁTICA;2020;2;41
103928;INGENIERÍA EN DISEÑO INDUSTRIAL;2020;2;750
104318;MAESTRÍA EN INGENIERÍA BIOMÉDICA;2020;2;19
104332;QUÍMICA INDUSTRIAL;2020;2;376
104682;ARTES DE LA GRABACION Y PRODUCCION MUSICAL;2020;2;356
104740;MAESTRÍA EN ARTES DIGITALES;2020;2;25
104905;MAESTRÍA EN CIENCIAS: INNOVACION EN EDUCACIÓN;2020;2;43
105852;CONTADURÍA PÚBLICA;2020;2;1112
106188;INGENIERÍA DE LA CALIDAD;2020;2;324
106314;CINE;2020;2;285
106505;MAESTRÍA EN METROLOGÍA;2020;2;8
106584;MAESTRÍA EN GESTIÓN DE ORGANIZACIONES;2020;2;46
106810;TECNOLOGIA EN SISTEMAS ELECTROMECANICOS;2020;2;447
106973;DOCTORADO EN INGENIERÍA;2020;2;10
107004;TECNOLOGIA EN AUTOMATIZACIÓN ELECTRONICA;2020;2;339
107381;TECNOLOGÍA EN GESTIÓN DE REDES DE  TELECOMUNICACIONES;2020;2;374
107390;INGENIERIA FINANCIERA;2020;2;539
107391;CIENCIAS AMBIENTALES;2020;2;198
107423;MAESTRÍA EN ESTUDIOS DE CIENCIA, TECNOLOGÍA, SOCIEDAD E INNOVACIÓN;2020;2;6
107534;TECNOLOGIA EN SISTEMAS DE PRODUCCIÓN;2020;2;323
107535;TECNOLOGIA EN DESARROLLO DE SOFTWARE;2020;2;1071
107695;ESPECIALIZACIÓN EN GESTIÓN DE SISTEMAS ENERGÉTICOS INDUSTRIALES;2020;2;16
107696;TECNOLOGÍA EN GESTIÓN ADMINISTRATIVA;2020;2;273
107943;TECNOLOGÍA EN ANÁLISIS DE COSTOS Y PRESUPUESTOS;2020;2;129
108394;TECNOLOGÍA EN DISEÑO Y PROGRAMACIÓN DE SOLUCIONES DE SOFTWARE COMO SERVICIO;2020;2;18
108639;TECNOLOGÍA EN DESARROLLO DE APLICACIONES PARA DISPOSITIVOS MÓVILES;2020;2;21
108789;TECNOLOGIA EN CONTROL DE LA CALIDAD;2020;2;300
1518;TECNOLOGIA EN DISEÑO INDUSTRIAL;2021;2;1
2114;TECNOLOGIA EN ELECTROMECANICA;2021;2;168
4750;TECNOLOGIA EN ANALISIS DE COSTOS Y PRESUPUESTOS;2021;2;8
6536;TECNOLOGIA EN PRODUCCION;2021;2;3
6537;TECNOLOGIA EN TELECOMUNICACIONES;2021;2;110
8483;TECNOLOGIA EN CALIDAD;2021;2;3
8485;TECNOLOGIA EN SISTEMAS DE INFORMACION;2021;2;2
9466;TECNOLOGIA EN MANTENIMIENTO DE EQUIPO BIOMEDICO;2021;2;671
11085;TECNOLOGIA EN ELECTRONICA;2021;2;99
15600;TECNOLOGIA EN GESTION ADMINISTRATIVA;2021;2;3559
17720;TECNOLOGIA EN INFORMATICA MUSICAL;2021;2;370
52129;INGENIERIA ELECTRÓNICA;2021;2;210
52130;INGENIERIA ELECTROMECÁNICA;2021;2;375
52131;INGENIERIA DE PRODUCCIÓN;2021;2;530
52204;INGENIERIA FINANCIERA Y DE NEGOCIOS;2021;2;161
52205;INGENIERIA DE SISTEMAS;2021;2;514
52299;INGENIERÍA DE TELECOMUNICACIONES;2021;2;274
53340;INGENIERÍA BIOMÉDICA;2021;2;1487
53798;MAESTRÍA EN GESTIÓN ENERGÉTICA INDUSTRIAL;2021;2;14
53799;TECNOLOGIA EN CONSTRUCCION DE ACABADOS ARQUITECTONICOS;2021;2;608
53800;TECNOLOGIA EN CALIDAD;2021;2;308
53801;TECNOLOGIA EN SISTEMAS DE INFORMACION;2021;2;486
53802;TECNOLOGIA EN PRODUCCIÓN;2021;2;340
53803;TECNOLOGIA EN ANALISIS DE COSTOS Y PRESUPUESTOS;2021;2;2113
53806;TECNOLOGÍA EN DISEÑO INDUSTRIAL;2021;2;468
53892;MAESTRÍA EN AUTOMATIZACIÓN Y CONTROL INDUSTRIAL;2021;2;34
55018;ESPECIALIZACIÓN EN FINANZAS;2021;2;52
55019;ESPECIALIZACIÓN EN FORMULACIÓN Y EVALUACIÓN DE PROYECTOS;2021;2;147
55072;ADMINISTRACIÓN TECNÓLOGICA;2021;2;1684
55105;FÍSICA;2021;2;2
90355;ARTES VISUALES;2021;2;354
90442;INGENIERÍA MECATRÓNICA;2021;2;1645
101804;MAESTRÍA EN ESTUDIOS DE CIENCIA, TECNOLOGÍA, SOCIEDAD E INNOVACIÓN;2021;2;11
101977;MAESTRÍA EN GESTIÓN DE LA INNOVACIÓN TECNOLÓGICA, COOPERACIÓN Y DESARROLLO REGIONAL;2021;2;27
102977;MAESTRÍA EN DESARROLLO SOSTENIBLE;2021;2;26
103841;MAESTRIA EN SEGURIDAD INFORMÁTICA;2021;2;39
103928;INGENIERÍA EN DISEÑO INDUSTRIAL;2021;2;720
104318;MAESTRÍA EN INGENIERÍA BIOMÉDICA;2021;2;21
104332;QUÍMICA INDUSTRIAL;2021;2;430
104682;ARTES DE LA GRABACION Y PRODUCCION MUSICAL;2021;2;396
104740;MAESTRÍA EN ARTES DIGITALES;2021;2;23
104905;MAESTRÍA EN CIENCIAS: INNOVACION EN EDUCACIÓN;2021;2;37
105852;CONTADURÍA PÚBLICA;2021;2;1390
106188;INGENIERÍA DE LA CALIDAD;2021;2;404
106314;CINE;2021;2;325
106505;MAESTRÍA EN METROLOGÍA;2021;2;6
106584;MAESTRÍA EN GESTIÓN DE ORGANIZACIONES;2021;2;39
106810;TECNOLOGIA EN SISTEMAS ELECTROMECANICOS;2021;2;571
106973;DOCTORADO EN INGENIERÍA;2021;2;18
107004;TECNOLOGIA EN AUTOMATIZACIÓN ELECTRONICA;2021;2;386
107381;TECNOLOGÍA EN GESTIÓN DE REDES DE  TELECOMUNICACIONES;2021;2;466
107390;INGENIERIA FINANCIERA;2021;2;719
107391;CIENCIAS AMBIENTALES;2021;2;286
107423;MAESTRÍA EN ESTUDIOS DE CIENCIA, TECNOLOGÍA, SOCIEDAD E INNOVACIÓN;2021;2;14
107534;TECNOLOGIA EN SISTEMAS DE PRODUCCIÓN;2021;2;427
107535;TECNOLOGIA EN DESARROLLO DE SOFTWARE;2021;2;1627
107695;ESPECIALIZACIÓN EN GESTIÓN DE SISTEMAS ENERGÉTICOS INDUSTRIALES;2021;2;16
107696;TECNOLOGÍA EN GESTIÓN ADMINISTRATIVA;2021;2;350
107943;TECNOLOGÍA EN ANÁLISIS DE COSTOS Y PRESUPUESTOS;2021;2;158
108394;TECNOLOGÍA EN DISEÑO Y PROGRAMACIÓN DE SOLUCIONES DE SOFTWARE COMO SERVICIO;2021;2;119
108639;TECNOLOGÍA EN DESARROLLO DE APLICACIONES PARA DISPOSITIVOS MÓVILES;2021;2;72
108789;TECNOLOGIA EN CONTROL DE LA CALIDAD;2021;2;335
109927;INTERPRETACIÓN Y TRADUCCIÓN LENGUA DE SEÑAS COLOMBIANA - ESPAÑOL;2021;2;25
55072;ADMINISTRACION TECNOLOGICA;2023;2;1450
4750;TECNOLOGIA EN ANALISIS DE COSTOS Y PRESUPUESTOS;2023;2;1875
104682;ARTES DE LA GRABACION Y PRODUCCION MUSICAL;2023;2;423
90355;ARTES VISUALES;2023;2;368
107004;TECNOLOGIA EN AUTOMATIZACION ELECTRONICA;2023;2;488
53800;TECNOLOGIA EN CALIDAD;2023;2;84
107391;CIENCIAS AMBIENTALES;2023;2;423
106314;CINE;2023;2;368
4277;TECNOLOGIA EN CONSTRUCCION DE ACABADOS ARQUITECTONICOS;2023;2;395
105852;CONTADURIA PUBLICA;2023;2;1662
108789;TECNOLOGIA EN CONTROL DE LA CALIDAD;2023;2;377
108639;TECNOLOGIA EN DESARROLLO DE APLICACIONES PARA DISPOSITIVOS MOVILES;2023;2;135
107535;TECNOLOGIA EN DESARROLLO DE SOFTWARE;2023;2;2768
1518;TECNOLOGIA EN DISEÑO INDUSTRIAL;2023;2;340
108394;TECNOLOGIA EN DISEÑO Y PROGRAMACION DE SOLUCIONES DE SOFTWARE COMO SERVICIO;2023;2;326
106973;DOCTORADO EN INGENIERIA;2023;2;20
2114;TECNOLOGIA EN ELECTROMECANICA;2023;2;32
11085;TECNOLOGIA EN ELECTRONICA;2023;2;17
110901;ESPECIALIZACION EN CIBERSEGURIDAD;2023;2;76
55018;ESPECIALIZACION EN FINANZAS;2023;2;77
55019;ESPECIALIZACION EN FORMULACION Y EVALUACION DE PROYECTOS;2023;2;129
107695;ESPECIALIZACION EN GESTION DE SISTEMAS ENERGETICOS INDUSTRIALES;2023;2;12
110940;ESPECIALIZACION EN GESTION DEL MANTENIMIENTO INDUSTRIAL;2023;2;92
111033;ESPECIALIZACION EN INGENIERIA DE SOFTWARE;2023;2;63
55105;FISICA;2023;2;2
15600;TECNOLOGIA EN GESTION ADMINISTRATIVA;2023;2;3201
111337;TECNOLOGIA EN GESTION COMERCIAL;2023;2;10
107381;TECNOLOGIA EN GESTION DE REDES DE  TELECOMUNICACIONES;2023;2;484
17720;TECNOLOGIA EN INFORMATICA MUSICAL;2023;2;333
53340;INGENIERIA BIOMEDICA;2023;2;1321
106188;INGENIERIA DE LA CALIDAD;2023;2;459
52131;INGENIERIA DE PRODUCCION;2023;2;354
52205;INGENIERIA DE SISTEMAS;2023;2;428
52299;INGENIERIA DE TELECOMUNICACIONES;2023;2;120
52130;INGENIERIA ELECTROMECANICA;2023;2;251
52129;INGENIERIA ELECTRONICA;2023;2;149
52272;INGENIERIA EN DISEÑO INDUSTRIAL;2023;2;715
107390;INGENIERIA FINANCIERA;2023;2;574
52204;INGENIERIA FINANCIERA Y DE NEGOCIOS;2023;2;21
90442;INGENIERIA MECATRONICA;2023;2;1581
109927;INTERPRETACION Y TRADUCCION LENGUA DE SEÑAS COLOMBIANA - ESPAÑOL;2023;2;112
104740;MAESTRIA EN ARTES DIGITALES;2023;2;16
53892;MAESTRIA EN AUTOMATIZACION Y CONTROL INDUSTRIAL;2023;2;35
104905;MAESTRIA EN CIENCIAS: INNOVACION EN EDUCACION;2023;2;15
102977;MAESTRIA EN DESARROLLO SOSTENIBLE;2023;2;20
101804;MAESTRIA EN ESTUDIOS DE CIENCIA, TECNOLOGIA, SOCIEDAD E INNOVACION;2023;2;32
101977;MAESTRIA EN GESTION DE LA INNOVACION TECNOLOGICA, COOPERACION Y DESARROLLO REGIONAL;2023;2;19
106584;MAESTRIA EN GESTION DE ORGANIZACIONES;2023;2;25
53798;MAESTRIA EN GESTION ENERGETICA INDUSTRIAL;2023;2;16
104318;MAESTRIA EN INGENIERIA BIOMEDICA;2023;2;12
106505;MAESTRIA EN METROLOGIA;2023;2;10
103841;MAESTRIA EN SEGURIDAD INFORMATICA;2023;2;45
9466;TECNOLOGIA EN MANTENIMIENTO DE EQUIPO BIOMEDICO;2023;2;438
6536;TECNOLOGIA EN PRODUCCION;2023;2;66
104332;QUIMICA INDUSTRIAL;2023;2;472
8485;TECNOLOGIA EN SISTEMAS DE INFORMACION;2023;2;122
107534;TECNOLOGIA EN SISTEMAS DE PRODUCCION;2023;2;389
106810;TECNOLOGIA EN SISTEMAS ELECTROMECANICOS;2023;2;588
6537;TECNOLOGIA EN TELECOMUNICACIONES;2023;2;36
1518;TECNOLOGIA EN DISEÑO INDUSTRIAL;2022;2;2
2114;TECNOLOGIA EN ELECTROMECANICA;2022;2;80
4750;TECNOLOGIA EN ANALISIS DE COSTOS Y PRESUPUESTOS;2022;2;1
6536;TECNOLOGIA EN PRODUCCION;2022;2;2
6537;TECNOLOGIA EN TELECOMUNICACIONES;2022;2;60
8483;TECNOLOGIA EN CALIDAD;2022;2;2
9466;TECNOLOGIA EN MANTENIMIENTO DE EQUIPO BIOMEDICO;2022;2;549
11085;TECNOLOGIA EN ELECTRONICA;2022;2;44
15600;TECNOLOGIA EN GESTION ADMINISTRATIVA;2022;2;2753
17720;TECNOLOGIA EN INFORMATICA MUSICAL;2022;2;309
52129;INGENIERIA ELECTRÓNICA;2022;2;160
52130;INGENIERIA ELECTROMECÁNICA;2022;2;299
52131;INGENIERIA DE PRODUCCIÓN;2022;2;434
52204;INGENIERIA FINANCIERA Y DE NEGOCIOS;2022;2;50
52205;INGENIERIA DE SISTEMAS;2022;2;474
52299;INGENIERÍA DE TELECOMUNICACIONES;2022;2;187
53340;INGENIERÍA BIOMÉDICA;2022;2;1336
53798;MAESTRÍA EN GESTIÓN ENERGÉTICA INDUSTRIAL;2022;2;17
53799;TECNOLOGIA EN CONSTRUCCION DE ACABADOS ARQUITECTONICOS;2022;2;462
53800;TECNOLOGIA EN CALIDAD;2022;2;183
53801;TECNOLOGIA EN SISTEMAS DE INFORMACION;2022;2;265
53802;TECNOLOGIA EN PRODUCCIÓN;2022;2;161
53803;TECNOLOGIA EN ANALISIS DE COSTOS Y PRESUPUESTOS;2022;2;1810
53806;TECNOLOGÍA EN DISEÑO INDUSTRIAL;2022;2;414
53892;MAESTRÍA EN AUTOMATIZACIÓN Y CONTROL INDUSTRIAL;2022;2;38
55018;ESPECIALIZACIÓN EN FINANZAS;2022;2;46
55019;ESPECIALIZACIÓN EN FORMULACIÓN Y EVALUACIÓN DE PROYECTOS;2022;2;124
55072;ADMINISTRACIÓN TECNÓLOGICA;2022;2;1753
55105;FÍSICA;2022;2;2
90355;ARTES VISUALES;2022;2;320
90442;INGENIERÍA MECATRÓNICA;2022;2;1632
101804;MAESTRÍA EN ESTUDIOS DE CIENCIA, TECNOLOGÍA, SOCIEDAD E INNOVACIÓN;2022;2;6
101977;MAESTRÍA EN GESTIÓN DE LA INNOVACIÓN TECNOLÓGICA, COOPERACIÓN Y DESARROLLO REGIONAL;2022;2;21
102977;MAESTRÍA EN DESARROLLO SOSTENIBLE;2022;2;19
103841;MAESTRIA EN SEGURIDAD INFORMÁTICA;2022;2;41
103928;INGENIERÍA EN DISEÑO INDUSTRIAL;2022;2;725
104318;MAESTRÍA EN INGENIERÍA BIOMÉDICA;2022;2;20
104332;QUÍMICA INDUSTRIAL;2022;2;452
104682;ARTES DE LA GRABACION Y PRODUCCION MUSICAL;2022;2;402
104740;MAESTRÍA EN ARTES DIGITALES;2022;2;20
104905;MAESTRÍA EN CIENCIAS: INNOVACION EN EDUCACIÓN;2022;2;25
105852;CONTADURÍA PÚBLICA;2022;2;1599
106188;INGENIERÍA DE LA CALIDAD;2022;2;448
106314;CINE;2022;2;345
106505;MAESTRÍA EN METROLOGÍA;2022;2;6
106584;MAESTRÍA EN GESTIÓN DE ORGANIZACIONES;2022;2;27
106810;TECNOLOGIA EN SISTEMAS ELECTROMECANICOS;2022;2;582
106973;DOCTORADO EN INGENIERÍA;2022;2;17
107004;TECNOLOGIA EN AUTOMATIZACIÓN ELECTRONICA;2022;2;443
107381;TECNOLOGÍA EN GESTIÓN DE REDES DE  TELECOMUNICACIONES;2022;2;496
107390;INGENIERIA FINANCIERA;2022;2;697
107391;CIENCIAS AMBIENTALES;2022;2;353
107423;MAESTRÍA EN ESTUDIOS DE CIENCIA, TECNOLOGÍA, SOCIEDAD E INNOVACIÓN;2022;2;16
107534;TECNOLOGIA EN SISTEMAS DE PRODUCCIÓN;2022;2;411
107535;TECNOLOGIA EN DESARROLLO DE SOFTWARE;2022;2;2132
107695;ESPECIALIZACIÓN EN GESTIÓN DE SISTEMAS ENERGÉTICOS INDUSTRIALES;2022;2;8
107696;TECNOLOGÍA EN GESTIÓN ADMINISTRATIVA;2022;2;635
107943;TECNOLOGÍA EN ANÁLISIS DE COSTOS Y PRESUPUESTOS;2022;2;260
108394;TECNOLOGÍA EN DISEÑO Y PROGRAMACIÓN DE SOLUCIONES DE SOFTWARE COMO SERVICIO;2022;2;148
108639;TECNOLOGÍA EN DESARROLLO DE APLICACIONES PARA DISPOSITIVOS MÓVILES;2022;2;75
108789;TECNOLOGIA EN CONTROL DE LA CALIDAD;2022;2;343
109927;INTERPRETACIÓN Y TRADUCCIÓN LENGUA DE SEÑAS COLOMBIANA - ESPAÑOL;2022;2;56
110901;ESPECIALIZACIÓN EN CIBERSEGURIDAD;2022;2;32
110902;ESPECIALIZACIÓN EN INGENIERÍA DE SOFTWARE;2022;2;19
110940;ESPECIALIZACIÓN EN GESTIÓN DEL MANTENIMIENTO INDUSTRIAL;2022;2;27
