CÓDIGO SNIES DEL PROGRAMA;PROGRAMA ACADÉMICO;AÑO;SEMESTRE;PRIMIPAROS
2114;TECNOLOGIA EN ELECTROMECANICA;2014;1;244
6537;TECNOLOGIA EN TELECOMUNICACIONES;2014;1;253
9466;TECNOLOGIA EN MANTENIMIENTO DE EQUIPO BIOMEDICO;2014;1;59
11085;TECNOLOGIA EN ELECTRONICA;2014;1;138
15600;TECNOLOGIA EN GESTION ADMINISTRATIVA;2014;1;534
17719;TECNOLOGIA EN ANALISIS DE COSTOS Y PRESUPUESTOS;2014;1;1
17720;TECNOLOGIA EN INFORMATICA MUSICAL;2014;1;80
52129;INGENIERIA ELECTRONICA;2014;1;46
52130;INGENIERIA ELECTROMECANICA;2014;1;97
52131;INGENIERIA DE PRODUCCION;2014;1;130
52204;INGENIERIA FINANCIERA Y DE NEGOCIOS;2014;1;108
52205;INGENIERIA DE SISTEMAS;2014;1;73
52272;INGENIERIA EN DISEÑO INDUSTRIAL;2014;1;49
52299;INGENIERIA DE TELECOMUNICACIONES;2014;1;54
53340;INGENIERIA BIOMEDICA;2014;1;306
53798;MAESTRIA EN GESTION ENERGETICA INDUSTRIAL;2014;1;1
53799;TECNOLOGIA EN CONSTRUCCION DE ACABADOS ARQUITECTONICOS;2014;1;110
53800;TECNOLOGIA EN CALIDAD;2014;1;218
53801;TECNOLOGIA EN SISTEMAS DE INFORMACION;2014;1;470
53802;TECNOLOGIA EN PRODUCCION;2014;1;356
53803;TECNOLOGIA EN ANALISIS DE COSTOS Y PRESUPUESTOS;2014;1;449
53806;TECNOLOGIA EN DISEÑO INDUSTRIAL;2014;1;221
53892;MAESTRIA EN AUTOMATIZACION Y CONTROL INDUSTRIAL;2014;1;3
55018;ESPECIALIZACION EN FINANZAS;2014;1;20
55019;ESPECIALIZACION EN FORMULACION Y EVALUACION DE PROYECTOS;2014;1;58
55072;ADMINISTRACION TECNOLOGICA;2014;1;174
90355;ARTES VISUALES;2014;1;37
90442;INGENIERIA MECATRONICA;2014;1;310
101804;MAESTRIA EN ESTUDIOS DE CIENCIA, TECNOLOGIA, SOCIEDAD E INNOVACION;2014;1;7
101977;MAESTRIA EN GESTION DE LA INNOVACION TECNOLOGICA, COOPERACION Y DESARROLLO REGIONAL;2014;1;14
2114;TECNOLOGIA EN ELECTROMECANICA;2015;1;220
6537;TECNOLOGIA EN TELECOMUNICACIONES;2015;1;226
9466;TECNOLOGIA EN MANTENIMIENTO DE EQUIPO BIOMEDICO;2015;1;53
11085;TECNOLOGIA EN ELECTRONICA;2015;1;149
15600;TECNOLOGIA EN GESTION ADMINISTRATIVA;2015;1;536
17720;TECNOLOGIA EN INFORMATICA MUSICAL;2015;1;79
52129;INGENIERIA ELECTRONICA;2015;1;44
52130;INGENIERIA ELECTROMECANICA;2015;1;70
52131;INGENIERIA DE PRODUCCION;2015;1;90
52204;INGENIERIA FINANCIERA Y DE NEGOCIOS;2015;1;114
52205;INGENIERIA DE SISTEMAS;2015;1;66
52299;INGENIERIA DE TELECOMUNICACIONES;2015;1;74
53340;INGENIERIA BIOMEDICA;2015;1;324
53798;MAESTRIA EN GESTION ENERGETICA INDUSTRIAL;2015;1;2
53799;TECNOLOGIA EN CONSTRUCCION DE ACABADOS ARQUITECTONICOS;2015;1;128
53800;TECNOLOGIA EN CALIDAD;2015;1;127
53801;TECNOLOGIA EN SISTEMAS DE INFORMACION;2015;1;441
53802;TECNOLOGIA EN PRODUCCION;2015;1;269
53803;TECNOLOGIA EN ANALISIS DE COSTOS Y PRESUPUESTOS;2015;1;534
53806;TECNOLOGIA EN DISEÑO INDUSTRIAL;2015;1;160
53892;MAESTRIA EN AUTOMATIZACION Y CONTROL INDUSTRIAL;2015;1;11
55018;ESPECIALIZACION EN FINANZAS;2015;1;16
55019;ESPECIALIZACION EN FORMULACION Y EVALUACION DE PROYECTOS;2015;1;81
55072;ADMINISTRACION TECNOLOGICA;2015;1;189
90355;ARTES VISUALES;2015;1;46
90442;INGENIERIA MECATRONICA;2015;1;293
101804;MAESTRIA EN ESTUDIOS DE CIENCIA, TECNOLOGIA, SOCIEDAD E INNOVACION;2015;1;9
101977;MAESTRIA EN GESTION DE LA INNOVACION TECNOLOGICA, COOPERACION Y DESARROLLO REGIONAL;2015;1;17
103841;MAESTRIA EN SEGURIDAD INFORMATICA;2015;1;10
103928;INGENIERIA EN DISEÑO INDUSTRIAL;2015;1;44
2114;TECNOLOGIA EN ELECTROMECANICA;2016;1;226
6537;TECNOLOGIA EN TELECOMUNICACIONES;2016;1;238
9466;TECNOLOGIA EN MANTENIMIENTO DE EQUIPO BIOMEDICO;2016;1;46
11085;TECNOLOGIA EN ELECTRONICA;2016;1;126
15600;TECNOLOGIA EN GESTION ADMINISTRATIVA;2016;1;566
17720;TECNOLOGIA EN INFORMATICA MUSICAL;2016;1;62
52129;INGENIERIA ELECTRÓNICA;2016;1;26
52130;INGENIERIA ELECTROMECÁNICA;2016;1;72
52131;INGENIERIA DE PRODUCCIÓN;2016;1;77
52204;INGENIERIA FINANCIERA Y DE NEGOCIOS;2016;1;107
52205;INGENIERIA DE SISTEMAS;2016;1;56
52299;INGENIERÍA DE TELECOMUNICACIONES;2016;1;51
53340;INGENIERÍA BIOMÉDICA;2016;1;280
53798;MAESTRÍA EN GESTIÓN ENERGÉTICA INDUSTRIAL;2016;1;7
53799;TECNOLOGIA EN CONSTRUCCION DE ACABADOS ARQUITECTONICOS;2016;1;78
53800;TECNOLOGIA EN CALIDAD;2016;1;144
53801;TECNOLOGIA EN SISTEMAS DE INFORMACION;2016;1;497
53802;TECNOLOGIA EN PRODUCCIÓN;2016;1;292
53803;TECNOLOGIA EN ANALISIS DE COSTOS Y PRESUPUESTOS;2016;1;479
53806;TECNOLOGÍA EN DISEÑO INDUSTRIAL;2016;1;108
53892;MAESTRÍA EN AUTOMATIZACIÓN Y CONTROL INDUSTRIAL;2016;1;12
55018;ESPECIALIZACIÓN EN FINANZAS;2016;1;17
55019;ESPECIALIZACIÓN EN FORMULACIÓN Y EVALUACIÓN DE PROYECTOS;2016;1;90
55072;ADMINISTRACIÓN TECNÓLOGICA;2016;1;233
90355;ARTES VISUALES;2016;1;48
90442;INGENIERÍA MECATRÓNICA;2016;1;315
101804;MAESTRÍA EN ESTUDIOS DE CIENCIA, TECNOLOGÍA, SOCIEDAD E INNOVACIÓN;2016;1;6
101977;MAESTRÍA EN GESTIÓN DE LA INNOVACIÓN TECNOLÓGICA, COOPERACIÓN Y DESARROLLO REGIONAL;2016;1;17
103841;MAESTRIA EN SEGURIDAD INFORMÁTICA;2016;1;14
103928;INGENIERÍA EN DISEÑO INDUSTRIAL;2016;1;132
104332;QUÍMICA INDUSTRIAL;2016;1;51
104682;ARTES DE LA GRABACION Y PRODUCCION MUSICAL;2016;1;76
104740;MAESTRÍA EN ARTES DIGITALES;2016;1;13
104905;MAESTRÍA EN CIENCIAS: INNOVACION EN EDUCACIÓN;2016;1;7
2114;TECNOLOGIA EN ELECTROMECANICA;2017;1;221
6537;TECNOLOGIA EN TELECOMUNICACIONES;2017;1;179
9466;TECNOLOGIA EN MANTENIMIENTO DE EQUIPO BIOMEDICO;2017;1;82
11085;TECNOLOGIA EN ELECTRONICA;2017;1;129
15600;TECNOLOGIA EN GESTION ADMINISTRATIVA;2017;1;572
17720;TECNOLOGIA EN INFORMATICA MUSICAL;2017;1;81
52129;INGENIERIA ELECTR¿NICA;2017;1;23
52130;INGENIERIA ELECTROMEC¿NICA;2017;1;48
52131;INGENIERIA DE PRODUCCIÓN;2017;1;103
52204;INGENIERIA FINANCIERA Y DE NEGOCIOS;2017;1;132
52205;INGENIERIA DE SISTEMAS;2017;1;61
52299;INGENIER¿A DE TELECOMUNICACIONES;2017;1;57
53340;INGENIERÍA BIOMÉDICA;2017;1;281
53798;MAESTRÍA EN GESTIÓN ENERGÉTICA INDUSTRIAL;2017;1;6
53799;TECNOLOGIA EN CONSTRUCCION DE ACABADOS ARQUITECTONICOS;2017;1;66
53800;TECNOLOGIA EN CALIDAD;2017;1;65
53801;TECNOLOGIA EN SISTEMAS DE INFORMACION;2017;1;519
53802;TECNOLOGIA EN PRODUCCIÓN;2017;1;234
53803;TECNOLOGIA EN ANALISIS DE COSTOS Y PRESUPUESTOS;2017;1;497
53806;TECNOLOG¿A EN DISE¿O INDUSTRIAL;2017;1;73
53892;MAESTRÍA EN AUTOMATIZACIÓN Y CONTROL INDUSTRIAL;2017;1;6
55018;ESPECIALIZACIÓN EN FINANZAS;2017;1;27
55019;ESPECIALIZACIÓN EN FORMULACIÓN Y EVALUACIÓN DE PROYECTOS;2017;1;68
55072;ADMINISTRACIÓN TECNÓLOGICA;2017;1;216
90355;ARTES VISUALES;2017;1;67
90442;INGENIERÍA MECATRÓNICA;2017;1;340
101804;MAESTRÍA EN ESTUDIOS DE CIENCIA, TECNOLOGÍA, SOCIEDAD E INNOVACIÓN;2017;1;7
101977;MAESTRÍA EN GESTIÓN DE LA INNOVACIÓN TECNOLÓGICA, COOPERACIÓN Y DESARROLLO REGIONAL;2017;1;8
103841;MAESTRIA EN SEGURIDAD INFORMÁTICA;2017;1;9
103928;INGENIERÍA EN DISEÑO INDUSTRIAL;2017;1;180
104332;QUÍMICA INDUSTRIAL;2017;1;73
104682;ARTES DE LA GRABACION Y PRODUCCION MUSICAL;2017;1;53
104905;MAESTRÍA EN CIENCIAS: INNOVACION EN EDUCACIÓN;2017;1;11
105852;CONTADURÍA PÚBLICA;2017;1;149
2114;TECNOLOGIA EN ELECTROMECANICA;2018;1;199
6537;TECNOLOGIA EN TELECOMUNICACIONES;2018;1;190
9466;TECNOLOGIA EN MANTENIMIENTO DE EQUIPO BIOMEDICO;2018;1;123
11085;TECNOLOGIA EN ELECTRONICA;2018;1;128
15600;TECNOLOGIA EN GESTION ADMINISTRATIVA;2018;1;613
17720;TECNOLOGIA EN INFORMATICA MUSICAL;2018;1;85
52129;INGENIERIA ELECTR¿NICA;2018;1;34
52130;INGENIERIA ELECTROMEC¿NICA;2018;1;50
52131;INGENIERIA DE PRODUCCI¿N;2018;1;69
52204;INGENIERIA FINANCIERA Y DE NEGOCIOS;2018;1;113
52205;INGENIERIA DE SISTEMAS;2018;1;77
52299;INGENIER¿A DE TELECOMUNICACIONES;2018;1;30
53340;INGENIERÍA BIOMÉDICA;2018;1;212
53798;MAESTRÍA EN GESTIÓN ENERGÉTICA INDUSTRIAL;2018;1;4
53799;TECNOLOGIA EN CONSTRUCCION DE ACABADOS ARQUITECTONICOS;2018;1;93
53800;TECNOLOGIA EN CALIDAD;2018;1;138
53801;TECNOLOGIA EN SISTEMAS DE INFORMACION;2018;1;478
53802;TECNOLOGIA EN PRODUCCIÓN;2018;1;227
53803;TECNOLOGIA EN ANALISIS DE COSTOS Y PRESUPUESTOS;2018;1;486
53806;TECNOLOGÍA EN DISEÑO INDUSTRIAL;2018;1;105
53892;MAESTRÍA EN AUTOMATIZACIÓN Y CONTROL INDUSTRIAL;2018;1;6
55018;ESPECIALIZACIÓN EN FINANZAS;2018;1;24
55019;ESPECIALIZACIÓN EN FORMULACIÓN Y EVALUACIÓN DE PROYECTOS;2018;1;52
55072;ADMINISTRACI¿N TECN¿LOGICA;2018;1;181
90355;ARTES VISUALES;2018;1;36
90442;INGENIERÍA MECATRÓNICA;2018;1;236
101977;MAESTRÍA EN GESTIÓN DE LA INNOVACIÓN TECNOLÓGICA, COOPERACIÓN Y DESARROLLO REGIONAL;2018;1;8
103928;INGENIERÍA EN DISEÑO INDUSTRIAL;2018;1;121
104332;QUÍMICA INDUSTRIAL;2018;1;68
104682;ARTES DE LA GRABACION Y PRODUCCION MUSICAL;2018;1;48
104740;MAESTRÍA EN ARTES DIGITALES;2018;1;6
104905;MAESTRÍA EN CIENCIAS: INNOVACION EN EDUCACIÓN;2018;1;8
105852;CONTADURÍA PÚBLICA;2018;1;150
106188;INGENIERÍA DE LA CALIDAD;2018;1;32
106314;CINE;2018;1;49
9466;TECNOLOGIA EN MANTENIMIENTO DE EQUIPO BIOMEDICO;2019;1;172
15600;TECNOLOGIA EN GESTION ADMINISTRATIVA;2019;1;637
17720;TECNOLOGIA EN INFORMATICA MUSICAL;2019;1;76
52129;INGENIERIA ELECTRÓNICA;2019;1;24
52130;INGENIERIA ELECTROMECÁNICA;2019;1;42
52131;INGENIERIA DE PRODUCCIÓN;2019;1;71
52205;INGENIERIA DE SISTEMAS;2019;1;65
52299;INGENIERÍA DE TELECOMUNICACIONES;2019;1;35
53340;INGENIERÍA BIOMÉDICA;2019;1;196
53798;MAESTRÍA EN GESTIÓN ENERGÉTICA INDUSTRIAL;2019;1;4
53799;TECNOLOGIA EN CONSTRUCCION DE ACABADOS ARQUITECTONICOS;2019;1;97
53800;TECNOLOGIA EN CALIDAD;2019;1;106
53803;TECNOLOGIA EN ANALISIS DE COSTOS Y PRESUPUESTOS;2019;1;404
53806;TECNOLOGÍA EN DISEÑO INDUSTRIAL;2019;1;93
53892;MAESTRÍA EN AUTOMATIZACIÓN Y CONTROL INDUSTRIAL;2019;1;7
55018;ESPECIALIZACIÓN EN FINANZAS;2019;1;17
55019;ESPECIALIZACIÓN EN FORMULACIÓN Y EVALUACIÓN DE PROYECTOS;2019;1;66
55072;ADMINISTRACIÓN TECNÓLOGICA;2019;1;225
90355;ARTES VISUALES;2019;1;34
90442;INGENIERÍA MECATRÓNICA;2019;1;315
101804;MAESTRÍA EN ESTUDIOS DE CIENCIA, TECNOLOGÍA, SOCIEDAD E INNOVACIÓN;2019;1;8
101977;MAESTRÍA EN GESTIÓN DE LA INNOVACIÓN TECNOLÓGICA, COOPERACIÓN Y DESARROLLO REGIONAL;2019;1;7
103841;MAESTRIA EN SEGURIDAD INFORMÁTICA;2019;1;11
103928;INGENIERÍA EN DISEÑO INDUSTRIAL;2019;1;146
104332;QUÍMICA INDUSTRIAL;2019;1;76
104682;ARTES DE LA GRABACION Y PRODUCCION MUSICAL;2019;1;36
104905;MAESTRÍA EN CIENCIAS: INNOVACION EN EDUCACIÓN;2019;1;19
105852;CONTADURÍA PÚBLICA;2019;1;203
106188;INGENIERÍA DE LA CALIDAD;2019;1;99
106314;CINE;2019;1;55
106505;MAESTRÍA EN METROLOGÍA;2019;1;6
106584;MAESTRÍA EN GESTIÓN DE ORGANIZACIONES;2019;1;14
106810;TECNOLOGIA EN SISTEMAS ELECTROMECANICOS;2019;1;151
106973;DOCTORADO EN INGENIERÍA;2019;1;5
107004;TECNOLOGIA EN AUTOMATIZACIÓN ELECTRONICA;2019;1;104
107381;TECNOLOGÍA EN GESTIÓN DE REDES DE  TELECOMUNICACIONES;2019;1;105
107390;INGENIERIA FINANCIERA;2019;1;135
107391;CIENCIAS AMBIENTALES;2019;1;62
107534;TECNOLOGIA EN SISTEMAS DE PRODUCCIÓN;2019;1;167
107535;TECNOLOGIA EN DESARROLLO DE SOFTWARE;2019;1;72
9466;TECNOLOGIA EN MANTENIMIENTO DE EQUIPO BIOMEDICO;2020;1;118
15600;TECNOLOGIA EN GESTION ADMINISTRATIVA;2020;1;490
17720;TECNOLOGIA EN INFORMATICA MUSICAL;2020;1;58
52129;INGENIERIA ELECTRÓNICA;2020;1;28
52130;INGENIERIA ELECTROMECÁNICA;2020;1;47
52131;INGENIERIA DE PRODUCCIÓN;2020;1;70
52205;INGENIERIA DE SISTEMAS;2020;1;71
52299;INGENIERÍA DE TELECOMUNICACIONES;2020;1;30
53340;INGENIERÍA BIOMÉDICA;2020;1;199
53798;MAESTRÍA EN GESTIÓN ENERGÉTICA INDUSTRIAL;2020;1;3
53799;TECNOLOGIA EN CONSTRUCCION DE ACABADOS ARQUITECTONICOS;2020;1;111
53803;TECNOLOGIA EN ANALISIS DE COSTOS Y PRESUPUESTOS;2020;1;364
53806;TECNOLOGÍA EN DISEÑO INDUSTRIAL;2020;1;107
53892;MAESTRÍA EN AUTOMATIZACIÓN Y CONTROL INDUSTRIAL;2020;1;7
55018;ESPECIALIZACIÓN EN FINANZAS;2020;1;23
55019;ESPECIALIZACIÓN EN FORMULACIÓN Y EVALUACIÓN DE PROYECTOS;2020;1;59
55072;ADMINISTRACIÓN TECNÓLOGICA;2020;1;198
90355;ARTES VISUALES;2020;1;42
90442;INGENIERÍA MECATRÓNICA;2020;1;267
101804;MAESTRÍA EN ESTUDIOS DE CIENCIA, TECNOLOGÍA, SOCIEDAD E INNOVACIÓN;2020;1;5
103841;MAESTRIA EN SEGURIDAD INFORMÁTICA;2020;1;9
103928;INGENIERÍA EN DISEÑO INDUSTRIAL;2020;1;140
104318;MAESTRÍA EN INGENIERÍA BIOMÉDICA;2020;1;5
104332;QUÍMICA INDUSTRIAL;2020;1;68
104682;ARTES DE LA GRABACION Y PRODUCCION MUSICAL;2020;1;51
104740;MAESTRÍA EN ARTES DIGITALES;2020;1;7
104905;MAESTRÍA EN CIENCIAS: INNOVACION EN EDUCACIÓN;2020;1;7
105852;CONTADURÍA PÚBLICA;2020;1;239
106188;INGENIERÍA DE LA CALIDAD;2020;1;84
106314;CINE;2020;1;40
106505;MAESTRÍA EN METROLOGÍA;2020;1;5
106584;MAESTRÍA EN GESTIÓN DE ORGANIZACIONES;2020;1;15
106810;TECNOLOGIA EN SISTEMAS ELECTROMECANICOS;2020;1;207
106973;DOCTORADO EN INGENIERÍA;2020;1;3
107004;TECNOLOGIA EN AUTOMATIZACIÓN ELECTRONICA;2020;1;135
107381;TECNOLOGÍA EN GESTIÓN DE REDES DE  TELECOMUNICACIONES;2020;1;122
107390;INGENIERIA FINANCIERA;2020;1;137
107391;CIENCIAS AMBIENTALES;2020;1;65
107534;TECNOLOGIA EN SISTEMAS DE PRODUCCIÓN;2020;1;100
107535;TECNOLOGIA EN DESARROLLO DE SOFTWARE;2020;1;361
107695;ESPECIALIZACIÓN EN GESTIÓN DE SISTEMAS ENERGÉTICOS INDUSTRIALES;2020;1;10
107696;TECNOLOGÍA EN GESTIÓN ADMINISTRATIVA;2020;1;94
107943;TECNOLOGÍA EN ANÁLISIS DE COSTOS Y PRESUPUESTOS;2020;1;46
108789;TECNOLOGIA EN CONTROL DE LA CALIDAD;2020;1;135
9466;TECNOLOGIA EN MANTENIMIENTO DE EQUIPO BIOMEDICO;2021;1;125
15600;TECNOLOGIA EN GESTION ADMINISTRATIVA;2021;1;589
17720;TECNOLOGIA EN INFORMATICA MUSICAL;2021;1;86
52129;INGENIERIA ELECTRÓNICA;2021;1;16
52130;INGENIERIA ELECTROMECÁNICA;2021;1;52
52131;INGENIERIA DE PRODUCCIÓN;2021;1;59
52205;INGENIERIA DE SISTEMAS;2021;1;84
52299;INGENIERÍA DE TELECOMUNICACIONES;2021;1;21
53340;INGENIERÍA BIOMÉDICA;2021;1;168
53798;MAESTRÍA EN GESTIÓN ENERGÉTICA INDUSTRIAL;2021;1;5
53799;TECNOLOGIA EN CONSTRUCCION DE ACABADOS ARQUITECTONICOS;2021;1;105
53803;TECNOLOGIA EN ANALISIS DE COSTOS Y PRESUPUESTOS;2021;1;284
53806;TECNOLOGÍA EN DISEÑO INDUSTRIAL;2021;1;104
53892;MAESTRÍA EN AUTOMATIZACIÓN Y CONTROL INDUSTRIAL;2021;1;15
55018;ESPECIALIZACIÓN EN FINANZAS;2021;1;29
55019;ESPECIALIZACIÓN EN FORMULACIÓN Y EVALUACIÓN DE PROYECTOS;2021;1;78
55072;ADMINISTRACIÓN TECNÓLOGICA;2021;1;255
90355;ARTES VISUALES;2021;1;46
90442;INGENIERÍA MECATRÓNICA;2021;1;213
101804;MAESTRÍA EN ESTUDIOS DE CIENCIA, TECNOLOGÍA, SOCIEDAD E INNOVACIÓN;2021;1;4
101977;MAESTRÍA EN GESTIÓN DE LA INNOVACIÓN TECNOLÓGICA, COOPERACIÓN Y DESARROLLO REGIONAL;2021;1;6
103841;MAESTRIA EN SEGURIDAD INFORMÁTICA;2021;1;8
103928;INGENIERÍA EN DISEÑO INDUSTRIAL;2021;1;89
104318;MAESTRÍA EN INGENIERÍA BIOMÉDICA;2021;1;5
104332;QUÍMICA INDUSTRIAL;2021;1;68
104682;ARTES DE LA GRABACION Y PRODUCCION MUSICAL;2021;1;62
104905;MAESTRÍA EN CIENCIAS: INNOVACION EN EDUCACIÓN;2021;1;5
105852;CONTADURÍA PÚBLICA;2021;1;244
106188;INGENIERÍA DE LA CALIDAD;2021;1;61
106314;CINE;2021;1;53
106584;MAESTRÍA EN GESTIÓN DE ORGANIZACIONES;2021;1;7
106810;TECNOLOGIA EN SISTEMAS ELECTROMECANICOS;2021;1;174
106973;DOCTORADO EN INGENIERÍA;2021;1;6
107004;TECNOLOGIA EN AUTOMATIZACIÓN ELECTRONICA;2021;1;112
107381;TECNOLOGÍA EN GESTIÓN DE REDES DE  TELECOMUNICACIONES;2021;1;190
107390;INGENIERIA FINANCIERA;2021;1;145
107391;CIENCIAS AMBIENTALES;2021;1;70
107534;TECNOLOGIA EN SISTEMAS DE PRODUCCIÓN;2021;1;175
107535;TECNOLOGIA EN DESARROLLO DE SOFTWARE;2021;1;522
107695;ESPECIALIZACIÓN EN GESTIÓN DE SISTEMAS ENERGÉTICOS INDUSTRIALES;2021;1;12
107696;TECNOLOGÍA EN GESTIÓN ADMINISTRATIVA;2021;1;181
107943;TECNOLOGÍA EN ANÁLISIS DE COSTOS Y PRESUPUESTOS;2021;1;70
108394;TECNOLOGÍA EN DISEÑO Y PROGRAMACIÓN DE SOLUCIONES DE SOFTWARE COMO SERVICIO;2021;1;37
108639;TECNOLOGÍA EN DESARROLLO DE APLICACIONES PARA DISPOSITIVOS MÓVILES;2021;1;29
108789;TECNOLOGIA EN CONTROL DE LA CALIDAD;2021;1;164
9466;TECNOLOGIA EN MANTENIMIENTO DE EQUIPO BIOMEDICO;2022;1;75
15600;TECNOLOGIA EN GESTION ADMINISTRATIVA;2022;1;349
17720;TECNOLOGIA EN INFORMATICA MUSICAL;2022;1;38
52129;INGENIERIA ELECTRÓNICA;2022;1;7
52130;INGENIERIA ELECTROMECÁNICA;2022;1;28
52131;INGENIERIA DE PRODUCCIÓN;2022;1;63
52205;INGENIERIA DE SISTEMAS;2022;1;64
52299;INGENIERÍA DE TELECOMUNICACIONES;2022;1;15
53340;INGENIERÍA BIOMÉDICA;2022;1;88
53798;MAESTRÍA EN GESTIÓN ENERGÉTICA INDUSTRIAL;2022;1;3
53799;TECNOLOGIA EN CONSTRUCCION DE ACABADOS ARQUITECTONICOS;2022;1;65
53803;TECNOLOGIA EN ANALISIS DE COSTOS Y PRESUPUESTOS;2022;1;259
53806;TECNOLOGÍA EN DISEÑO INDUSTRIAL;2022;1;45
53892;MAESTRÍA EN AUTOMATIZACIÓN Y CONTROL INDUSTRIAL;2022;1;10
55018;ESPECIALIZACIÓN EN FINANZAS;2022;1;20
55019;ESPECIALIZACIÓN EN FORMULACIÓN Y EVALUACIÓN DE PROYECTOS;2022;1;54
55072;ADMINISTRACIÓN TECNÓLOGICA;2022;1;285
90355;ARTES VISUALES;2022;1;37
90442;INGENIERÍA MECATRÓNICA;2022;1;302
101804;MAESTRÍA EN ESTUDIOS DE CIENCIA, TECNOLOGÍA, SOCIEDAD E INNOVACIÓN;2022;1;5
101977;MAESTRÍA EN GESTIÓN DE LA INNOVACIÓN TECNOLÓGICA, COOPERACIÓN Y DESARROLLO REGIONAL;2022;1;4
103841;MAESTRIA EN SEGURIDAD INFORMÁTICA;2022;1;13
103928;INGENIERÍA EN DISEÑO INDUSTRIAL;2022;1;116
104318;MAESTRÍA EN INGENIERÍA BIOMÉDICA;2022;1;2
104332;QUÍMICA INDUSTRIAL;2022;1;68
104682;ARTES DE LA GRABACION Y PRODUCCION MUSICAL;2022;1;39
104740;MAESTRÍA EN ARTES DIGITALES;2022;1;7
104905;MAESTRÍA EN CIENCIAS: INNOVACION EN EDUCACIÓN;2022;1;4
105852;CONTADURÍA PÚBLICA;2022;1;219
106188;INGENIERÍA DE LA CALIDAD;2022;1;89
106314;CINE;2022;1;30
106584;MAESTRÍA EN GESTIÓN DE ORGANIZACIONES;2022;1;7
106810;TECNOLOGIA EN SISTEMAS ELECTROMECANICOS;2022;1;161
106973;DOCTORADO EN INGENIERÍA;2022;1;3
107004;TECNOLOGIA EN AUTOMATIZACIÓN ELECTRONICA;2022;1;151
107381;TECNOLOGÍA EN GESTIÓN DE REDES DE  TELECOMUNICACIONES;2022;1;158
107390;INGENIERIA FINANCIERA;2022;1;125
107391;CIENCIAS AMBIENTALES;2022;1;64
107534;TECNOLOGIA EN SISTEMAS DE PRODUCCIÓN;2022;1;98
107535;TECNOLOGIA EN DESARROLLO DE SOFTWARE;2022;1;529
107695;ESPECIALIZACIÓN EN GESTIÓN DE SISTEMAS ENERGÉTICOS INDUSTRIALES;2022;1;4
107696;TECNOLOGÍA EN GESTIÓN ADMINISTRATIVA;2022;1;216
107943;TECNOLOGÍA EN ANÁLISIS DE COSTOS Y PRESUPUESTOS;2022;1;91
108394;TECNOLOGÍA EN DISEÑO Y PROGRAMACIÓN DE SOLUCIONES DE SOFTWARE COMO SERVICIO;2022;1;76
108639;TECNOLOGÍA EN DESARROLLO DE APLICACIONES PARA DISPOSITIVOS MÓVILES;2022;1;44
108789;TECNOLOGIA EN CONTROL DE LA CALIDAD;2022;1;60
109927;INTERPRETACIÓN Y TRADUCCIÓN LENGUA DE SEÑAS COLOMBIANA - ESPAÑOL;2022;1;30
55072;ADMINISTRACION TECNOLOGICA;2023;1;144
4750;TECNOLOGIA EN ANALISIS DE COSTOS Y PRESUPUESTOS;2023;1;489
104682;ARTES DE LA GRABACION Y PRODUCCION MUSICAL;2023;1;54
90355;ARTES VISUALES;2023;1;75
107004;TECNOLOGIA EN AUTOMATIZACION ELECTRONICA;2023;1;121
107391;CIENCIAS AMBIENTALES;2023;1;97
106314;CINE;2023;1;49
4277;TECNOLOGIA EN CONSTRUCCION DE ACABADOS ARQUITECTONICOS;2023;1;86
105852;CONTADURIA PUBLICA;2023;1;128
108789;TECNOLOGIA EN CONTROL DE LA CALIDAD;2023;1;70
108639;TECNOLOGIA EN DESARROLLO DE APLICACIONES PARA DISPOSITIVOS MOVILES;2023;1;83
107535;TECNOLOGIA EN DESARROLLO DE SOFTWARE;2023;1;567
1518;TECNOLOGIA EN DISEÑO INDUSTRIAL;2023;1;54
108394;TECNOLOGIA EN DISEÑO Y PROGRAMACION DE SOLUCIONES DE SOFTWARE COMO SERVICIO;2023;1;179
106973;DOCTORADO EN INGENIERIA;2023;1;1
110901;ESPECIALIZACION EN CIBERSEGURIDAD;2023;1;39
55018;ESPECIALIZACION EN FINANZAS;2023;1;45
55019;ESPECIALIZACION EN FORMULACION Y EVALUACION DE PROYECTOS;2023;1;69
107695;ESPECIALIZACION EN GESTION DE SISTEMAS ENERGETICOS INDUSTRIALES;2023;1;9
110940;ESPECIALIZACION EN GESTION DEL MANTENIMIENTO INDUSTRIAL;2023;1;52
111033;ESPECIALIZACION EN INGENIERIA DE SOFTWARE;2023;1;40
15600;TECNOLOGIA EN GESTION ADMINISTRATIVA;2023;1;794
107381;TECNOLOGIA EN GESTION DE REDES DE  TELECOMUNICACIONES;2023;1;121
17720;TECNOLOGIA EN INFORMATICA MUSICAL;2023;1;78
53340;INGENIERIA BIOMEDICA;2023;1;135
106188;INGENIERIA DE LA CALIDAD;2023;1;79
52272;INGENIERIA EN DISEÑO INDUSTRIAL;2023;1;89
90442;INGENIERIA MECATRONICA;2023;1;280
109927;INTERPRETACION Y TRADUCCION LENGUA DE SEÑAS COLOMBIANA - ESPAÑOL;2023;1;46
53892;MAESTRIA EN AUTOMATIZACION Y CONTROL INDUSTRIAL;2023;1;5
101804;MAESTRIA EN ESTUDIOS DE CIENCIA, TECNOLOGIA, SOCIEDAD E INNOVACION;2023;1;8
101977;MAESTRIA EN GESTION DE LA INNOVACION TECNOLOGICA, COOPERACION Y DESARROLLO REGIONAL;2023;1;2
106584;MAESTRIA EN GESTION DE ORGANIZACIONES;2023;1;4
53798;MAESTRIA EN GESTION ENERGETICA INDUSTRIAL;2023;1;5
104318;MAESTRIA EN INGENIERIA BIOMEDICA;2023;1;3
106505;MAESTRIA EN METROLOGIA;2023;1;4
103841;MAESTRIA EN SEGURIDAD INFORMATICA;2023;1;4
9466;TECNOLOGIA EN MANTENIMIENTO DE EQUIPO BIOMEDICO;2023;1;126
104332;QUIMICA INDUSTRIAL;2023;1;88
107534;TECNOLOGIA EN SISTEMAS DE PRODUCCION;2023;1;112
106810;TECNOLOGIA EN SISTEMAS ELECTROMECANICOS;2023;1;157
55072;ADMINISTRACION TECNOLOGICA;2024;1;245
4750;TECNOLOGIA EN ANALISIS DE COSTOS Y PRESUPUESTOS;2024;1;393
104682;ARTES DE LA GRABACION Y PRODUCCION MUSICAL;2024;1;45
90355;ARTES VISUALES;2024;1;38
107004;TECNOLOGIA EN AUTOMATIZACION ELECTRONICA;2024;1;131
107391;CIENCIAS AMBIENTALES;2024;1;69
106314;CINE;2024;1;52
4277;TECNOLOGIA EN CONSTRUCCION DE ACABADOS ARQUITECTONICOS;2024;1;73
105852;CONTADURIA PUBLICA;2024;1;121
108789;TECNOLOGIA EN CONTROL DE LA CALIDAD;2024;1;74
108639;TECNOLOGIA EN DESARROLLO DE APLICACIONES PARA DISPOSITIVOS MOVILES;2024;1;119
107535;TECNOLOGIA EN DESARROLLO DE SOFTWARE;2024;1;804
1518;TECNOLOGIA EN DISEÑO INDUSTRIAL;2024;1;44
108394;TECNOLOGIA EN DISEÑO Y PROGRAMACION DE SOLUCIONES DE SOFTWARE COMO SERVICIO;2024;1;175
110901;ESPECIALIZACION EN CIBERSEGURIDAD;2024;1;52
55018;ESPECIALIZACION EN FINANZAS;2024;1;40
55019;ESPECIALIZACION EN FORMULACION Y EVALUACION DE PROYECTOS;2024;1;56
107695;ESPECIALIZACION EN GESTION DE SISTEMAS ENERGETICOS INDUSTRIALES;2024;1;5
110940;ESPECIALIZACION EN GESTION DEL MANTENIMIENTO INDUSTRIAL;2024;1;40
111033;ESPECIALIZACION EN INGENIERIA DE SOFTWARE;2024;1;44
15600;TECNOLOGIA EN GESTION ADMINISTRATIVA;2024;1;602
111337;TECNOLOGIA EN GESTION COMERCIAL;2024;1;80
107381;TECNOLOGIA EN GESTION DE REDES DE  TELECOMUNICACIONES;2024;1;169
17720;TECNOLOGIA EN INFORMATICA MUSICAL;2024;1;47
53340;INGENIERIA BIOMEDICA;2024;1;189
106188;INGENIERIA DE LA CALIDAD;2024;1;82
52272;INGENIERIA EN DISEÑO INDUSTRIAL;2024;1;72
90442;INGENIERIA MECATRONICA;2024;1;283
109927;INTERPRETACION Y TRADUCCION LENGUA DE SEÑAS COLOMBIANA - ESPAÑOL;2024;1;49
104740;MAESTRIA EN ARTES DIGITALES;2024;1;6
53892;MAESTRIA EN AUTOMATIZACION Y CONTROL INDUSTRIAL;2024;1;3
104905;MAESTRIA EN CIENCIAS: INNOVACION EN EDUCACION;2024;1;4
101804;MAESTRIA EN ESTUDIOS DE CIENCIA, TECNOLOGIA, SOCIEDAD E INNOVACION;2024;1;3
101977;MAESTRIA EN GESTION DE LA INNOVACION TECNOLOGICA, COOPERACION Y DESARROLLO REGIONAL;2024;1;4
106584;MAESTRIA EN GESTION DE ORGANIZACIONES;2024;1;3
53798;MAESTRIA EN GESTION ENERGETICA INDUSTRIAL;2024;1;1
104318;MAESTRIA EN INGENIERIA BIOMEDICA;2024;1;5
106505;MAESTRIA EN METROLOGIA;2024;1;2
103841;MAESTRIA EN SEGURIDAD INFORMATICA;2024;1;9
9466;TECNOLOGIA EN MANTENIMIENTO DE EQUIPO BIOMEDICO;2024;1;96
104332;QUIMICA INDUSTRIAL;2024;1;69
107534;TECNOLOGIA EN SISTEMAS DE PRODUCCION;2024;1;77
106810;TECNOLOGIA EN SISTEMAS ELECTROMECANICOS;2024;1;168
2114;TECNOLOGIA EN ELECTROMECANICA;2014;2;218
6537;TECNOLOGIA EN TELECOMUNICACIONES;2014;2;209
9466;TECNOLOGIA EN MANTENIMIENTO DE EQUIPO BIOMEDICO;2014;2;72
11085;TECNOLOGIA EN ELECTRONICA;2014;2;99
15600;TECNOLOGIA EN GESTION ADMINISTRATIVA;2014;2;620
17720;TECNOLOGIA EN INFORMATICA MUSICAL;2014;2;77
52129;INGENIERIA ELECTRONICA;2014;2;50
52130;INGENIERIA ELECTROMECANICA;2014;2;78
52131;INGENIERIA DE PRODUCCION;2014;2;66
52204;INGENIERIA FINANCIERA Y DE NEGOCIOS;2014;2;118
52205;INGENIERIA DE SISTEMAS;2014;2;75
52272;INGENIERIA EN DISEÑO INDUSTRIAL;2014;2;50
52299;INGENIERIA DE TELECOMUNICACIONES;2014;2;51
53340;INGENIERIA BIOMEDICA;2014;2;220
53798;MAESTRIA EN GESTION ENERGETICA INDUSTRIAL;2014;2;9
53799;TECNOLOGIA EN CONSTRUCCION DE ACABADOS ARQUITECTONICOS;2014;2;112
53800;TECNOLOGIA EN CALIDAD;2014;2;110
53801;TECNOLOGIA EN SISTEMAS DE INFORMACION;2014;2;385
53802;TECNOLOGIA EN PRODUCCION;2014;2;273
53803;TECNOLOGIA EN ANALISIS DE COSTOS Y PRESUPUESTOS;2014;2;550
53806;TECNOLOGIA EN DISEÑO INDUSTRIAL;2014;2;181
53892;MAESTRIA EN AUTOMATIZACION Y CONTROL INDUSTRIAL;2014;2;7
55018;ESPECIALIZACION EN FINANZAS;2014;2;16
55019;ESPECIALIZACION EN FORMULACION Y EVALUACION DE PROYECTOS;2014;2;68
55072;ADMINISTRACION TECNOLOGICA;2014;2;197
90355;ARTES VISUALES;2014;2;64
90442;INGENIERIA MECATRONICA;2014;2;203
102977;MAESTRIA EN DESARROLLO SOSTENIBLE;2014;2;12
2114;TECNOLOGIA EN ELECTROMECANICA;2015;2;213
6537;TECNOLOGIA EN TELECOMUNICACIONES;2015;2;174
9466;TECNOLOGIA EN MANTENIMIENTO DE EQUIPO BIOMEDICO;2015;2;52
11085;TECNOLOGIA EN ELECTRONICA;2015;2;100
15600;TECNOLOGIA EN GESTION ADMINISTRATIVA;2015;2;733
17720;TECNOLOGIA EN INFORMATICA MUSICAL;2015;2;50
52129;INGENIERIA ELECTRONICA;2015;2;46
52130;INGENIERIA ELECTROMECANICA;2015;2;66
52131;INGENIERIA DE PRODUCCION;2015;2;98
52204;INGENIERIA FINANCIERA Y DE NEGOCIOS;2015;2;107
52205;INGENIERIA DE SISTEMAS;2015;2;77
52299;INGENIERIA DE TELECOMUNICACIONES;2015;2;63
53340;INGENIERIA BIOMEDICA;2015;2;251
53798;MAESTRIA EN GESTION ENERGETICA INDUSTRIAL;2015;2;7
53799;TECNOLOGIA EN CONSTRUCCION DE ACABADOS ARQUITECTONICOS;2015;2;69
53800;TECNOLOGIA EN CALIDAD;2015;2;148
53801;TECNOLOGIA EN SISTEMAS DE INFORMACION;2015;2;425
53802;TECNOLOGIA EN PRODUCCION;2015;2;230
53803;TECNOLOGIA EN ANALISIS DE COSTOS Y PRESUPUESTOS;2015;2;562
53806;TECNOLOGIA EN DISEÑO INDUSTRIAL;2015;2;85
53892;MAESTRIA EN AUTOMATIZACION Y CONTROL INDUSTRIAL;2015;2;7
55018;ESPECIALIZACION EN FINANZAS;2015;2;30
55019;ESPECIALIZACION EN FORMULACION Y EVALUACION DE PROYECTOS;2015;2;62
55072;ADMINISTRACION TECNOLOGICA;2015;2;185
90355;ARTES VISUALES;2015;2;43
90442;INGENIERIA MECATRONICA;2015;2;231
101804;MAESTRIA EN ESTUDIOS DE CIENCIA, TECNOLOGIA, SOCIEDAD E INNOVACION;2015;2;6
102977;MAESTRIA EN DESARROLLO SOSTENIBLE;2015;2;10
103841;MAESTRIA EN SEGURIDAD INFORMATICA;2015;2;18
103928;INGENIERIA EN DISEÑO INDUSTRIAL;2015;2;125
104318;MAESTRIA EN INGENIERIA BIOMEDICA;2015;2;9
104332;QUIMICA INDUSTRIAL;2015;2;24
104905;MAESTRIA EN CIENCIAS: INNOVACION EN EDUCACION;2015;2;16
2114;TECNOLOGIA EN ELECTROMECANICA;2016;2;184
6537;TECNOLOGIA EN TELECOMUNICACIONES;2016;2;143
9466;TECNOLOGIA EN MANTENIMIENTO DE EQUIPO BIOMEDICO;2016;2;56
11085;TECNOLOGIA EN ELECTRONICA;2016;2;70
15600;TECNOLOGIA EN GESTION ADMINISTRATIVA;2016;2;661
17720;TECNOLOGIA EN INFORMATICA MUSICAL;2016;2;57
52129;INGENIERIA ELECTRÓNICA;2016;2;24
52130;INGENIERIA ELECTROMECÁNICA;2016;2;29
52131;INGENIERIA DE PRODUCCIÓN;2016;2;84
52204;INGENIERIA FINANCIERA Y DE NEGOCIOS;2016;2;117
52205;INGENIERIA DE SISTEMAS;2016;2;55
52299;INGENIERÍA DE TELECOMUNICACIONES;2016;2;35
53340;INGENIERÍA BIOMÉDICA;2016;2;198
53798;MAESTRÍA EN GESTIÓN ENERGÉTICA INDUSTRIAL;2016;2;5
53799;TECNOLOGIA EN CONSTRUCCION DE ACABADOS ARQUITECTONICOS;2016;2;82
53800;TECNOLOGIA EN CALIDAD;2016;2;90
53801;TECNOLOGIA EN SISTEMAS DE INFORMACION;2016;2;399
53802;TECNOLOGIA EN PRODUCCIÓN;2016;2;234
53803;TECNOLOGIA EN ANALISIS DE COSTOS Y PRESUPUESTOS;2016;2;445
53806;TECNOLOGÍA EN DISEÑO INDUSTRIAL;2016;2;78
53892;MAESTRÍA EN AUTOMATIZACIÓN Y CONTROL INDUSTRIAL;2016;2;5
55018;ESPECIALIZACIÓN EN FINANZAS;2016;2;19
55019;ESPECIALIZACIÓN EN FORMULACIÓN Y EVALUACIÓN DE PROYECTOS;2016;2;68
55072;ADMINISTRACIÓN TECNÓLOGICA;2016;2;222
90355;ARTES VISUALES;2016;2;60
90442;INGENIERÍA MECATRÓNICA;2016;2;193
101977;MAESTRÍA EN GESTIÓN DE LA INNOVACIÓN TECNOLÓGICA, COOPERACIÓN Y DESARROLLO REGIONAL;2016;2;11
102977;MAESTRÍA EN DESARROLLO SOSTENIBLE;2016;2;8
103841;MAESTRIA EN SEGURIDAD INFORMÁTICA;2016;2;10
103928;INGENIERÍA EN DISEÑO INDUSTRIAL;2016;2;155
104318;MAESTRÍA EN INGENIERÍA BIOMÉDICA;2016;2;9
104332;QUÍMICA INDUSTRIAL;2016;2;43
104682;ARTES DE LA GRABACION Y PRODUCCION MUSICAL;2016;2;38
104740;MAESTRÍA EN ARTES DIGITALES;2016;2;9
104905;MAESTRÍA EN CIENCIAS: INNOVACION EN EDUCACIÓN;2016;2;83
2114;TECNOLOGIA EN ELECTROMECANICA;2017;2;187
6537;TECNOLOGIA EN TELECOMUNICACIONES;2017;2;150
9466;TECNOLOGIA EN MANTENIMIENTO DE EQUIPO BIOMEDICO;2017;2;85
11085;TECNOLOGIA EN ELECTRONICA;2017;2;101
15600;TECNOLOGIA EN GESTION ADMINISTRATIVA;2017;2;740
17720;TECNOLOGIA EN INFORMATICA MUSICAL;2017;2;65
52129;INGENIERIA ELECTR¿NICA;2017;2;33
52130;INGENIERIA ELECTROMEC¿NICA;2017;2;64
52131;INGENIERIA DE PRODUCCIÓN;2017;2;82
52204;INGENIERIA FINANCIERA Y DE NEGOCIOS;2017;2;148
52205;INGENIERIA DE SISTEMAS;2017;2;85
52299;INGENIER¿A DE TELECOMUNICACIONES;2017;2;42
53340;INGENIERÍA BIOMÉDICA;2017;2;213
53798;MAESTRÍA EN GESTIÓN ENERGÉTICA INDUSTRIAL;2017;2;8
53799;TECNOLOGIA EN CONSTRUCCION DE ACABADOS ARQUITECTONICOS;2017;2;93
53800;TECNOLOGIA EN CALIDAD;2017;2;98
53801;TECNOLOGIA EN SISTEMAS DE INFORMACION;2017;2;455
53802;TECNOLOGIA EN PRODUCCIÓN;2017;2;212
53803;TECNOLOGIA EN ANALISIS DE COSTOS Y PRESUPUESTOS;2017;2;462
53806;TECNOLOG¿A EN DISE¿O INDUSTRIAL;2017;2;82
53892;MAESTRÍA EN AUTOMATIZACIÓN Y CONTROL INDUSTRIAL;2017;2;6
55018;ESPECIALIZACIÓN EN FINANZAS;2017;2;28
55019;ESPECIALIZACIÓN EN FORMULACIÓN Y EVALUACIÓN DE PROYECTOS;2017;2;85
55072;ADMINISTRACIÓN TECNÓLOGICA;2017;2;205
90355;ARTES VISUALES;2017;2;62
90442;INGENIERÍA MECATRÓNICA;2017;2;191
101977;MAESTRÍA EN GESTIÓN DE LA INNOVACIÓN TECNOLÓGICA, COOPERACIÓN Y DESARROLLO REGIONAL;2017;2;9
102977;MAESTRÍA EN DESARROLLO SOSTENIBLE;2017;2;21
103841;MAESTRIA EN SEGURIDAD INFORMÁTICA;2017;2;9
103928;INGENIERÍA EN DISEÑO INDUSTRIAL;2017;2;144
104318;MAESTRÍA EN INGENIERÍA BIOMÉDICA;2017;2;6
104332;QUÍMICA INDUSTRIAL;2017;2;56
104682;ARTES DE LA GRABACION Y PRODUCCION MUSICAL;2017;2;65
104740;MAESTRÍA EN ARTES DIGITALES;2017;2;7
104905;MAESTRÍA EN CIENCIAS: INNOVACION EN EDUCACIÓN;2017;2;12
105852;CONTADURÍA PÚBLICA;2017;2;153
106188;INGENIER¿A DE LA CALIDAD;2017;2;62
106314;CINE;2017;2;48
9466;TECNOLOGIA EN MANTENIMIENTO DE EQUIPO BIOMEDICO;2018;2;210
15600;TECNOLOGIA EN GESTION ADMINISTRATIVA;2018;2;793
17720;TECNOLOGIA EN INFORMATICA MUSICAL;2018;2;97
52129;INGENIERIA ELECTR¿NICA;2018;2;35
52130;INGENIERIA ELECTROMEC¿NICA;2018;2;38
52131;INGENIERIA DE PRODUCCI¿N;2018;2;63
52204;INGENIERIA FINANCIERA Y DE NEGOCIOS;2018;2;148
52205;INGENIERIA DE SISTEMAS;2018;2;85
52299;INGENIER¿A DE TELECOMUNICACIONES;2018;2;40
53340;INGENIERÍA BIOMÉDICA;2018;2;170
53798;MAESTRÍA EN GESTIÓN ENERGÉTICA INDUSTRIAL;2018;2;2
53799;TECNOLOGIA EN CONSTRUCCION DE ACABADOS ARQUITECTONICOS;2018;2;112
53800;TECNOLOGIA EN CALIDAD;2018;2;228
53801;TECNOLOGIA EN SISTEMAS DE INFORMACION;2018;2;7
53802;TECNOLOGIA EN PRODUCCIÓN;2018;2;240
53803;TECNOLOGIA EN ANALISIS DE COSTOS Y PRESUPUESTOS;2018;2;536
53806;TECNOLOGÍA EN DISEÑO INDUSTRIAL;2018;2;96
53892;MAESTRÍA EN AUTOMATIZACIÓN Y CONTROL INDUSTRIAL;2018;2;5
55018;ESPECIALIZACIÓN EN FINANZAS;2018;2;20
55019;ESPECIALIZACIÓN EN FORMULACIÓN Y EVALUACIÓN DE PROYECTOS;2018;2;56
55072;ADMINISTRACI¿N TECN¿LOGICA;2018;2;193
90355;ARTES VISUALES;2018;2;43
90442;INGENIERÍA MECATRÓNICA;2018;2;221
101804;MAESTR¿A EN ESTUDIOS DE CIENCIA, TECNOLOG¿A, SOCIEDAD E INNOVACI¿N;2018;2;4
101977;MAESTRÍA EN GESTIÓN DE LA INNOVACIÓN TECNOLÓGICA, COOPERACIÓN Y DESARROLLO REGIONAL;2018;2;12
102977;MAESTRÍA EN DESARROLLO SOSTENIBLE;2018;2;17
103841;MAESTRIA EN SEGURIDAD INFORMÁTICA;2018;2;7
103928;INGENIERÍA EN DISEÑO INDUSTRIAL;2018;2;94
104318;MAESTRÍA EN INGENIERÍA BIOMÉDICA;2018;2;6
104332;QUÍMICA INDUSTRIAL;2018;2;62
104682;ARTES DE LA GRABACION Y PRODUCCION MUSICAL;2018;2;76
104905;MAESTRÍA EN CIENCIAS: INNOVACION EN EDUCACIÓN;2018;2;8
105852;CONTADURÍA PÚBLICA;2018;2;180
106188;INGENIERÍA DE LA CALIDAD;2018;2;93
106314;CINE;2018;2;70
106505;MAESTRÍA EN METROLOGÍA;2018;2;7
106584;MAESTRÍA EN GESTIÓN DE ORGANIZACIONES;2018;2;11
106810;TECNOLOGIA EN SISTEMAS ELECTROMECANICOS;2018;2;119
107004;TECNOLOGIA EN AUTOMATIZACI¿N ELECTRONICA;2018;2;172
9466;TECNOLOGIA EN MANTENIMIENTO DE EQUIPO BIOMEDICO;2019;2;114
15600;TECNOLOGIA EN GESTION ADMINISTRATIVA;2019;2;534
17720;TECNOLOGIA EN INFORMATICA MUSICAL;2019;2;78
52129;INGENIERIA ELECTRÓNICA;2019;2;25
52130;INGENIERIA ELECTROMECÁNICA;2019;2;47
52131;INGENIERIA DE PRODUCCIÓN;2019;2;94
52205;INGENIERIA DE SISTEMAS;2019;2;69
52299;INGENIERÍA DE TELECOMUNICACIONES;2019;2;32
53340;INGENIERÍA BIOMÉDICA;2019;2;132
53798;MAESTRÍA EN GESTIÓN ENERGÉTICA INDUSTRIAL;2019;2;2
53799;TECNOLOGIA EN CONSTRUCCION DE ACABADOS ARQUITECTONICOS;2019;2;125
53800;TECNOLOGIA EN CALIDAD;2019;2;162
53803;TECNOLOGIA EN ANALISIS DE COSTOS Y PRESUPUESTOS;2019;2;362
53806;TECNOLOGÍA EN DISEÑO INDUSTRIAL;2019;2;131
53892;MAESTRÍA EN AUTOMATIZACIÓN Y CONTROL INDUSTRIAL;2019;2;6
55018;ESPECIALIZACIÓN EN FINANZAS;2019;2;30
55019;ESPECIALIZACIÓN EN FORMULACIÓN Y EVALUACIÓN DE PROYECTOS;2019;2;66
55072;ADMINISTRACIÓN TECNÓLOGICA;2019;2;164
90355;ARTES VISUALES;2019;2;40
90442;INGENIERÍA MECATRÓNICA;2019;2;137
101804;MAESTRÍA EN ESTUDIOS DE CIENCIA, TECNOLOGÍA, SOCIEDAD E INNOVACIÓN;2019;2;7
102977;MAESTRÍA EN DESARROLLO SOSTENIBLE;2019;2;7
103841;MAESTRIA EN SEGURIDAD INFORMÁTICA;2019;2;6
103928;INGENIERÍA EN DISEÑO INDUSTRIAL;2019;2;85
104332;QUÍMICA INDUSTRIAL;2019;2;45
104682;ARTES DE LA GRABACION Y PRODUCCION MUSICAL;2019;2;55
104740;MAESTRÍA EN ARTES DIGITALES;2019;2;8
105852;CONTADURÍA PÚBLICA;2019;2;249
106188;INGENIERÍA DE LA CALIDAD;2019;2;77
106314;CINE;2019;2;53
106584;MAESTRÍA EN GESTIÓN DE ORGANIZACIONES;2019;2;15
106810;TECNOLOGIA EN SISTEMAS ELECTROMECANICOS;2019;2;129
106973;DOCTORADO EN INGENIERÍA;2019;2;3
107004;TECNOLOGIA EN AUTOMATIZACIÓN ELECTRONICA;2019;2;56
107381;TECNOLOGÍA EN GESTIÓN DE REDES DE  TELECOMUNICACIONES;2019;2;120
107390;INGENIERIA FINANCIERA;2019;2;125
107391;CIENCIAS AMBIENTALES;2019;2;48
107534;TECNOLOGIA EN SISTEMAS DE PRODUCCIÓN;2019;2;122
107535;TECNOLOGIA EN DESARROLLO DE SOFTWARE;2019;2;351
107695;ESPECIALIZACIÓN EN GESTIÓN DE SISTEMAS ENERGÉTICOS INDUSTRIALES;2019;2;9
107696;TECNOLOGÍA EN GESTIÓN ADMINISTRATIVA;2019;2;100
9466;TECNOLOGIA EN MANTENIMIENTO DE EQUIPO BIOMEDICO;2020;2;170
15600;TECNOLOGIA EN GESTION ADMINISTRATIVA;2020;2;677
17720;TECNOLOGIA EN INFORMATICA MUSICAL;2020;2;106
52129;INGENIERIA ELECTRÓNICA;2020;2;24
52130;INGENIERIA ELECTROMECÁNICA;2020;2;34
52131;INGENIERIA DE PRODUCCIÓN;2020;2;70
52205;INGENIERIA DE SISTEMAS;2020;2;79
52299;INGENIERÍA DE TELECOMUNICACIONES;2020;2;32
53340;INGENIERÍA BIOMÉDICA;2020;2;143
53798;MAESTRÍA EN GESTIÓN ENERGÉTICA INDUSTRIAL;2020;2;6
53799;TECNOLOGIA EN CONSTRUCCION DE ACABADOS ARQUITECTONICOS;2020;2;143
53803;TECNOLOGIA EN ANALISIS DE COSTOS Y PRESUPUESTOS;2020;2;310
53806;TECNOLOGÍA EN DISEÑO INDUSTRIAL;2020;2;104
53892;MAESTRÍA EN AUTOMATIZACIÓN Y CONTROL INDUSTRIAL;2020;2;8
55018;ESPECIALIZACIÓN EN FINANZAS;2020;2;18
55019;ESPECIALIZACIÓN EN FORMULACIÓN Y EVALUACIÓN DE PROYECTOS;2020;2;52
55072;ADMINISTRACIÓN TECNÓLOGICA;2020;2;148
90355;ARTES VISUALES;2020;2;34
90442;INGENIERÍA MECATRÓNICA;2020;2;121
101977;MAESTRÍA EN GESTIÓN DE LA INNOVACIÓN TECNOLÓGICA, COOPERACIÓN Y DESARROLLO REGIONAL;2020;2;10
102977;MAESTRÍA EN DESARROLLO SOSTENIBLE;2020;2;11
103841;MAESTRIA EN SEGURIDAD INFORMÁTICA;2020;2;6
103928;INGENIERÍA EN DISEÑO INDUSTRIAL;2020;2;92
104318;MAESTRÍA EN INGENIERÍA BIOMÉDICA;2020;2;6
104332;QUÍMICA INDUSTRIAL;2020;2;51
104682;ARTES DE LA GRABACION Y PRODUCCION MUSICAL;2020;2;65
104740;MAESTRÍA EN ARTES DIGITALES;2020;2;8
104905;MAESTRÍA EN CIENCIAS: INNOVACION EN EDUCACIÓN;2020;2;18
105852;CONTADURÍA PÚBLICA;2020;2;226
106188;INGENIERÍA DE LA CALIDAD;2020;2;61
106314;CINE;2020;2;63
106584;MAESTRÍA EN GESTIÓN DE ORGANIZACIONES;2020;2;4
106810;TECNOLOGIA EN SISTEMAS ELECTROMECANICOS;2020;2;147
106973;DOCTORADO EN INGENIERÍA;2020;2;1
107004;TECNOLOGIA EN AUTOMATIZACIÓN ELECTRONICA;2020;2;89
107381;TECNOLOGÍA EN GESTIÓN DE REDES DE  TELECOMUNICACIONES;2020;2;188
107390;INGENIERIA FINANCIERA;2020;2;181
107391;CIENCIAS AMBIENTALES;2020;2;63
107423;MAESTRÍA EN ESTUDIOS DE CIENCIA, TECNOLOGÍA, SOCIEDAD E INNOVACIÓN;2020;2;6
107534;TECNOLOGIA EN SISTEMAS DE PRODUCCIÓN;2020;2;144
107535;TECNOLOGIA EN DESARROLLO DE SOFTWARE;2020;2;523
107695;ESPECIALIZACIÓN EN GESTIÓN DE SISTEMAS ENERGÉTICOS INDUSTRIALES;2020;2;6
107696;TECNOLOGÍA EN GESTIÓN ADMINISTRATIVA;2020;2;161
107943;TECNOLOGÍA EN ANÁLISIS DE COSTOS Y PRESUPUESTOS;2020;2;110
108394;TECNOLOGÍA EN DISEÑO Y PROGRAMACIÓN DE SOLUCIONES DE SOFTWARE COMO SERVICIO;2020;2;18
108639;TECNOLOGÍA EN DESARROLLO DE APLICACIONES PARA DISPOSITIVOS MÓVILES;2020;2;21
108789;TECNOLOGIA EN CONTROL DE LA CALIDAD;2020;2;202
9466;TECNOLOGIA EN MANTENIMIENTO DE EQUIPO BIOMEDICO;2021;2;130
15600;TECNOLOGIA EN GESTION ADMINISTRATIVA;2021;2;451
17720;TECNOLOGIA EN INFORMATICA MUSICAL;2021;2;42
52129;INGENIERIA ELECTRÓNICA;2021;2;17
52130;INGENIERIA ELECTROMECÁNICA;2021;2;47
52131;INGENIERIA DE PRODUCCIÓN;2021;2;69
52205;INGENIERIA DE SISTEMAS;2021;2;100
52299;INGENIERÍA DE TELECOMUNICACIONES;2021;2;18
53340;INGENIERÍA BIOMÉDICA;2021;2;89
53798;MAESTRÍA EN GESTIÓN ENERGÉTICA INDUSTRIAL;2021;2;1
53799;TECNOLOGIA EN CONSTRUCCION DE ACABADOS ARQUITECTONICOS;2021;2;127
53803;TECNOLOGIA EN ANALISIS DE COSTOS Y PRESUPUESTOS;2021;2;341
53806;TECNOLOGÍA EN DISEÑO INDUSTRIAL;2021;2;37
53892;MAESTRÍA EN AUTOMATIZACIÓN Y CONTROL INDUSTRIAL;2021;2;4
55018;ESPECIALIZACIÓN EN FINANZAS;2021;2;23
55019;ESPECIALIZACIÓN EN FORMULACIÓN Y EVALUACIÓN DE PROYECTOS;2021;2;67
55072;ADMINISTRACIÓN TECNÓLOGICA;2021;2;271
90355;ARTES VISUALES;2021;2;41
90442;INGENIERÍA MECATRÓNICA;2021;2;204
101977;MAESTRÍA EN GESTIÓN DE LA INNOVACIÓN TECNOLÓGICA, COOPERACIÓN Y DESARROLLO REGIONAL;2021;2;4
102977;MAESTRÍA EN DESARROLLO SOSTENIBLE;2021;2;7
103841;MAESTRIA EN SEGURIDAD INFORMÁTICA;2021;2;11
103928;INGENIERÍA EN DISEÑO INDUSTRIAL;2021;2;61
104318;MAESTRÍA EN INGENIERÍA BIOMÉDICA;2021;2;4
104332;QUÍMICA INDUSTRIAL;2021;2;65
104682;ARTES DE LA GRABACION Y PRODUCCION MUSICAL;2021;2;39
104740;MAESTRÍA EN ARTES DIGITALES;2021;2;5
104905;MAESTRÍA EN CIENCIAS: INNOVACION EN EDUCACIÓN;2021;2;10
105852;CONTADURÍA PÚBLICA;2021;2;191
106188;INGENIERÍA DE LA CALIDAD;2021;2;93
106314;CINE;2021;2;32
106505;MAESTRÍA EN METROLOGÍA;2021;2;2
106584;MAESTRÍA EN GESTIÓN DE ORGANIZACIONES;2021;2;11
106810;TECNOLOGIA EN SISTEMAS ELECTROMECANICOS;2021;2;157
106973;DOCTORADO EN INGENIERÍA;2021;2;3
107004;TECNOLOGIA EN AUTOMATIZACIÓN ELECTRONICA;2021;2;90
107381;TECNOLOGÍA EN GESTIÓN DE REDES DE  TELECOMUNICACIONES;2021;2;143
107390;INGENIERIA FINANCIERA;2021;2;127
107391;CIENCIAS AMBIENTALES;2021;2;75
107423;MAESTRÍA EN ESTUDIOS DE CIENCIA, TECNOLOGÍA, SOCIEDAD E INNOVACIÓN;2021;2;10
107534;TECNOLOGIA EN SISTEMAS DE PRODUCCIÓN;2021;2;109
107535;TECNOLOGIA EN DESARROLLO DE SOFTWARE;2021;2;491
107695;ESPECIALIZACIÓN EN GESTIÓN DE SISTEMAS ENERGÉTICOS INDUSTRIALES;2021;2;10
107696;TECNOLOGÍA EN GESTIÓN ADMINISTRATIVA;2021;2;97
107943;TECNOLOGÍA EN ANÁLISIS DE COSTOS Y PRESUPUESTOS;2021;2;97
108394;TECNOLOGÍA EN DISEÑO Y PROGRAMACIÓN DE SOLUCIONES DE SOFTWARE COMO SERVICIO;2021;2;105
108639;TECNOLOGÍA EN DESARROLLO DE APLICACIONES PARA DISPOSITIVOS MÓVILES;2021;2;63
108789;TECNOLOGIA EN CONTROL DE LA CALIDAD;2021;2;85
109927;INTERPRETACIÓN Y TRADUCCIÓN LENGUA DE SEÑAS COLOMBIANA - ESPAÑOL;2021;2;25
9466;TECNOLOGIA EN MANTENIMIENTO DE EQUIPO BIOMEDICO;2022;2;57
15600;TECNOLOGIA EN GESTION ADMINISTRATIVA;2022;2;423
17720;TECNOLOGIA EN INFORMATICA MUSICAL;2022;2;53
52129;INGENIERIA ELECTRÓNICA;2022;2;28
52130;INGENIERIA ELECTROMECÁNICA;2022;2;27
52131;INGENIERIA DE PRODUCCIÓN;2022;2;47
52205;INGENIERIA DE SISTEMAS;2022;2;56
52299;INGENIERÍA DE TELECOMUNICACIONES;2022;2;18
53340;INGENIERÍA BIOMÉDICA;2022;2;127
53799;TECNOLOGIA EN CONSTRUCCION DE ACABADOS ARQUITECTONICOS;2022;2;69
53803;TECNOLOGIA EN ANALISIS DE COSTOS Y PRESUPUESTOS;2022;2;359
53806;TECNOLOGÍA EN DISEÑO INDUSTRIAL;2022;2;71
53892;MAESTRÍA EN AUTOMATIZACIÓN Y CONTROL INDUSTRIAL;2022;2;6
55018;ESPECIALIZACIÓN EN FINANZAS;2022;2;25
55019;ESPECIALIZACIÓN EN FORMULACIÓN Y EVALUACIÓN DE PROYECTOS;2022;2;70
55072;ADMINISTRACIÓN TECNÓLOGICA;2022;2;293
90355;ARTES VISUALES;2022;2;35
90442;INGENIERÍA MECATRÓNICA;2022;2;209
101977;MAESTRÍA EN GESTIÓN DE LA INNOVACIÓN TECNOLÓGICA, COOPERACIÓN Y DESARROLLO REGIONAL;2022;2;7
102977;MAESTRÍA EN DESARROLLO SOSTENIBLE;2022;2;4
103841;MAESTRIA EN SEGURIDAD INFORMÁTICA;2022;2;8
103928;INGENIERÍA EN DISEÑO INDUSTRIAL;2022;2;87
104318;MAESTRÍA EN INGENIERÍA BIOMÉDICA;2022;2;2
104332;QUÍMICA INDUSTRIAL;2022;2;74
104682;ARTES DE LA GRABACION Y PRODUCCION MUSICAL;2022;2;58
104905;MAESTRÍA EN CIENCIAS: INNOVACION EN EDUCACIÓN;2022;2;2
105852;CONTADURÍA PÚBLICA;2022;2;277
106188;INGENIERÍA DE LA CALIDAD;2022;2;100
106314;CINE;2022;2;54
106505;MAESTRÍA EN METROLOGÍA;2022;2;3
106584;MAESTRÍA EN GESTIÓN DE ORGANIZACIONES;2022;2;4
106810;TECNOLOGIA EN SISTEMAS ELECTROMECANICOS;2022;2;138
107004;TECNOLOGIA EN AUTOMATIZACIÓN ELECTRONICA;2022;2;111
107381;TECNOLOGÍA EN GESTIÓN DE REDES DE  TELECOMUNICACIONES;2022;2;148
107390;INGENIERIA FINANCIERA;2022;2;98
107391;CIENCIAS AMBIENTALES;2022;2;85
107423;MAESTRÍA EN ESTUDIOS DE CIENCIA, TECNOLOGÍA, SOCIEDAD E INNOVACIÓN;2022;2;8
107534;TECNOLOGIA EN SISTEMAS DE PRODUCCIÓN;2022;2;100
107535;TECNOLOGIA EN DESARROLLO DE SOFTWARE;2022;2;576
107695;ESPECIALIZACIÓN EN GESTIÓN DE SISTEMAS ENERGÉTICOS INDUSTRIALES;2022;2;4
107696;TECNOLOGÍA EN GESTIÓN ADMINISTRATIVA;2022;2;265
107943;TECNOLOGÍA EN ANÁLISIS DE COSTOS Y PRESUPUESTOS;2022;2;137
108394;TECNOLOGÍA EN DISEÑO Y PROGRAMACIÓN DE SOLUCIONES DE SOFTWARE COMO SERVICIO;2022;2;87
108639;TECNOLOGÍA EN DESARROLLO DE APLICACIONES PARA DISPOSITIVOS MÓVILES;2022;2;42
108789;TECNOLOGIA EN CONTROL DE LA CALIDAD;2022;2;86
109927;INTERPRETACIÓN Y TRADUCCIÓN LENGUA DE SEÑAS COLOMBIANA - ESPAÑOL;2022;2;26
110901;ESPECIALIZACIÓN EN CIBERSEGURIDAD;2022;2;32
110902;ESPECIALIZACIÓN EN INGENIERÍA DE SOFTWARE;2022;2;19
110940;ESPECIALIZACIÓN EN GESTIÓN DEL MANTENIMIENTO INDUSTRIAL;2022;2;27
55072;ADMINISTRACION TECNOLOGICA;2023;2;130
4750;TECNOLOGIA EN ANALISIS DE COSTOS Y PRESUPUESTOS;2023;2;309
104682;ARTES DE LA GRABACION Y PRODUCCION MUSICAL;2023;2;51
90355;ARTES VISUALES;2023;2;55
107004;TECNOLOGIA EN AUTOMATIZACION ELECTRONICA;2023;2;90
107391;CIENCIAS AMBIENTALES;2023;2;58
106314;CINE;2023;2;49
4277;TECNOLOGIA EN CONSTRUCCION DE ACABADOS ARQUITECTONICOS;2023;2;57
105852;CONTADURIA PUBLICA;2023;2;119
108789;TECNOLOGIA EN CONTROL DE LA CALIDAD;2023;2;54
108639;TECNOLOGIA EN DESARROLLO DE APLICACIONES PARA DISPOSITIVOS MOVILES;2023;2;76
107535;TECNOLOGIA EN DESARROLLO DE SOFTWARE;2023;2;522
1518;TECNOLOGIA EN DISEÑO INDUSTRIAL;2023;2;31
108394;TECNOLOGIA EN DISEÑO Y PROGRAMACION DE SOLUCIONES DE SOFTWARE COMO SERVICIO;2023;2;138
106973;DOCTORADO EN INGENIERIA;2023;2;2
110901;ESPECIALIZACION EN CIBERSEGURIDAD;2023;2;34
55018;ESPECIALIZACION EN FINANZAS;2023;2;32
55019;ESPECIALIZACION EN FORMULACION Y EVALUACION DE PROYECTOS;2023;2;55
107695;ESPECIALIZACION EN GESTION DE SISTEMAS ENERGETICOS INDUSTRIALES;2023;2;4
110940;ESPECIALIZACION EN GESTION DEL MANTENIMIENTO INDUSTRIAL;2023;2;41
111033;ESPECIALIZACION EN INGENIERIA DE SOFTWARE;2023;2;26
15600;TECNOLOGIA EN GESTION ADMINISTRATIVA;2023;2;569
111337;TECNOLOGIA EN GESTION COMERCIAL;2023;2;9
107381;TECNOLOGIA EN GESTION DE REDES DE  TELECOMUNICACIONES;2023;2;115
17720;TECNOLOGIA EN INFORMATICA MUSICAL;2023;2;54
53340;INGENIERIA BIOMEDICA;2023;2;162
106188;INGENIERIA DE LA CALIDAD;2023;2;50
52272;INGENIERIA EN DISEÑO INDUSTRIAL;2023;2;70
90442;INGENIERIA MECATRONICA;2023;2;210
109927;INTERPRETACION Y TRADUCCION LENGUA DE SEÑAS COLOMBIANA - ESPAÑOL;2023;2;46
104740;MAESTRIA EN ARTES DIGITALES;2023;2;4
53892;MAESTRIA EN AUTOMATIZACION Y CONTROL INDUSTRIAL;2023;2;10
101804;MAESTRIA EN ESTUDIOS DE CIENCIA, TECNOLOGIA, SOCIEDAD E INNOVACION;2023;2;15
102977;MAESTRIA EN DESARROLLO SOSTENIBLE;2023;2;11
101977;MAESTRIA EN GESTION DE LA INNOVACION TECNOLOGICA, COOPERACION Y DESARROLLO REGIONAL;2023;2;4
106584;MAESTRIA EN GESTION DE ORGANIZACIONES;2023;2;5
53798;MAESTRIA EN GESTION ENERGETICA INDUSTRIAL;2023;2;3
104318;MAESTRIA EN INGENIERIA BIOMEDICA;2023;2;5
106505;MAESTRIA EN METROLOGIA;2023;2;4
103841;MAESTRIA EN SEGURIDAD INFORMATICA;2023;2;8
9466;TECNOLOGIA EN MANTENIMIENTO DE EQUIPO BIOMEDICO;2023;2;39
104332;QUIMICA INDUSTRIAL;2023;2;41
107534;TECNOLOGIA EN SISTEMAS DE PRODUCCION;2023;2;59
106810;TECNOLOGIA EN SISTEMAS ELECTROMECANICOS;2023;2;87
